{
    "early_(0)": {
        "mean": {
            "Acc": 0.8585740626920713,
            "Macro-F1": 0.672200856444757,
            "AUC": 0.9130376141030693
        },
        "std": {
            "Acc": 0.006890280370324318,
            "Macro-F1": 0.00465096572714987,
            "AUC": 0.0010731677394405393
        }
    },
    "early_(0.1)": {
        "mean": {
            "Acc": 0.8582667486170866,
            "Macro-F1": 0.6719963039306861,
            "AUC": 0.9132905448445894
        },
        "std": {
            "Acc": 0.007119479585259098,
            "Macro-F1": 0.0051343369612618225,
            "AUC": 0.001080805195561104
        }
    },
    "early_(0.2)": {
        "mean": {
            "Acc": 0.858819913952059,
            "Macro-F1": 0.6728100166154064,
            "AUC": 0.9135531318089999
        },
        "std": {
            "Acc": 0.00787887603731466,
            "Macro-F1": 0.005884974633977673,
            "AUC": 0.0010716833996116558
        }
    },
    "early_(0.3)": {
        "mean": {
            "Acc": 0.8587584511370621,
            "Macro-F1": 0.6724723311169682,
            "AUC": 0.9138278669247889
        },
        "std": {
            "Acc": 0.008094678402896856,
            "Macro-F1": 0.006642306126671753,
            "AUC": 0.0010894082016661769
        }
    },
    "early_(0.4)": {
        "mean": {
            "Acc": 0.8586355255070682,
            "Macro-F1": 0.6722103443787808,
            "AUC": 0.9140888964338946
        },
        "std": {
            "Acc": 0.00839648192520854,
            "Macro-F1": 0.00726316601398359,
            "AUC": 0.001082908876557885
        }
    },
    "early_(0.5)": {
        "mean": {
            "Acc": 0.8580823601720958,
            "Macro-F1": 0.6719770640325109,
            "AUC": 0.9143113010514381
        },
        "std": {
            "Acc": 0.008391981599586965,
            "Macro-F1": 0.0071281493667355875,
            "AUC": 0.0010553398052639698
        }
    },
    "early_(0.6)": {
        "mean": {
            "Acc": 0.8578979717271051,
            "Macro-F1": 0.6719021499894491,
            "AUC": 0.914312235524621
        },
        "std": {
            "Acc": 0.008236361210696982,
            "Macro-F1": 0.007166439976643678,
            "AUC": 0.0010551971755536878
        }
    },
    "early_(0.7)": {
        "mean": {
            "Acc": 0.8575291948371235,
            "Macro-F1": 0.6713461106031153,
            "AUC": 0.9142290674113379
        },
        "std": {
            "Acc": 0.008518200691886576,
            "Macro-F1": 0.007763317410246867,
            "AUC": 0.0010913575084828913
        }
    },
    "early_(0.8)": {
        "mean": {
            "Acc": 0.8577135832821143,
            "Macro-F1": 0.6717081642852859,
            "AUC": 0.9141353086019813
        },
        "std": {
            "Acc": 0.00836831518389065,
            "Macro-F1": 0.007949819155465918,
            "AUC": 0.0011040257873732794
        }
    },
    "early_(0.9)": {
        "mean": {
            "Acc": 0.8575906576521205,
            "Macro-F1": 0.6718191937551083,
            "AUC": 0.9139864158748304
        },
        "std": {
            "Acc": 0.008085923295165415,
            "Macro-F1": 0.006966784298943908,
            "AUC": 0.0010644429392440728
        }
    },
    "early_(1)": {
        "mean": {
            "Acc": 0.8575906576521205,
            "Macro-F1": 0.6715562765216222,
            "AUC": 0.9138599505040704
        },
        "std": {
            "Acc": 0.00839816892557885,
            "Macro-F1": 0.007507254920401044,
            "AUC": 0.001072109403297404
        }
    }
}