{
    "early_(0)": {
        "mean": {
            "Acc": 0.8338045482483099,
            "Macro-F1": 0.6475247901492031,
            "AUC": 0.9050288674340768
        },
        "std": {
            "Acc": 0.002413932008193654,
            "Macro-F1": 0.0022071287597265994,
            "AUC": 0.0016492398635168696
        }
    },
    "early_(0.1)": {
        "mean": {
            "Acc": 0.8341733251382913,
            "Macro-F1": 0.6476359055698641,
            "AUC": 0.9063056692930554
        },
        "std": {
            "Acc": 0.002056939217047501,
            "Macro-F1": 0.001935739154677877,
            "AUC": 0.001610296039055539
        }
    },
    "early_(0.2)": {
        "mean": {
            "Acc": 0.8347879532882606,
            "Macro-F1": 0.6482727481963003,
            "AUC": 0.9075363704750083
        },
        "std": {
            "Acc": 0.00201050119653301,
            "Macro-F1": 0.001830576064564389,
            "AUC": 0.0015628424150265841
        }
    },
    "early_(0.3)": {
        "mean": {
            "Acc": 0.8350338045482484,
            "Macro-F1": 0.6483935466532373,
            "AUC": 0.9087818674823579
        },
        "std": {
            "Acc": 0.0019725638028126767,
            "Macro-F1": 0.001631802115058554,
            "AUC": 0.001525953903100372
        }
    },
    "early_(0.4)": {
        "mean": {
            "Acc": 0.8351567301782422,
            "Macro-F1": 0.6482562922822587,
            "AUC": 0.9099806408305599
        },
        "std": {
            "Acc": 0.002464268002056465,
            "Macro-F1": 0.0025627091982370676,
            "AUC": 0.0014418781246590354
        }
    },
    "early_(0.5)": {
        "mean": {
            "Acc": 0.8355869698832207,
            "Macro-F1": 0.6487021162697505,
            "AUC": 0.9110739744546181
        },
        "std": {
            "Acc": 0.002216073310057756,
            "Macro-F1": 0.0024333158622694053,
            "AUC": 0.0013719629880789837
        }
    },
    "early_(0.6)": {
        "mean": {
            "Acc": 0.8360172095881991,
            "Macro-F1": 0.6492844913332975,
            "AUC": 0.9120875663670642
        },
        "std": {
            "Acc": 0.0021135524110693672,
            "Macro-F1": 0.0027318407221192677,
            "AUC": 0.0013554512133498538
        }
    },
    "early_(0.7)": {
        "mean": {
            "Acc": 0.8362015980331899,
            "Macro-F1": 0.6496113310724421,
            "AUC": 0.91274699294317
        },
        "std": {
            "Acc": 0.002226702020004511,
            "Macro-F1": 0.0027528626208584823,
            "AUC": 0.0013221792969222274
        }
    },
    "early_(0.8)": {
        "mean": {
            "Acc": 0.8362015980331899,
            "Macro-F1": 0.649882270817517,
            "AUC": 0.9132148525167699
        },
        "std": {
            "Acc": 0.002370505319689832,
            "Macro-F1": 0.0027342946564920213,
            "AUC": 0.0013025940175189924
        }
    },
    "early_(0.9)": {
        "mean": {
            "Acc": 0.8358942839582053,
            "Macro-F1": 0.6496981206626153,
            "AUC": 0.9135369342738286
        },
        "std": {
            "Acc": 0.002571174021309376,
            "Macro-F1": 0.0029147528361780695,
            "AUC": 0.001314928901285967
        }
    },
    "early_(1)": {
        "mean": {
            "Acc": 0.8357098955132145,
            "Macro-F1": 0.6495055978581594,
            "AUC": 0.91366698179179
        },
        "std": {
            "Acc": 0.0025858247041134004,
            "Macro-F1": 0.0028761150873057692,
            "AUC": 0.0013344177620860358
        }
    }
}