{
    "early_(0)": {
        "Acc": {
            "Acc": 0.8432698217578365,
            "F1": 0.6590116157220314,
            "Auc": 0.915391240559874,
            "Epoch": 2,
            "Auc_Per_Class": 0.915391240559874
        },
        "Macro-F1": {
            "Acc": 0.8432698217578365,
            "F1": 0.6590116157220314,
            "Auc": 0.915391240559874,
            "Epoch": 2,
            "Auc_Per_Class": 0.915391240559874
        },
        "AUC": {
            "Acc": 0.8432698217578365,
            "F1": 0.6590116157220314,
            "Auc": 0.915391240559874,
            "Epoch": 2,
            "Auc_Per_Class": 0.915391240559874
        }
    },
    "late_(0)": {
        "Acc": {
            "Acc": 0.8761524277811924,
            "F1": 0.6916783421152927,
            "Auc": 0.9149302337896158,
            "Epoch": 6,
            "Auc_Per_Class": 0.9149302337896158
        },
        "Macro-F1": {
            "Acc": 0.8761524277811924,
            "F1": 0.6916783421152927,
            "Auc": 0.9149302337896158,
            "Epoch": 6,
            "Auc_Per_Class": 0.9149302337896158
        },
        "AUC": {
            "Acc": 0.8761524277811924,
            "F1": 0.6916783421152927,
            "Auc": 0.9149302337896158,
            "Epoch": 6,
            "Auc_Per_Class": 0.9149302337896158
        }
    },
    "early_(0.1)": {
        "Acc": {
            "Acc": 0.8740012292563,
            "F1": 0.6903455510992276,
            "Auc": 0.9140191224362341,
            "Epoch": 4,
            "Auc_Per_Class": 0.9140191224362341
        },
        "Macro-F1": {
            "Acc": 0.8740012292563,
            "F1": 0.6903455510992276,
            "Auc": 0.9140191224362341,
            "Epoch": 4,
            "Auc_Per_Class": 0.9140191224362341
        },
        "AUC": {
            "Acc": 0.8740012292563,
            "F1": 0.6903455510992276,
            "Auc": 0.9140191224362341,
            "Epoch": 4,
            "Auc_Per_Class": 0.9140191224362341
        }
    },
    "late_(0.1)": {
        "Acc": {
            "Acc": 0.8626306084818685,
            "F1": 0.6783523401605477,
            "Auc": 0.9145206230444203,
            "Epoch": 9,
            "Auc_Per_Class": 0.9145206230444203
        },
        "Macro-F1": {
            "Acc": 0.8626306084818685,
            "F1": 0.6783523401605477,
            "Auc": 0.9145206230444203,
            "Epoch": 9,
            "Auc_Per_Class": 0.9145206230444203
        },
        "AUC": {
            "Acc": 0.8626306084818685,
            "F1": 0.6783523401605477,
            "Auc": 0.9145206230444203,
            "Epoch": 9,
            "Auc_Per_Class": 0.9145206230444203
        }
    },
    "early_(0.2)": {
        "Acc": {
            "Acc": 0.8552550706822373,
            "F1": 0.6731060739366213,
            "Auc": 0.9150376982056558,
            "Epoch": 11,
            "Auc_Per_Class": 0.9150376982056558
        },
        "Macro-F1": {
            "Acc": 0.8552550706822373,
            "F1": 0.6731060739366213,
            "Auc": 0.9150376982056558,
            "Epoch": 11,
            "Auc_Per_Class": 0.9150376982056558
        },
        "AUC": {
            "Acc": 0.8552550706822373,
            "F1": 0.6731060739366213,
            "Auc": 0.9150376982056558,
            "Epoch": 11,
            "Auc_Per_Class": 0.9150376982056558
        }
    },
    "late_(0.2)": {
        "Acc": {
            "Acc": 0.8334357713583282,
            "F1": 0.6505650657790458,
            "Auc": 0.9149302337896159,
            "Epoch": 4,
            "Auc_Per_Class": 0.9149302337896159
        },
        "Macro-F1": {
            "Acc": 0.8334357713583282,
            "F1": 0.6505650657790458,
            "Auc": 0.9149302337896159,
            "Epoch": 4,
            "Auc_Per_Class": 0.9149302337896159
        },
        "AUC": {
            "Acc": 0.8334357713583282,
            "F1": 0.6505650657790458,
            "Auc": 0.9149302337896159,
            "Epoch": 4,
            "Auc_Per_Class": 0.9149302337896159
        }
    },
    "early_(0.3)": {
        "Acc": {
            "Acc": 0.8647818070067609,
            "F1": 0.6809530940258703,
            "Auc": 0.9176012696375646,
            "Epoch": 4,
            "Auc_Per_Class": 0.9176012696375646
        },
        "Macro-F1": {
            "Acc": 0.8647818070067609,
            "F1": 0.6809530940258703,
            "Auc": 0.9176012696375646,
            "Epoch": 4,
            "Auc_Per_Class": 0.9176012696375646
        },
        "AUC": {
            "Acc": 0.8647818070067609,
            "F1": 0.6809530940258703,
            "Auc": 0.9176012696375646,
            "Epoch": 4,
            "Auc_Per_Class": 0.9176012696375646
        }
    },
    "late_(0.3)": {
        "Acc": {
            "Acc": 0.8607867240319607,
            "F1": 0.6747432422145214,
            "Auc": 0.9149286763343109,
            "Epoch": 7,
            "Auc_Per_Class": 0.9149286763343109
        },
        "Macro-F1": {
            "Acc": 0.8607867240319607,
            "F1": 0.6747432422145214,
            "Auc": 0.9149286763343109,
            "Epoch": 7,
            "Auc_Per_Class": 0.9149286763343109
        },
        "AUC": {
            "Acc": 0.8607867240319607,
            "F1": 0.6747432422145214,
            "Auc": 0.9149286763343109,
            "Epoch": 7,
            "Auc_Per_Class": 0.9149286763343109
        }
    },
    "early_(0.4)": {
        "Acc": {
            "Acc": 0.8466502765826674,
            "F1": 0.663382683263833,
            "Auc": 0.9178660370394021,
            "Epoch": 12,
            "Auc_Per_Class": 0.9178660370394021
        },
        "Macro-F1": {
            "Acc": 0.8466502765826674,
            "F1": 0.663382683263833,
            "Auc": 0.9178660370394021,
            "Epoch": 12,
            "Auc_Per_Class": 0.9178660370394021
        },
        "AUC": {
            "Acc": 0.8466502765826674,
            "F1": 0.663382683263833,
            "Auc": 0.9178660370394021,
            "Epoch": 12,
            "Auc_Per_Class": 0.9178660370394021
        }
    },
    "late_(0.4)": {
        "Acc": {
            "Acc": 0.8875230485556238,
            "F1": 0.7077971211626052,
            "Auc": 0.91515917971944,
            "Epoch": 5,
            "Auc_Per_Class": 0.91515917971944
        },
        "Macro-F1": {
            "Acc": 0.8875230485556238,
            "F1": 0.7077971211626052,
            "Auc": 0.91515917971944,
            "Epoch": 5,
            "Auc_Per_Class": 0.91515917971944
        },
        "AUC": {
            "Acc": 0.8875230485556238,
            "F1": 0.7077971211626052,
            "Auc": 0.91515917971944,
            "Epoch": 5,
            "Auc_Per_Class": 0.91515917971944
        }
    },
    "early_(0.5)": {
        "Acc": {
            "Acc": 0.8690842040565457,
            "F1": 0.6869593730353155,
            "Auc": 0.9186120581304619,
            "Epoch": 10,
            "Auc_Per_Class": 0.9186120581304619
        },
        "Macro-F1": {
            "Acc": 0.8690842040565457,
            "F1": 0.6869593730353155,
            "Auc": 0.9186120581304619,
            "Epoch": 10,
            "Auc_Per_Class": 0.9186120581304619
        },
        "AUC": {
            "Acc": 0.8690842040565457,
            "F1": 0.6869593730353155,
            "Auc": 0.9186120581304619,
            "Epoch": 10,
            "Auc_Per_Class": 0.9186120581304619
        }
    },
    "late_(0.5)": {
        "Acc": {
            "Acc": 0.8429625076828519,
            "F1": 0.6600122639752168,
            "Auc": 0.9177243086066538,
            "Epoch": 4,
            "Auc_Per_Class": 0.9177243086066538
        },
        "Macro-F1": {
            "Acc": 0.8429625076828519,
            "F1": 0.6600122639752168,
            "Auc": 0.9177243086066538,
            "Epoch": 4,
            "Auc_Per_Class": 0.9177243086066538
        },
        "AUC": {
            "Acc": 0.8429625076828519,