{
    "early_(0)": {
        "mean": {
            "Acc": 0.39853394159160915,
            "Macro-F1": 0.3888492123710095,
            "AUC": 0.8407830935638815
        },
        "std": {
            "Acc": 0.0012557254094812888,
            "Macro-F1": 0.0015641075494730147,
            "AUC": 8.961130067096247e-05
        }
    },
    "early_(0.1)": {
        "mean": {
            "Acc": 0.39953210901859865,
            "Macro-F1": 0.39156009103640593,
            "AUC": 0.8415867232103964
        },
        "std": {
            "Acc": 0.0010768130282438602,
            "Macro-F1": 0.0017207515629044038,
            "AUC": 8.661903446299419e-05
        }
    },
    "early_(0.2)": {
        "mean": {
            "Acc": 0.4005224782625648,
            "Macro-F1": 0.3937998958355678,
            "AUC": 0.8423612152656877
        },
        "std": {
            "Acc": 0.0008579773456962124,
            "Macro-F1": 0.0017464813127727047,
            "AUC": 8.541820497313528e-05
        }
    },
    "early_(0.3)": {
        "mean": {
            "Acc": 0.4010839474402464,
            "Macro-F1": 0.3961162472108495,
            "AUC": 0.8430658365017984
        },
        "std": {
            "Acc": 0.0010106096199484168,
            "Macro-F1": 0.0015766476907065432,
            "AUC": 8.262566714289934e-05
        }
    },
    "early_(0.4)": {
        "mean": {
            "Acc": 0.4016610129839747,
            "Macro-F1": 0.3982008480072077,
            "AUC": 0.8437103547649484
        },
        "std": {
            "Acc": 0.0009604753296807903,
            "Macro-F1": 0.0015293627390062033,
            "AUC": 8.086771883390554e-05
        }
    },
    "early_(0.5)": {
        "mean": {
            "Acc": 0.4022458767107264,
            "Macro-F1": 0.40005912807949395,
            "AUC": 0.8442876251617938
        },
        "std": {
            "Acc": 0.00069454192154223,
            "Macro-F1": 0.0015876968127325629,
            "AUC": 7.750672808921166e-05
        }
    },
    "early_(0.6)": {
        "mean": {
            "Acc": 0.4029087222677116,
            "Macro-F1": 0.40158055273810667,
            "AUC": 0.844794329434268
        },
        "std": {
            "Acc": 0.0010712217301981476,
            "Macro-F1": 0.001338099760456778,
            "AUC": 7.658448460430674e-05
        }
    },
    "early_(0.7)": {
        "mean": {
            "Acc": 0.4035637696416735,
            "Macro-F1": 0.402799131351359,
            "AUC": 0.845205485664747
        },
        "std": {
            "Acc": 0.0013058755425100154,
            "Macro-F1": 0.0014017033323020646,
            "AUC": 7.582145637947282e-05
        }
    },
    "early_(0.8)": {
        "mean": {
            "Acc": 0.4039224860607479,
            "Macro-F1": 0.4038355583978526,
            "AUC": 0.845493110534695
        },
        "std": {
            "Acc": 0.001363177264176309,
            "Macro-F1": 0.001304366345614643,
            "AUC": 7.48929095263475e-05
        }
    },
    "early_(0.9)": {
        "mean": {
            "Acc": 0.40403166062307483,
            "Macro-F1": 0.4041568799851402,
            "AUC": 0.845671543771765
        },
        "std": {
            "Acc": 0.0012154288186805866,
            "Macro-F1": 0.0012343635931466523,
            "AUC": 7.376069544890151e-05
        }
    },
    "early_(1)": {
        "mean": {
            "Acc": 0.40428900066284557,
            "Macro-F1": 0.40457435912422474,
            "AUC": 0.8457454975353967
        },
        "std": {
            "Acc": 0.0012044343538360736,
            "Macro-F1": 0.001648214648654929,
            "AUC": 7.459741656564005e-05
        }
    }
}