{
    "early_(0)": {
        "Acc": {
            "Acc": 0.7584442169907881,
            "F1": 0.7145820954644484,
            "Auc": 0.8529632892804697,
            "Epoch": 14,
            "Auc_Per_Class": 0.8529632892804697
        },
        "Macro-F1": {
            "Acc": 0.7584442169907881,
            "F1": 0.7145820954644484,
            "Auc": 0.8529632892804697,
            "Epoch": 14,
            "Auc_Per_Class": 0.8529632892804697
        },
        "AUC": {
            "Acc": 0.7584442169907881,
            "F1": 0.7145820954644484,
            "Auc": 0.8529632892804697,
            "Epoch": 14,
            "Auc_Per_Class": 0.8529632892804697
        }
    },
    "late_(0)": {
        "Acc": {
            "Acc": 0.7830092118730808,
            "F1": 0.7335299142660121,
            "Auc": 0.851741556534508,
            "Epoch": 5,
            "Auc_Per_Class": 0.851741556534508
        },
        "Macro-F1": {
            "Acc": 0.7830092118730808,
            "F1": 0.7335299142660121,
            "Auc": 0.851741556534508,
            "Epoch": 5,
            "Auc_Per_Class": 0.851741556534508
        },
        "AUC": {
            "Acc": 0.7830092118730808,
            "F1": 0.7335299142660121,
            "Auc": 0.851741556534508,
            "Epoch": 5,
            "Auc_Per_Class": 0.851741556534508
        }
    },
    "early_(0.1)": {
        "Acc": {
            "Acc": 0.7482088024564995,
            "F1": 0.7068427985948478,
            "Auc": 0.8483994126284874,
            "Epoch": 7,
            "Auc_Per_Class": 0.8483994126284874
        },
        "Macro-F1": {
            "Acc": 0.7482088024564995,
            "F1": 0.7068427985948478,
            "Auc": 0.8483994126284874,
            "Epoch": 7,
            "Auc_Per_Class": 0.8483994126284874
        },
        "AUC": {
            "Acc": 0.7482088024564995,
            "F1": 0.7068427985948478,
            "Auc": 0.8483994126284874,
            "Epoch": 7,
            "Auc_Per_Class": 0.8483994126284874
        }
    },
    "late_(0.1)": {
        "Acc": {
            "Acc": 0.7656090071647902,
            "F1": 0.714911727415789,
            "Auc": 0.8506607929515417,
            "Epoch": 3,
            "Auc_Per_Class": 0.8506607929515417
        },
        "Macro-F1": {
            "Acc": 0.7656090071647902,
            "F1": 0.714911727415789,
            "Auc": 0.8506607929515417,
            "Epoch": 3,
            "Auc_Per_Class": 0.8506607929515417
        },
        "AUC": {
            "Acc": 0.7656090071647902,
            "F1": 0.714911727415789,
            "Auc": 0.8506607929515417,
            "Epoch": 3,
            "Auc_Per_Class": 0.8506607929515417
        }
    },
    "early_(0.2)": {
        "Acc": {
            "Acc": 0.7727737973387923,
            "F1": 0.7299653389906475,
            "Auc": 0.8568869309838472,
            "Epoch": 4,
            "Auc_Per_Class": 0.8568869309838472
        },
        "Macro-F1": {
            "Acc": 0.7727737973387923,
            "F1": 0.7299653389906475,
            "Auc": 0.8568869309838472,
            "Epoch": 4,
            "Auc_Per_Class": 0.8568869309838472
        },
        "AUC": {
            "Acc": 0.7727737973387923,
            "F1": 0.7299653389906475,
            "Auc": 0.8568869309838472,
            "Epoch": 4,
            "Auc_Per_Class": 0.8568869309838472
        }
    },
    "late_(0.2)": {
        "Acc": {
            "Acc": 0.7553735926305015,
            "F1": 0.7159444937125395,
            "Auc": 0.8570983847283407,
            "Epoch": 6,
            "Auc_Per_Class": 0.8570983847283407
        },
        "Macro-F1": {
            "Acc": 0.7553735926305015,
            "F1": 0.7159444937125395,
            "Auc": 0.8570983847283407,
            "Epoch": 6,
            "Auc_Per_Class": 0.8570983847283407
        },
        "AUC": {
            "Acc": 0.7553735926305015,
            "F1": 0.7159444937125395,
            "Auc": 0.8570983847283407,
            "Epoch": 6,
            "Auc_Per_Class": 0.8570983847283407
        }
    },
    "early_(0.3)": {
        "Acc": {
            "Acc": 0.7758444216990789,
            "F1": 0.7284957459092841,
            "Auc": 0.8517239353891337,
            "Epoch": 15,
            "Auc_Per_Class": 0.8517239353891337
        },
        "Macro-F1": {
            "Acc": 0.7758444216990789,
            "F1": 0.7284957459092841,
            "Auc": 0.8517239353891337,
            "Epoch": 15,
            "Auc_Per_Class": 0.8517239353891337
        },
        "AUC": {
            "Acc": 0.7758444216990789,
            "F1": 0.7284957459092841,
            "Auc": 0.8517239353891337,
            "Epoch": 15,
            "Auc_Per_Class": 0.8517239353891337
        }
    },
    "late_(0.3)": {
        "Acc": {
            "Acc": 0.7338792221084954,
            "F1": 0.6964678329031642,
            "Auc": 0.849791483113069,
            "Epoch": 9,
            "Auc_Per_Class": 0.849791483113069
        },
        "Macro-F1": {
            "Acc": 0.7338792221084954,
            "F1": 0.6964678329031642,
            "Auc": 0.849791483113069,
            "Epoch": 9,
            "Auc_Per_Class": 0.849791483113069
        },
        "AUC": {
            "Acc": 0.7338792221084954,
            "F1": 0.6964678329031642,
            "Auc": 0.849791483113069,
            "Epoch": 9,
            "Auc_Per_Class": 0.849791483113069
        }
    },
    "early_(0.4)": {
        "Acc": {
            "Acc": 0.7830092118730808,
            "F1": 0.7374454923435757,
            "Auc": 0.8588311306901616,
            "Epoch": 13,
            "Auc_Per_Class": 0.8588311306901616
        },
        "Macro-F1": {
            "Acc": 0.7830092118730808,
            "F1": 0.7374454923435757,
            "Auc": 0.8588311306901616,
            "Epoch": 13,
            "Auc_Per_Class": 0.8588311306901616
        },
        "AUC": {
            "Acc": 0.7830092118730808,
            "F1": 0.7374454923435757,
            "Auc": 0.8588311306901616,
            "Epoch": 13,
            "Auc_Per_Class": 0.8588311306901616
        }
    },
    "late_(0.4)": {
        "Acc": {
            "Acc": 0.7952917093142272,
            "F1": 0.7429109740437446,
            "Auc": 0.8511953010279001,
            "Epoch": 6,
            "Auc_Per_Class": 0.8511953010279001
        },
        "Macro-F1": {
            "Acc": 0.7952917093142272,
            "F1": 0.7429109740437446,
            "Auc": 0.8511953010279001,
            "Epoch": 6,
            "Auc_Per_Class": 0.8511953010279001
        },
        "AUC": {
            "Acc": 0.7952917093142272,
            "F1": 0.7429109740437446,
            "Auc": 0.8511953010279001,
            "Epoch": 6,
            "Auc_Per_Class": 0.8511953010279001
        }
    },
    "early_(0.5)": {
        "Acc": {
            "Acc": 0.7768679631525077,
            "F1": 0.730569358282817,
            "Auc": 0.8521292217327461,
            "Epoch": 5,
            "Auc_Per_Class": 0.8521292217327461
        },
        "Macro-F1": {
            "Acc": 0.7768679631525077,
            "F1": 0.730569358282817,
            "Auc": 0.8521292217327461,
            "Epoch": 5,
            "Auc_Per_Class": 0.8521292217327461
        },
        "AUC": {
            "Acc": 0.7768679631525077,
            "F1": 0.730569358282817,
            "Auc": 0.8521292217327461,
            "Epoch": 5,
            "Auc_Per_Class": 0.8521292217327461
        }
    },
    "late_(0.5)": {
        "Acc": {
            "Acc": 0.7103377686796315,
            "F1": 0.6755291745733334,
            "Auc": 0.844352422907489,
            "Epoch": 7,
            "Auc_Per_Class": 0.844352422907489
        },
        "Macro-F1": {
            "Acc": 0.7103377686796315,
            "F1": 0.6755291745733334,
            "Auc": 0.844352422907489,
            "Epoch": 7,
            "Auc_Per_Class": 0.844352422907489
        },
        "AUC": {
            "Acc": 0.7103377686796315,