{
    "early_(0)": {
        "mean": {
            "Acc": 0.654218671992012,
            "Macro-F1": 0.5164404396648902,
            "AUC": 0.8102342598856106
        },
        "std": {
            "Acc": 0.0017509413796055848,
            "Macro-F1": 0.0018331412393887926,
            "AUC": 0.0020429795375381376
        }
    },
    "early_(0.1)": {
        "mean": {
            "Acc": 0.6573140289565651,
            "Macro-F1": 0.521432288842561,
            "AUC": 0.8120178506172673
        },
        "std": {
            "Acc": 0.0016407066125965913,
            "Macro-F1": 0.0020530167660723934,
            "AUC": 0.0013885590502866548
        }
    },
    "early_(0.2)": {
        "mean": {
            "Acc": 0.6591113330004993,
            "Macro-F1": 0.5238911955485155,
            "AUC": 0.8128987033256108
        },
        "std": {
            "Acc": 0.0026746071364910076,
            "Macro-F1": 0.002054514342187506,
            "AUC": 0.0010081949679833185
        }
    },
    "early_(0.3)": {
        "mean": {
            "Acc": 0.6614078881677484,
            "Macro-F1": 0.5261862022412955,
            "AUC": 0.8137214037065125
        },
        "std": {
            "Acc": 0.0028982376981927104,
            "Macro-F1": 0.003279338274752546,
            "AUC": 0.0019748712876432356
        }
    },
    "early_(0.4)": {
        "mean": {
            "Acc": 0.6626060908637045,
            "Macro-F1": 0.5276088091958916,
            "AUC": 0.8138283623183212
        },
        "std": {
            "Acc": 0.0030244895119043258,
            "Macro-F1": 0.0039045572636958095,
            "AUC": 0.0019974306067150425
        }
    },
    "early_(0.5)": {
        "mean": {
            "Acc": 0.6643035446829756,
            "Macro-F1": 0.5294637078938614,
            "AUC": 0.8146042370150526
        },
        "std": {
            "Acc": 0.0031496376027134467,
            "Macro-F1": 0.003780492580991882,
            "AUC": 0.001911783090048846
        }
    },
    "early_(0.6)": {
        "mean": {
            "Acc": 0.6665002496255616,
            "Macro-F1": 0.5320933154431259,
            "AUC": 0.8156331884224558
        },
        "std": {
            "Acc": 0.0017294566226349131,
            "Macro-F1": 0.002789789215757344,
            "AUC": 0.0015325562425477354
        }
    },
    "early_(0.7)": {
        "mean": {
            "Acc": 0.6677983025461808,
            "Macro-F1": 0.5331425290387093,
            "AUC": 0.8163737830396415
        },
        "std": {
            "Acc": 0.0017509413796055991,
            "Macro-F1": 0.002922418976610878,
            "AUC": 0.001407281382377615
        }
    },
    "early_(0.8)": {
        "mean": {
            "Acc": 0.6685971043434847,
            "Macro-F1": 0.5334735142299574,
            "AUC": 0.8166601447360317
        },
        "std": {
            "Acc": 0.0015944802219342255,
            "Macro-F1": 0.003159285628048443,
            "AUC": 0.0014510837954029147
        }
    },
    "early_(0.9)": {
        "mean": {
            "Acc": 0.6688966550174738,
            "Macro-F1": 0.5339695452914001,
            "AUC": 0.8172289332103865
        },
        "std": {
            "Acc": 0.0010823506434687099,
            "Macro-F1": 0.0026555356289734364,
            "AUC": 0.0014361032962309115
        }
    },
    "early_(1)": {
        "mean": {
            "Acc": 0.6688966550174738,
            "Macro-F1": 0.5334883458274909,
            "AUC": 0.817414838017527
        },
        "std": {
            "Acc": 0.0011919457200512322,
            "Macro-F1": 0.003216176112501196,
            "AUC": 0.0017091878732040618
        }
    }
}