{
    "early_(0)": {
        "mean": {
            "Acc": 0.5389915127309036,
            "Macro-F1": 0.39353819708882265,
            "AUC": 0.759011017652715
        },
        "std": {
            "Acc": 0.0067684901967378225,
            "Macro-F1": 0.011289077001365411,
            "AUC": 0.009884497884611392
        }
    },
    "early_(0.1)": {
        "mean": {
            "Acc": 0.5424862705941088,
            "Macro-F1": 0.39798543745298115,
            "AUC": 0.7625028479437934
        },
        "std": {
            "Acc": 0.007282908648551347,
            "Macro-F1": 0.010481587977823587,
            "AUC": 0.008552894645182166
        }
    },
    "early_(0.2)": {
        "mean": {
            "Acc": 0.545981028457314,
            "Macro-F1": 0.4017041713442627,
            "AUC": 0.7648704609119902
        },
        "std": {
            "Acc": 0.005554940008268011,
            "Macro-F1": 0.00918056714440261,
            "AUC": 0.007518121262645234
        }
    },
    "early_(0.3)": {
        "mean": {
            "Acc": 0.5493759360958562,
            "Macro-F1": 0.4061130620390091,
            "AUC": 0.7661297862247066
        },
        "std": {
            "Acc": 0.00666645147590632,
            "Macro-F1": 0.008684341648124459,
            "AUC": 0.006600557878697177
        }
    },
    "early_(0.4)": {
        "mean": {
            "Acc": 0.5539690464303545,
            "Macro-F1": 0.41137850633737755,
            "AUC": 0.7689390501819907
        },
        "std": {
            "Acc": 0.007559987511319772,
            "Macro-F1": 0.008826162983624361,
            "AUC": 0.006327519778553498
        }
    },
    "early_(0.5)": {
        "mean": {
            "Acc": 0.5593609585621567,
            "Macro-F1": 0.41681308326700683,
            "AUC": 0.7712624862312767
        },
        "std": {
            "Acc": 0.00875185937578714,
            "Macro-F1": 0.011037092559759432,
            "AUC": 0.007280618484527224
        }
    },
    "early_(0.6)": {
        "mean": {
            "Acc": 0.5654518222666001,
            "Macro-F1": 0.4243230523606995,
            "AUC": 0.7755231261347081
        },
        "std": {
            "Acc": 0.007698834358942088,
            "Macro-F1": 0.009872122157332651,
            "AUC": 0.006227416907623711
        }
    },
    "early_(0.7)": {
        "mean": {
            "Acc": 0.5696455317024464,
            "Macro-F1": 0.4300089178586932,
            "AUC": 0.7782103830998054
        },
        "std": {
            "Acc": 0.006744511276138951,
            "Macro-F1": 0.008023549331295008,
            "AUC": 0.004570126781043713
        }
    },
    "early_(0.8)": {
        "mean": {
            "Acc": 0.5742386420369445,
            "Macro-F1": 0.43486572233389764,
            "AUC": 0.7802836000614485
        },
        "std": {
            "Acc": 0.007169079248263142,
            "Macro-F1": 0.00869239961533609,
            "AUC": 0.005108755761019244
        }
    },
    "early_(0.9)": {
        "mean": {
            "Acc": 0.5771342985521718,
            "Macro-F1": 0.43816693227760967,
            "AUC": 0.781285568663844
        },
        "std": {
            "Acc": 0.007165601644736559,
            "Macro-F1": 0.00851992641028299,
            "AUC": 0.006369686029966852
        }
    },
    "early_(1)": {
        "mean": {
            "Acc": 0.5780329505741388,
            "Macro-F1": 0.43940059568225937,
            "AUC": 0.7818391364386157
        },
        "std": {
            "Acc": 0.006921428587368311,
            "Macro-F1": 0.008399245745743156,
            "AUC": 0.006352513062810718
        }
    }
}