{
    "early_(0)": {
        "mean": {
            "Acc": 0.8800860479409957,
            "Macro-F1": 0.7073074389718529,
            "AUC": 0.9467692925882258
        },
        "std": {
            "Acc": 0.007192068611494247,
            "Macro-F1": 0.008390667315059113,
            "AUC": 0.0007782423539180981
        }
    },
    "early_(0.1)": {
        "mean": {
            "Acc": 0.8807006760909649,
            "Macro-F1": 0.7081251940844071,
            "AUC": 0.9476788464863029
        },
        "std": {
            "Acc": 0.006955081740581548,
            "Macro-F1": 0.00825418476845437,
            "AUC": 0.0007660012652025073
        }
    },
    "early_(0.2)": {
        "mean": {
            "Acc": 0.881499692685925,
            "Macro-F1": 0.7101402644377917,
            "AUC": 0.948546972073269
        },
        "std": {
            "Acc": 0.0067839190513410245,
            "Macro-F1": 0.007890976848040028,
            "AUC": 0.0007556159377038149
        }
    },
    "early_(0.3)": {
        "mean": {
            "Acc": 0.8821757836508912,
            "Macro-F1": 0.711747352181748,
            "AUC": 0.9492898782537188
        },
        "std": {
            "Acc": 0.007186157051291461,
            "Macro-F1": 0.008323733963678632,
            "AUC": 0.0007686224183059456
        }
    },
    "early_(0.4)": {
        "mean": {
            "Acc": 0.8825445605408728,
            "Macro-F1": 0.7121105419228806,
            "AUC": 0.9497863950049293
        },
        "std": {
            "Acc": 0.007019284896245919,
            "Macro-F1": 0.008276185090214737,
            "AUC": 0.0007747454924633459
        }
    },
    "early_(0.5)": {
        "mean": {
            "Acc": 0.8830362630608481,
            "Macro-F1": 0.7134358403951332,
            "AUC": 0.9500916562446949
        },
        "std": {
            "Acc": 0.006832470364365536,
            "Macro-F1": 0.007772255925099794,
            "AUC": 0.0008210732431214413
        }
    },
    "early_(0.6)": {
        "mean": {
            "Acc": 0.8828518746158573,
            "Macro-F1": 0.7133358105223164,
            "AUC": 0.9502826002650788
        },
        "std": {
            "Acc": 0.00721501196844701,
            "Macro-F1": 0.008437501816889216,
            "AUC": 0.0007952867621479321
        }
    },
    "early_(0.7)": {
        "mean": {
            "Acc": 0.882360172095882,
            "Macro-F1": 0.7126781947081096,
            "AUC": 0.9504670029731821
        },
        "std": {
            "Acc": 0.00750375139750767,
            "Macro-F1": 0.008778021912361324,
            "AUC": 0.0007765702360460838
        }
    },
    "early_(0.8)": {
        "mean": {
            "Acc": 0.8827904118008605,
            "Macro-F1": 0.713800247476017,
            "AUC": 0.9507186877504583
        },
        "std": {
            "Acc": 0.007529508416384285,
            "Macro-F1": 0.008811216797777544,
            "AUC": 0.0007790502903656596
        }
    },
    "early_(0.9)": {
        "mean": {
            "Acc": 0.8816840811309158,
            "Macro-F1": 0.7128339206722438,
            "AUC": 0.9510301788114436
        },
        "std": {
            "Acc": 0.00776538338567502,
            "Macro-F1": 0.009515272263563997,
            "AUC": 0.0007699324052506071
        }
    },
    "early_(1)": {
        "mean": {
            "Acc": 0.8810079901659496,
            "Macro-F1": 0.712182057384909,
            "AUC": 0.9512662890356705
        },
        "std": {
            "Acc": 0.007806019480445695,
            "Macro-F1": 0.009724798327928148,
            "AUC": 0.0007317426586850569
        }
    }
}