{
    "early_(0)": {
        "mean": {
            "Acc": 0.5726410384423365,
            "Macro-F1": 0.43328985881936716,
            "AUC": 0.7539491281137904
        },
        "std": {
            "Acc": 0.001965553638045873,
            "Macro-F1": 0.0030829105909663083,
            "AUC": 0.0011693593756306915
        }
    },
    "early_(0.1)": {
        "mean": {
            "Acc": 0.5734398402396406,
            "Macro-F1": 0.4344086696275413,
            "AUC": 0.7552743523225999
        },
        "std": {
            "Acc": 0.0020765486113914367,
            "Macro-F1": 0.004727274555642008,
            "AUC": 0.0022685783741003057
        }
    },
    "early_(0.2)": {
        "mean": {
            "Acc": 0.5740389415876186,
            "Macro-F1": 0.43494108126645353,
            "AUC": 0.7561639202857741
        },
        "std": {
            "Acc": 0.002674607136491042,
            "Macro-F1": 0.003880117785494575,
            "AUC": 0.0025706705299192775
        }
    },
    "early_(0.3)": {
        "mean": {
            "Acc": 0.5748377433849226,
            "Macro-F1": 0.43668252011024455,
            "AUC": 0.757696903466844
        },
        "std": {
            "Acc": 0.002793130450464167,
            "Macro-F1": 0.0044196140512501704,
            "AUC": 0.0025059337093320737
        }
    },
    "early_(0.4)": {
        "mean": {
            "Acc": 0.5761357963055417,
            "Macro-F1": 0.4395171977534546,
            "AUC": 0.7603515362882998
        },
        "std": {
            "Acc": 0.002665271655524552,
            "Macro-F1": 0.0036347489031129526,
            "AUC": 0.003277473854971776
        }
    },
    "early_(0.5)": {
        "mean": {
            "Acc": 0.5769345981028458,
            "Macro-F1": 0.4410924218337968,
            "AUC": 0.7619248429154042
        },
        "std": {
            "Acc": 0.002193298316174636,
            "Macro-F1": 0.004493861560348155,
            "AUC": 0.004386819997095893
        }
    },
    "early_(0.6)": {
        "mean": {
            "Acc": 0.5774338492261607,
            "Macro-F1": 0.44168317066441937,
            "AUC": 0.7637487302615122
        },
        "std": {
            "Acc": 0.0025603357773256287,
            "Macro-F1": 0.004315789966720759,
            "AUC": 0.003947196317830695
        }
    },
    "early_(0.7)": {
        "mean": {
            "Acc": 0.5780329505741388,
            "Macro-F1": 0.442635380036573,
            "AUC": 0.7642596447871478
        },
        "std": {
            "Acc": 0.002674607136491014,
            "Macro-F1": 0.005009751562184069,
            "AUC": 0.004240047642510188
        }
    },
    "early_(0.8)": {
        "mean": {
            "Acc": 0.5789316025961059,
            "Macro-F1": 0.44387494386265564,
            "AUC": 0.7653868466309902
        },
        "std": {
            "Acc": 0.0032470519304062468,
            "Macro-F1": 0.005353873469294464,
            "AUC": 0.003762656255737534
        }
    },
    "early_(0.9)": {
        "mean": {
            "Acc": 0.5789316025961059,
            "Macro-F1": 0.4435747162171718,
            "AUC": 0.7653115775472125
        },
        "std": {
            "Acc": 0.0037293758156731163,
            "Macro-F1": 0.0054444047512744054,
            "AUC": 0.004174100794120191
        }
    },
    "early_(1)": {
        "mean": {
            "Acc": 0.5784323514727908,
            "Macro-F1": 0.44229347779177736,
            "AUC": 0.7646319955404861
        },
        "std": {
            "Acc": 0.004274359419471585,
            "Macro-F1": 0.006772723118244446,
            "AUC": 0.004882620321392392
        }
    }
}