{
    "early_(0)": {
        "Acc": {
            "Acc": 0.7911975435005117,
            "F1": 0.7508899110088991,
            "Auc": 0.8977738619676946,
            "Epoch": 15,
            "Auc_Per_Class": 0.8977738619676946
        },
        "Macro-F1": {
            "Acc": 0.7911975435005117,
            "F1": 0.7508899110088991,
            "Auc": 0.8977738619676946,
            "Epoch": 15,
            "Auc_Per_Class": 0.8977738619676946
        },
        "AUC": {
            "Acc": 0.7911975435005117,
            "F1": 0.7508899110088991,
            "Auc": 0.8977738619676946,
            "Epoch": 15,
            "Auc_Per_Class": 0.8977738619676946
        }
    },
    "late_(0)": {
        "Acc": {
            "Acc": 0.7993858751279427,
            "F1": 0.7514666029840829,
            "Auc": 0.8724052863436124,
            "Epoch": 4,
            "Auc_Per_Class": 0.8724052863436124
        },
        "Macro-F1": {
            "Acc": 0.7993858751279427,
            "F1": 0.7514666029840829,
            "Auc": 0.8724052863436124,
            "Epoch": 4,
            "Auc_Per_Class": 0.8724052863436124
        },
        "AUC": {
            "Acc": 0.7993858751279427,
            "F1": 0.7514666029840829,
            "Auc": 0.8724052863436124,
            "Epoch": 4,
            "Auc_Per_Class": 0.8724052863436124
        }
    },
    "early_(0.1)": {
        "Acc": {
            "Acc": 0.7697031729785057,
            "F1": 0.7286543254222475,
            "Auc": 0.8883700440528634,
            "Epoch": 14,
            "Auc_Per_Class": 0.8883700440528634
        },
        "Macro-F1": {
            "Acc": 0.7697031729785057,
            "F1": 0.7286543254222475,
            "Auc": 0.8883700440528634,
            "Epoch": 14,
            "Auc_Per_Class": 0.8883700440528634
        },
        "AUC": {
            "Acc": 0.7697031729785057,
            "F1": 0.7286543254222475,
            "Auc": 0.8883700440528634,
            "Epoch": 14,
            "Auc_Per_Class": 0.8883700440528634
        }
    },
    "late_(0.1)": {
        "Acc": {
            "Acc": 0.7604912998976459,
            "F1": 0.721143149882904,
            "Auc": 0.8839941262848752,
            "Epoch": 8,
            "Auc_Per_Class": 0.8839941262848752
        },
        "Macro-F1": {
            "Acc": 0.7604912998976459,
            "F1": 0.721143149882904,
            "Auc": 0.8839941262848752,
            "Epoch": 8,
            "Auc_Per_Class": 0.8839941262848752
        },
        "AUC": {
            "Acc": 0.7604912998976459,
            "F1": 0.721143149882904,
            "Auc": 0.8839941262848752,
            "Epoch": 8,
            "Auc_Per_Class": 0.8839941262848752
        }
    },
    "early_(0.2)": {
        "Acc": {
            "Acc": 0.7492323439099283,
            "F1": 0.706712655226706,
            "Auc": 0.8558237885462554,
            "Epoch": 1,
            "Auc_Per_Class": 0.8558237885462554
        },
        "Macro-F1": {
            "Acc": 0.7492323439099283,
            "F1": 0.706712655226706,
            "Auc": 0.8558237885462554,
            "Epoch": 1,
            "Auc_Per_Class": 0.8558237885462554
        },
        "AUC": {
            "Acc": 0.7492323439099283,
            "F1": 0.706712655226706,
            "Auc": 0.8558237885462554,
            "Epoch": 1,
            "Auc_Per_Class": 0.8558237885462554
        }
    },
    "late_(0.2)": {
        "Acc": {
            "Acc": 0.8280450358239508,
            "F1": 0.779884132603798,
            "Auc": 0.8917209985315712,
            "Epoch": 7,
            "Auc_Per_Class": 0.8917209985315712
        },
        "Macro-F1": {
            "Acc": 0.8280450358239508,
            "F1": 0.779884132603798,
            "Auc": 0.8917209985315712,
            "Epoch": 7,
            "Auc_Per_Class": 0.8917209985315712
        },
        "AUC": {
            "Acc": 0.8280450358239508,
            "F1": 0.779884132603798,
            "Auc": 0.8917209985315712,
            "Epoch": 7,
            "Auc_Per_Class": 0.8917209985315712
        }
    },
    "early_(0.3)": {
        "Acc": {
            "Acc": 0.8300921187308086,
            "F1": 0.7792144498535194,
            "Auc": 0.8920998531571219,
            "Epoch": 13,
            "Auc_Per_Class": 0.8920998531571219
        },
        "Macro-F1": {
            "Acc": 0.8300921187308086,
            "F1": 0.7792144498535194,
            "Auc": 0.8920998531571219,
            "Epoch": 13,
            "Auc_Per_Class": 0.8920998531571219
        },
        "AUC": {
            "Acc": 0.8300921187308086,
            "F1": 0.7792144498535194,
            "Auc": 0.8920998531571219,
            "Epoch": 13,
            "Auc_Per_Class": 0.8920998531571219
        }
    },
    "late_(0.3)": {
        "Acc": {
            "Acc": 0.7911975435005117,
            "F1": 0.7468294616181941,
            "Auc": 0.8820734214390602,
            "Epoch": 5,
            "Auc_Per_Class": 0.8820734214390602
        },
        "Macro-F1": {
            "Acc": 0.7911975435005117,
            "F1": 0.7468294616181941,
            "Auc": 0.8820734214390602,
            "Epoch": 5,
            "Auc_Per_Class": 0.8820734214390602
        },
        "AUC": {
            "Acc": 0.7911975435005117,
            "F1": 0.7468294616181941,
            "Auc": 0.8820734214390602,
            "Epoch": 5,
            "Auc_Per_Class": 0.8820734214390602
        }
    },
    "early_(0.4)": {
        "Acc": {
            "Acc": 0.7942681678607983,
            "F1": 0.7523384935523536,
            "Auc": 0.8849985315712189,
            "Epoch": 8,
            "Auc_Per_Class": 0.8849985315712189
        },
        "Macro-F1": {
            "Acc": 0.7942681678607983,
            "F1": 0.7523384935523536,
            "Auc": 0.8849985315712189,
            "Epoch": 8,
            "Auc_Per_Class": 0.8849985315712189
        },
        "AUC": {
            "Acc": 0.7942681678607983,
            "F1": 0.7523384935523536,
            "Auc": 0.8849985315712189,
            "Epoch": 8,
            "Auc_Per_Class": 0.8849985315712189
        }
    },
    "late_(0.4)": {
        "Acc": {
            "Acc": 0.7952917093142272,
            "F1": 0.7486131266660492,
            "Auc": 0.8830014684287812,
            "Epoch": 8,
            "Auc_Per_Class": 0.8830014684287812
        },
        "Macro-F1": {
            "Acc": 0.7952917093142272,
            "F1": 0.7486131266660492,
            "Auc": 0.8830014684287812,
            "Epoch": 8,
            "Auc_Per_Class": 0.8830014684287812
        },
        "AUC": {
            "Acc": 0.7952917093142272,
            "F1": 0.7486131266660492,
            "Auc": 0.8830014684287812,
            "Epoch": 8,
            "Auc_Per_Class": 0.8830014684287812
        }
    },
    "early_(0.5)": {
        "Acc": {
            "Acc": 0.7993858751279427,
            "F1": 0.7567577180253237,
            "Auc": 0.8835653450807636,
            "Epoch": 4,
            "Auc_Per_Class": 0.8835653450807636
        },
        "Macro-F1": {
            "Acc": 0.7993858751279427,
            "F1": 0.7567577180253237,
            "Auc": 0.8835653450807636,
            "Epoch": 4,
            "Auc_Per_Class": 0.8835653450807636
        },
        "AUC": {
            "Acc": 0.7993858751279427,
            "F1": 0.7567577180253237,
            "Auc": 0.8835653450807636,
            "Epoch": 4,
            "Auc_Per_Class": 0.8835653450807636
        }
    },
    "late_(0.5)": {
        "Acc": {
            "Acc": 0.834186284544524,
            "F1": 0.7828602943597511,
            "Auc": 0.8909603524229075,
            "Epoch": 6,
            "Auc_Per_Class": 0.8909603524229075
        },
        "Macro-F1": {
            "Acc": 0.834186284544524,
            "F1": 0.7828602943597511,
            "Auc": 0.8909603524229075,
            "Epoch": 6,
            "Auc_Per_Class": 0.8909603524229075
        },
        "AUC": {
            "Acc": 0.834186284544524,