{
    "early_(0)": {
        "mean": {
            "Acc": 0.7207778915046059,
            "Macro-F1": 0.6501445779796685,
            "AUC": 0.7311688693098385
        },
        "std": {
            "Acc": 0.004767989641290542,
            "Macro-F1": 0.004084425579798053,
            "AUC": 0.00225998774750835
        }
    },
    "early_(0.1)": {
        "mean": {
            "Acc": 0.7222108495394064,
            "Macro-F1": 0.6518695416725331,
            "AUC": 0.7319353891336271
        },
        "std": {
            "Acc": 0.006081249038899893,
            "Macro-F1": 0.005230757996595387,
            "AUC": 0.0021899861504650845
        }
    },
    "early_(0.2)": {
        "mean": {
            "Acc": 0.7230296827021494,
            "Macro-F1": 0.6533638472329023,
            "AUC": 0.7325991189427313
        },
        "std": {
            "Acc": 0.005249081434987972,
            "Macro-F1": 0.004767559415674731,
            "AUC": 0.002084668302515299
        }
    },
    "early_(0.3)": {
        "mean": {
            "Acc": 0.7228249744114636,
            "Macro-F1": 0.653347918540201,
            "AUC": 0.7333321585903084
        },
        "std": {
            "Acc": 0.005188860534549278,
            "Macro-F1": 0.004874558851949905,
            "AUC": 0.002042847383660289
        }
    },
    "early_(0.4)": {
        "mean": {
            "Acc": 0.7240532241555783,
            "Macro-F1": 0.6550352070881819,
            "AUC": 0.7340346549192364
        },
        "std": {
            "Acc": 0.005298742724890408,
            "Macro-F1": 0.0053466968087580065,
            "AUC": 0.0020791939379863266
        }
    },
    "early_(0.5)": {
        "mean": {
            "Acc": 0.7248720573183214,
            "Macro-F1": 0.6563781969953655,
            "AUC": 0.7344657856093979
        },
        "std": {
            "Acc": 0.005530913443646401,
            "Macro-F1": 0.0055305603583926735,
            "AUC": 0.002077566335391091
        }
    },
    "early_(0.6)": {
        "mean": {
            "Acc": 0.7244626407369499,
            "Macro-F1": 0.6558592065975665,
            "AUC": 0.7349180616740089
        },
        "std": {
            "Acc": 0.0046002466845945335,
            "Macro-F1": 0.004483428359321612,
            "AUC": 0.0020630307085616455
        }
    },
    "early_(0.7)": {
        "mean": {
            "Acc": 0.7242579324462641,
            "Macro-F1": 0.655833092715098,
            "AUC": 0.7351800293685756
        },
        "std": {
            "Acc": 0.004378556732079324,
            "Macro-F1": 0.003996254073760156,
            "AUC": 0.0020413065757918184
        }
    },
    "early_(0.8)": {
        "mean": {
            "Acc": 0.7238485158648925,
            "Macro-F1": 0.6554764322151317,
            "AUC": 0.7353063142437591
        },
        "std": {
            "Acc": 0.0037884862893186894,
            "Macro-F1": 0.0033126701175132177,
            "AUC": 0.0019943948659849223
        }
    },
    "early_(0.9)": {
        "mean": {
            "Acc": 0.7242579324462641,
            "Macro-F1": 0.6559894223648808,
            "AUC": 0.7353997063142437
        },
        "std": {
            "Acc": 0.0035896986523541925,
            "Macro-F1": 0.0026004711100188005,
            "AUC": 0.001963962533534593
        }
    },
    "early_(1)": {
        "mean": {
            "Acc": 0.7236438075742068,
            "Macro-F1": 0.6556163429454883,
            "AUC": 0.7353550660792951
        },
        "std": {
            "Acc": 0.0033947029583985765,
            "Macro-F1": 0.0021587861212197827,
            "AUC": 0.0019142022155745255
        }
    }
}