{
    "early_(0)": {
        "mean": {
            "Acc": 0.968039336201598,
            "Macro-F1": 0.8858343404239144,
            "AUC": 0.9850521669654385
        },
        "std": {
            "Acc": 0.00021730386637570486,
            "Macro-F1": 0.0009572289830011246,
            "AUC": 0.00020018178484459254
        }
    },
    "early_(0.1)": {
        "mean": {
            "Acc": 0.967977873386601,
            "Macro-F1": 0.8857460308100031,
            "AUC": 0.9851823702289303
        },
        "std": {
            "Acc": 0.00045582043559284707,
            "Macro-F1": 0.0013737919745784339,
            "AUC": 0.00021637421122931247
        }
    },
    "early_(0.2)": {
        "mean": {
            "Acc": 0.9682237246465888,
            "Macro-F1": 0.8864547158820735,
            "AUC": 0.9853303284828984
        },
        "std": {
            "Acc": 0.0005142348042618752,
            "Macro-F1": 0.001575668537990021,
            "AUC": 0.00022095839672389884
        }
    },
    "early_(0.3)": {
        "mean": {
            "Acc": 0.9682237246465888,
            "Macro-F1": 0.8864545421966313,
            "AUC": 0.9854493180681947
        },
        "std": {
            "Acc": 0.0004660648705624775,
            "Macro-F1": 0.0013796746411136784,
            "AUC": 0.000224342773466313
        }
    },
    "early_(0.4)": {
        "mean": {
            "Acc": 0.9682851874615857,
            "Macro-F1": 0.8866315914481194,
            "AUC": 0.9855443228417953
        },
        "std": {
            "Acc": 0.00045582043559284707,
            "Macro-F1": 0.0013780546695292514,
            "AUC": 0.00022169433949583675
        }
    },
    "early_(0.5)": {
        "mean": {
            "Acc": 0.9683466502765826,
            "Macro-F1": 0.8868092860390587,
            "AUC": 0.9856240645534075
        },
        "std": {
            "Acc": 0.0004859062169896069,
            "Macro-F1": 0.001486516483336193,
            "AUC": 0.00022082003141405445
        }
    },
    "early_(0.6)": {
        "mean": {
            "Acc": 0.967977873386601,
            "Macro-F1": 0.8856597476595774,
            "AUC": 0.9856785754890799
        },
        "std": {
            "Acc": 0.0003366457022158347,
            "Macro-F1": 0.0010341194336845401,
            "AUC": 0.00023439469495830804
        }
    },
    "early_(0.7)": {
        "mean": {
            "Acc": 0.9676090964966195,
            "Macro-F1": 0.8844310412463152,
            "AUC": 0.985718134853825
        },
        "std": {
            "Acc": 0.0004660648705624775,
            "Macro-F1": 0.0013361566354148887,
            "AUC": 0.0002345767603662722
        }
    },
    "early_(0.8)": {
        "mean": {
            "Acc": 0.9676090964966195,
            "Macro-F1": 0.8845141280073366,
            "AUC": 0.9857349553711182
        },
        "std": {
            "Acc": 0.00027487006484324246,
            "Macro-F1": 0.0009602004455955944,
            "AUC": 0.0002292434541485486
        }
    },
    "early_(0.9)": {
        "mean": {
            "Acc": 0.9674247080516287,
            "Macro-F1": 0.8840739114885682,
            "AUC": 0.9857337094068742
        },
        "std": {
            "Acc": 0.0004859062169896069,
            "Macro-F1": 0.0015371374988870563,
            "AUC": 0.00021794916239035458
        }
    },
    "early_(1)": {
        "mean": {
            "Acc": 0.9674247080516287,
            "Macro-F1": 0.8841608306383284,
            "AUC": 0.9857081671398735
        },
        "std": {
            "Acc": 0.0006146281499692652,
            "Macro-F1": 0.0019739292883978305,
            "AUC": 0.00020889244085414726
        }
    }
}