{
    "early_(0)": {
        "mean": {
            "Acc": 0.5048543689320388,
            "Macro-F1": 0.5943028626301773,
            "AUC": 0.9142391408463746
        },
        "std": {
            "Acc": 0.0006865059017296179,
            "Macro-F1": 0.0009649773769525684,
            "AUC": 1.2886939665558603e-05
        }
    },
    "early_(0.1)": {
        "mean": {
            "Acc": 0.5056887745155378,
            "Macro-F1": 0.5955930289368476,
            "AUC": 0.9144304109238368
        },
        "std": {
            "Acc": 0.0005613879407314802,
            "Macro-F1": 0.0009575756307117952,
            "AUC": 1.3343240292665666e-05
        }
    },
    "early_(0.2)": {
        "mean": {
            "Acc": 0.5061488673139158,
            "Macro-F1": 0.5966568581879417,
            "AUC": 0.9146105185189838
        },
        "std": {
            "Acc": 0.0006210458467931623,
            "Macro-F1": 0.0009288267580422393,
            "AUC": 1.2714250829479498e-05
        }
    },
    "early_(0.3)": {
        "mean": {
            "Acc": 0.5065621710141537,
            "Macro-F1": 0.5978114539278597,
            "AUC": 0.9147746477808182
        },
        "std": {
            "Acc": 0.0006670751912814278,
            "Macro-F1": 0.0010004788863299846,
            "AUC": 1.2478368212894389e-05
        }
    },
    "early_(0.4)": {
        "mean": {
            "Acc": 0.5071470347409054,
            "Macro-F1": 0.5989903541981371,
            "AUC": 0.9149201777779242
        },
        "std": {
            "Acc": 0.0006520931849220302,
            "Macro-F1": 0.0009277954879430959,
            "AUC": 1.3026724811903915e-05
        }
    },
    "early_(0.5)": {
        "mean": {
            "Acc": 0.5077474948337037,
            "Macro-F1": 0.599895748978958,
            "AUC": 0.915053861602941
        },
        "std": {
            "Acc": 0.0005779342818375907,
            "Macro-F1": 0.0010129103510019444,
            "AUC": 1.3503419948391331e-05
        }
    },
    "early_(0.6)": {
        "mean": {
            "Acc": 0.5081841930830117,
            "Macro-F1": 0.6004987827345172,
            "AUC": 0.9151643228642115
        },
        "std": {
            "Acc": 0.0005286109823396902,
            "Macro-F1": 0.0008669395070986048,
            "AUC": 1.290753204762689e-05
        }
    },
    "early_(0.7)": {
        "mean": {
            "Acc": 0.5084025422076656,
            "Macro-F1": 0.6009212519185514,
            "AUC": 0.9152564978914225
        },
        "std": {
            "Acc": 0.0005135859894849226,
            "Macro-F1": 0.0010101604033431386,
            "AUC": 1.3351927082644805e-05
        }
    },
    "early_(0.8)": {
        "mean": {
            "Acc": 0.5087066713455765,
            "Macro-F1": 0.6015101173312098,
            "AUC": 0.9153250178187362
        },
        "std": {
            "Acc": 0.0006061802094091342,
            "Macro-F1": 0.0010979393431037143,
            "AUC": 1.317790763132499e-05
        }
    },
    "early_(0.9)": {
        "mean": {
            "Acc": 0.5088860295551136,
            "Macro-F1": 0.6018113401013224,
            "AUC": 0.9153740213259194
        },
        "std": {
            "Acc": 0.0006374746329834458,
            "Macro-F1": 0.0010932284186403176,
            "AUC": 1.3322168727852511e-05
        }
    },
    "early_(1)": {
        "mean": {
            "Acc": 0.5088314422739502,
            "Macro-F1": 0.6018963585934105,
            "AUC": 0.9154019330373235
        },
        "std": {
            "Acc": 0.0006634187050014857,
            "Macro-F1": 0.0011687937438262421,
            "AUC": 1.267829420606574e-05
        }
    }
}