{
    "early_(0)": {
        "mean": {
            "Acc": 0.5764353469795307,
            "Macro-F1": 0.45371473571779697,
            "AUC": 0.7668119769509164
        },
        "std": {
            "Acc": 0.0038928784202931547,
            "Macro-F1": 0.003368231204331802,
            "AUC": 0.0045561697167566684
        }
    },
    "early_(0.1)": {
        "mean": {
            "Acc": 0.5774338492261607,
            "Macro-F1": 0.45794979645385114,
            "AUC": 0.7699162097774193
        },
        "std": {
            "Acc": 0.0033971095029862943,
            "Macro-F1": 0.0034887898975710947,
            "AUC": 0.003317907021370025
        }
    },
    "early_(0.2)": {
        "mean": {
            "Acc": 0.5793310034947579,
            "Macro-F1": 0.4616942882116277,
            "AUC": 0.7722825954141621
        },
        "std": {
            "Acc": 0.00398776346434665,
            "Macro-F1": 0.0026387449523962883,
            "AUC": 0.0014397107007098726
        }
    },
    "early_(0.3)": {
        "mean": {
            "Acc": 0.5793310034947579,
            "Macro-F1": 0.46286455543436766,
            "AUC": 0.7728412481885625
        },
        "std": {
            "Acc": 0.004034369216342884,
            "Macro-F1": 0.0031759701645271273,
            "AUC": 0.0015234784916144358
        }
    },
    "early_(0.4)": {
        "mean": {
            "Acc": 0.5811283075386919,
            "Macro-F1": 0.46647322266191427,
            "AUC": 0.7751611647300545
        },
        "std": {
            "Acc": 0.004656704469839651,
            "Macro-F1": 0.0030044615823202163,
            "AUC": 0.0015217871909548105
        }
    },
    "early_(0.5)": {
        "mean": {
            "Acc": 0.581827259111333,
            "Macro-F1": 0.46744945241749897,
            "AUC": 0.775858400375312
        },
        "std": {
            "Acc": 0.004610983480386949,
            "Macro-F1": 0.0036175935404562107,
            "AUC": 0.0026207081977882908
        }
    },
    "early_(0.6)": {
        "mean": {
            "Acc": 0.582626060908637,
            "Macro-F1": 0.46856557941728155,
            "AUC": 0.7770012848259158
        },
        "std": {
            "Acc": 0.0043092053174318854,
            "Macro-F1": 0.0036029733853633764,
            "AUC": 0.0025188528260851072
        }
    },
    "early_(0.7)": {
        "mean": {
            "Acc": 0.5837244133799301,
            "Macro-F1": 0.46992314639007576,
            "AUC": 0.777775653534206
        },
        "std": {
            "Acc": 0.004122980094271113,
            "Macro-F1": 0.005010190994236746,
            "AUC": 0.002660853386755461
        }
    },
    "early_(0.8)": {
        "mean": {
            "Acc": 0.5846230654018971,
            "Macro-F1": 0.4697128481498593,
            "AUC": 0.7780499866829508
        },
        "std": {
            "Acc": 0.0033676329413959132,
            "Macro-F1": 0.00420716105537432,
            "AUC": 0.002287429980384805
        }
    },
    "early_(0.9)": {
        "mean": {
            "Acc": 0.5855217174238643,
            "Macro-F1": 0.4705760435671903,
            "AUC": 0.7784801969294584
        },
        "std": {
            "Acc": 0.0031058074917615364,
            "Macro-F1": 0.004509737201135614,
            "AUC": 0.0020328397011975083
        }
    },
    "early_(1)": {
        "mean": {
            "Acc": 0.5864203694458312,
            "Macro-F1": 0.47146717342742667,
            "AUC": 0.7790420971243851
        },
        "std": {
            "Acc": 0.003627738816691967,
            "Macro-F1": 0.00447309161866623,
            "AUC": 0.0021646819346844725
        }
    }
}