{
    "early_(0)": {
        "Acc": {
            "Acc": 0.8976458546571137,
            "F1": 0.8652577342336378,
            "Auc": 0.9456270190895743,
            "Epoch": 6,
            "Auc_Per_Class": 0.9456270190895743
        },
        "Macro-F1": {
            "Acc": 0.8976458546571137,
            "F1": 0.8652577342336378,
            "Auc": 0.9456270190895743,
            "Epoch": 6,
            "Auc_Per_Class": 0.9456270190895743
        },
        "AUC": {
            "Acc": 0.8976458546571137,
            "F1": 0.8652577342336378,
            "Auc": 0.9456270190895743,
            "Epoch": 6,
            "Auc_Per_Class": 0.9456270190895743
        }
    },
    "late_(0)": {
        "Acc": {
            "Acc": 0.9089048106448311,
            "F1": 0.8769286295601713,
            "Auc": 0.9510660792951541,
            "Epoch": 8,
            "Auc_Per_Class": 0.9510660792951541
        },
        "Macro-F1": {
            "Acc": 0.9089048106448311,
            "F1": 0.8769286295601713,
            "Auc": 0.9510660792951541,
            "Epoch": 8,
            "Auc_Per_Class": 0.9510660792951541
        },
        "AUC": {
            "Acc": 0.9089048106448311,
            "F1": 0.8769286295601713,
            "Auc": 0.9510660792951541,
            "Epoch": 8,
            "Auc_Per_Class": 0.9510660792951541
        }
    },
    "early_(0.1)": {
        "Acc": {
            "Acc": 0.9129989764585466,
            "F1": 0.8834398882752135,
            "Auc": 0.9512422907488988,
            "Epoch": 5,
            "Auc_Per_Class": 0.9512422907488988
        },
        "Macro-F1": {
            "Acc": 0.9129989764585466,
            "F1": 0.8834398882752135,
            "Auc": 0.9512422907488988,
            "Epoch": 5,
            "Auc_Per_Class": 0.9512422907488988
        },
        "AUC": {
            "Acc": 0.9129989764585466,
            "F1": 0.8834398882752135,
            "Auc": 0.9512422907488988,
            "Epoch": 5,
            "Auc_Per_Class": 0.9512422907488988
        }
    },
    "late_(0.1)": {
        "Acc": {
            "Acc": 0.8945752302968271,
            "F1": 0.8635276854454936,
            "Auc": 0.9487400881057269,
            "Epoch": 4,
            "Auc_Per_Class": 0.9487400881057269
        },
        "Macro-F1": {
            "Acc": 0.8945752302968271,
            "F1": 0.8635276854454936,
            "Auc": 0.9487400881057269,
            "Epoch": 4,
            "Auc_Per_Class": 0.9487400881057269
        },
        "AUC": {
            "Acc": 0.8945752302968271,
            "F1": 0.8635276854454936,
            "Auc": 0.9487400881057269,
            "Epoch": 4,
            "Auc_Per_Class": 0.9487400881057269
        }
    },
    "early_(0.2)": {
        "Acc": {
            "Acc": 0.9058341862845445,
            "F1": 0.8743598058730123,
            "Auc": 0.9497856093979442,
            "Epoch": 6,
            "Auc_Per_Class": 0.9497856093979442
        },
        "Macro-F1": {
            "Acc": 0.9058341862845445,
            "F1": 0.8743598058730123,
            "Auc": 0.9497856093979442,
            "Epoch": 6,
            "Auc_Per_Class": 0.9497856093979442
        },
        "AUC": {
            "Acc": 0.9058341862845445,
            "F1": 0.8743598058730123,
            "Auc": 0.9497856093979442,
            "Epoch": 6,
            "Auc_Per_Class": 0.9497856093979442
        }
    },
    "late_(0.2)": {
        "Acc": {
            "Acc": 0.9160696008188332,
            "F1": 0.8861253567732912,
            "Auc": 0.953762114537445,
            "Epoch": 8,
            "Auc_Per_Class": 0.953762114537445
        },
        "Macro-F1": {
            "Acc": 0.9160696008188332,
            "F1": 0.8861253567732912,
            "Auc": 0.953762114537445,
            "Epoch": 8,
            "Auc_Per_Class": 0.953762114537445
        },
        "AUC": {
            "Acc": 0.9160696008188332,
            "F1": 0.8861253567732912,
            "Auc": 0.953762114537445,
            "Epoch": 8,
            "Auc_Per_Class": 0.953762114537445
        }
    },
    "early_(0.3)": {
        "Acc": {
            "Acc": 0.8884339815762539,
            "F1": 0.8555778418792117,
            "Auc": 0.9446108663729809,
            "Epoch": 12,
            "Auc_Per_Class": 0.9446108663729809
        },
        "Macro-F1": {
            "Acc": 0.8884339815762539,
            "F1": 0.8555778418792117,
            "Auc": 0.9446108663729809,
            "Epoch": 12,
            "Auc_Per_Class": 0.9446108663729809
        },
        "AUC": {
            "Acc": 0.8884339815762539,
            "F1": 0.8555778418792117,
            "Auc": 0.9446108663729809,
            "Epoch": 12,
            "Auc_Per_Class": 0.9446108663729809
        }
    },
    "late_(0.3)": {
        "Acc": {
            "Acc": 0.9007164790174002,
            "F1": 0.8673500095880766,
            "Auc": 0.9501439060205581,
            "Epoch": 7,
            "Auc_Per_Class": 0.9501439060205581
        },
        "Macro-F1": {
            "Acc": 0.9007164790174002,
            "F1": 0.8673500095880766,
            "Auc": 0.9501439060205581,
            "Epoch": 7,
            "Auc_Per_Class": 0.9501439060205581
        },
        "AUC": {
            "Acc": 0.9007164790174002,
            "F1": 0.8673500095880766,
            "Auc": 0.9501439060205581,
            "Epoch": 7,
            "Auc_Per_Class": 0.9501439060205581
        }
    },
    "early_(0.4)": {
        "Acc": {
            "Acc": 0.9150460593654043,
            "F1": 0.8855476187451747,
            "Auc": 0.9522584434654918,
            "Epoch": 6,
            "Auc_Per_Class": 0.9522584434654918
        },
        "Macro-F1": {
            "Acc": 0.9150460593654043,
            "F1": 0.8855476187451747,
            "Auc": 0.9522584434654918,
            "Epoch": 6,
            "Auc_Per_Class": 0.9522584434654918
        },
        "AUC": {
            "Acc": 0.9150460593654043,
            "F1": 0.8855476187451747,
            "Auc": 0.9522584434654918,
            "Epoch": 6,
            "Auc_Per_Class": 0.9522584434654918
        }
    },
    "late_(0.4)": {
        "Acc": {
            "Acc": 0.9150460593654043,
            "F1": 0.8842405494259207,
            "Auc": 0.954331864904552,
            "Epoch": 5,
            "Auc_Per_Class": 0.954331864904552
        },
        "Macro-F1": {
            "Acc": 0.9150460593654043,
            "F1": 0.8842405494259207,
            "Auc": 0.954331864904552,
            "Epoch": 5,
            "Auc_Per_Class": 0.954331864904552
        },
        "AUC": {
            "Acc": 0.9150460593654043,
            "F1": 0.8842405494259207,
            "Auc": 0.954331864904552,
            "Epoch": 5,
            "Auc_Per_Class": 0.954331864904552
        }
    },
    "early_(0.5)": {
        "Acc": {
            "Acc": 0.8945752302968271,
            "F1": 0.8621215505040056,
            "Auc": 0.9480411160058737,
            "Epoch": 8,
            "Auc_Per_Class": 0.9480411160058737
        },
        "Macro-F1": {
            "Acc": 0.8945752302968271,
            "F1": 0.8621215505040056,
            "Auc": 0.9480411160058737,
            "Epoch": 8,
            "Auc_Per_Class": 0.9480411160058737
        },
        "AUC": {
            "Acc": 0.8945752302968271,
            "F1": 0.8621215505040056,
            "Auc": 0.9480411160058737,
            "Epoch": 8,
            "Auc_Per_Class": 0.9480411160058737
        }
    },
    "late_(0.5)": {
        "Acc": {
            "Acc": 0.8986693961105425,
            "F1": 0.867476053397054,
            "Auc": 0.9454566813509545,
            "Epoch": 11,
            "Auc_Per_Class": 0.9454566813509545
        },
        "Macro-F1": {
            "Acc": 0.8986693961105425,
            "F1": 0.867476053397054,
            "Auc": 0.9454566813509545,
            "Epoch": 11,
            "Auc_Per_Class": 0.9454566813509545
        },
        "AUC": {
            "Acc": 0.8986693961105425,