{
    "early_(0)": {
        "Acc": {
            "Acc": 0.9615857406269207,
            "F1": 0.8713992989325272,
            "Auc": 0.988959199343377,
            "Epoch": 9,
            "Auc_Per_Class": 0.988959199343377
        },
        "Macro-F1": {
            "Acc": 0.9615857406269207,
            "F1": 0.8713992989325272,
            "Auc": 0.988959199343377,
            "Epoch": 9,
            "Auc_Per_Class": 0.988959199343377
        },
        "AUC": {
            "Acc": 0.9615857406269207,
            "F1": 0.8713992989325272,
            "Auc": 0.988959199343377,
            "Epoch": 9,
            "Auc_Per_Class": 0.988959199343377
        }
    },
    "late_(0)": {
        "Acc": {
            "Acc": 0.9701905347264905,
            "F1": 0.8939543447110385,
            "Auc": 0.9896725138730331,
            "Epoch": 3,
            "Auc_Per_Class": 0.9896725138730331
        },
        "Macro-F1": {
            "Acc": 0.9701905347264905,
            "F1": 0.8939543447110385,
            "Auc": 0.9896725138730331,
            "Epoch": 3,
            "Auc_Per_Class": 0.9896725138730331
        },
        "AUC": {
            "Acc": 0.9701905347264905,
            "F1": 0.8939543447110385,
            "Auc": 0.9896725138730331,
            "Epoch": 3,
            "Auc_Per_Class": 0.9896725138730331
        }
    },
    "early_(0.1)": {
        "Acc": {
            "Acc": 0.9689612784265519,
            "F1": 0.8895813279980918,
            "Auc": 0.9885620482406207,
            "Epoch": 7,
            "Auc_Per_Class": 0.9885620482406207
        },
        "Macro-F1": {
            "Acc": 0.9689612784265519,
            "F1": 0.8895813279980918,
            "Auc": 0.9885620482406207,
            "Epoch": 7,
            "Auc_Per_Class": 0.9885620482406207
        },
        "AUC": {
            "Acc": 0.9689612784265519,
            "F1": 0.8895813279980918,
            "Auc": 0.9885620482406207,
            "Epoch": 7,
            "Auc_Per_Class": 0.9885620482406207
        }
    },
    "late_(0.1)": {
        "Acc": {
            "Acc": 0.9551321450522434,
            "F1": 0.8554970751696013,
            "Auc": 0.9885682780618403,
            "Epoch": 4,
            "Auc_Per_Class": 0.9885682780618403
        },
        "Macro-F1": {
            "Acc": 0.9551321450522434,
            "F1": 0.8554970751696013,
            "Auc": 0.9885682780618403,
            "Epoch": 4,
            "Auc_Per_Class": 0.9885682780618403
        },
        "AUC": {
            "Acc": 0.9551321450522434,
            "F1": 0.8554970751696013,
            "Auc": 0.9885682780618403,
            "Epoch": 4,
            "Auc_Per_Class": 0.9885682780618403
        }
    },
    "early_(0.2)": {
        "Acc": {
            "Acc": 0.9520590043023971,
            "F1": 0.8466073915061498,
            "Auc": 0.9879234915656008,
            "Epoch": 7,
            "Auc_Per_Class": 0.9879234915656008
        },
        "Macro-F1": {
            "Acc": 0.9520590043023971,
            "F1": 0.8466073915061498,
            "Auc": 0.9879234915656008,
            "Epoch": 7,
            "Auc_Per_Class": 0.9879234915656008
        },
        "AUC": {
            "Acc": 0.9520590043023971,
            "F1": 0.8466073915061498,
            "Auc": 0.9879234915656008,
            "Epoch": 7,
            "Auc_Per_Class": 0.9879234915656008
        }
    },
    "late_(0.2)": {
        "Acc": {
            "Acc": 0.9683466502765826,
            "F1": 0.8882231095574407,
            "Auc": 0.987093367888075,
            "Epoch": 3,
            "Auc_Per_Class": 0.987093367888075
        },
        "Macro-F1": {
            "Acc": 0.9683466502765826,
            "F1": 0.8882231095574407,
            "Auc": 0.987093367888075,
            "Epoch": 3,
            "Auc_Per_Class": 0.987093367888075
        },
        "AUC": {
            "Acc": 0.9683466502765826,
            "F1": 0.8882231095574407,
            "Auc": 0.987093367888075,
            "Epoch": 3,
            "Auc_Per_Class": 0.987093367888075
        }
    },
    "early_(0.3)": {
        "Acc": {
            "Acc": 0.9652735095267363,
            "F1": 0.8778198555444463,
            "Auc": 0.9866183440200724,
            "Epoch": 10,
            "Auc_Per_Class": 0.9866183440200724
        },
        "Macro-F1": {
            "Acc": 0.9652735095267363,
            "F1": 0.8778198555444463,
            "Auc": 0.9866183440200724,
            "Epoch": 10,
            "Auc_Per_Class": 0.9866183440200724
        },
        "AUC": {
            "Acc": 0.9652735095267363,
            "F1": 0.8778198555444463,
            "Auc": 0.9866183440200724,
            "Epoch": 10,
            "Auc_Per_Class": 0.9866183440200724
        }
    },
    "late_(0.3)": {
        "Acc": {
            "Acc": 0.9649661954517517,
            "F1": 0.8778549442675894,
            "Auc": 0.9892551158513129,
            "Epoch": 7,
            "Auc_Per_Class": 0.9892551158513129
        },
        "Macro-F1": {
            "Acc": 0.9649661954517517,
            "F1": 0.8778549442675894,
            "Auc": 0.9892551158513129,
            "Epoch": 7,
            "Auc_Per_Class": 0.9892551158513129
        },
        "AUC": {
            "Acc": 0.9649661954517517,
            "F1": 0.8778549442675894,
            "Auc": 0.9892551158513129,
            "Epoch": 7,
            "Auc_Per_Class": 0.9892551158513129
        }
    },
    "early_(0.4)": {
        "Acc": {
            "Acc": 0.9640442532267978,
            "F1": 0.8762067805042213,
            "Auc": 0.98550787838766,
            "Epoch": 7,
            "Auc_Per_Class": 0.98550787838766
        },
        "Macro-F1": {
            "Acc": 0.9640442532267978,
            "F1": 0.8762067805042213,
            "Auc": 0.98550787838766,
            "Epoch": 7,
            "Auc_Per_Class": 0.98550787838766
        },
        "AUC": {
            "Acc": 0.9640442532267978,
            "F1": 0.8762067805042213,
            "Auc": 0.98550787838766,
            "Epoch": 7,
            "Auc_Per_Class": 0.98550787838766
        }
    },
    "late_(0.4)": {
        "Acc": {
            "Acc": 0.9631223110018439,
            "F1": 0.8750340833592558,
            "Auc": 0.990733140935688,
            "Epoch": 5,
            "Auc_Per_Class": 0.990733140935688
        },
        "Macro-F1": {
            "Acc": 0.9631223110018439,
            "F1": 0.8750340833592558,
            "Auc": 0.990733140935688,
            "Epoch": 5,
            "Auc_Per_Class": 0.990733140935688
        },
        "AUC": {
            "Acc": 0.9631223110018439,
            "F1": 0.8750340833592558,
            "Auc": 0.990733140935688,
            "Epoch": 5,
            "Auc_Per_Class": 0.990733140935688
        }
    },
    "early_(0.5)": {
        "Acc": {
            "Acc": 0.9683466502765826,
            "F1": 0.8873948196416183,
            "Auc": 0.9905711655839756,
            "Epoch": 7,
            "Auc_Per_Class": 0.9905711655839756
        },
        "Macro-F1": {
            "Acc": 0.9683466502765826,
            "F1": 0.8873948196416183,
            "Auc": 0.9905711655839756,
            "Epoch": 7,
            "Auc_Per_Class": 0.9905711655839756
        },
        "AUC": {
            "Acc": 0.9683466502765826,
            "F1": 0.8873948196416183,
            "Auc": 0.9905711655839756,
            "Epoch": 7,
            "Auc_Per_Class": 0.9905711655839756
        }
    },
    "late_(0.5)": {
        "Acc": {
            "Acc": 0.9695759065765212,
            "F1": 0.8909586450068323,
            "Auc": 0.9901054864478027,
            "Epoch": 4,
            "Auc_Per_Class": 0.9901054864478027
        },
        "Macro-F1": {
            "Acc": 0.9695759065765212,
            "F1": 0.8909586450068323,
            "Auc": 0.9901054864478027,
            "Epoch": 4,
            "Auc_Per_Class": 0.9901054864478027
        },
        "AUC": {
            "Acc": 0.9695759065765212,
            "F1": 0.8909586450068323,