{
    "early_(0)": {
        "mean": {
            "Acc": 0.7377686796315251,
            "Macro-F1": 0.666687947749061,
            "AUC": 0.7786795888399413
        },
        "std": {
            "Acc": 0.006284577864077254,
            "Macro-F1": 0.006979440926377347,
            "AUC": 0.004647820710755608
        }
    },
    "early_(0.1)": {
        "mean": {
            "Acc": 0.7404298874104401,
            "Macro-F1": 0.6696760066140885,
            "AUC": 0.7806607929515418
        },
        "std": {
            "Acc": 0.0071134290087590535,
            "Macro-F1": 0.007746595184498959,
            "AUC": 0.004629353959317602
        }
    },
    "early_(0.2)": {
        "mean": {
            "Acc": 0.744114636642784,
            "Macro-F1": 0.6742013608167318,
            "AUC": 0.7827007342143906
        },
        "std": {
            "Acc": 0.005464216096228905,
            "Macro-F1": 0.005176365137967072,
            "AUC": 0.004650711050119872
        }
    },
    "early_(0.3)": {
        "mean": {
            "Acc": 0.7467758444216991,
            "Macro-F1": 0.6768943559753096,
            "AUC": 0.7848516886930983
        },
        "std": {
            "Acc": 0.006577796934722449,
            "Macro-F1": 0.006594782252550783,
            "AUC": 0.004436006445741776
        }
    },
    "early_(0.4)": {
        "mean": {
            "Acc": 0.7488229273285568,
            "Macro-F1": 0.6788845591294547,
            "AUC": 0.7868863436123348
        },
        "std": {
            "Acc": 0.00620910988253967,
            "Macro-F1": 0.005968756146589229,
            "AUC": 0.0044418057506646225
        }
    },
    "early_(0.5)": {
        "mean": {
            "Acc": 0.7506653019447287,
            "Macro-F1": 0.6810110947383108,
            "AUC": 0.7887588839941263
        },
        "std": {
            "Acc": 0.006888973867129534,
            "Macro-F1": 0.006695470985715645,
            "AUC": 0.004446216900715881
        }
    },
    "early_(0.6)": {
        "mean": {
            "Acc": 0.7529170931422723,
            "Macro-F1": 0.6835037995507273,
            "AUC": 0.7903342143906021
        },
        "std": {
            "Acc": 0.006656954981170581,
            "Macro-F1": 0.0060592113826886075,
            "AUC": 0.004425848439049569
        }
    },
    "early_(0.7)": {
        "mean": {
            "Acc": 0.7533265097236438,
            "Macro-F1": 0.6838737483514212,
            "AUC": 0.7918120411160059
        },
        "std": {
            "Acc": 0.006941995888562218,
            "Macro-F1": 0.005851021569414698,
            "AUC": 0.004452806837044515
        }
    },
    "early_(0.8)": {
        "mean": {
            "Acc": 0.75496417604913,
            "Macro-F1": 0.685657979019166,
            "AUC": 0.7929409691629955
        },
        "std": {
            "Acc": 0.006251149021331633,
            "Macro-F1": 0.005401419544292563,
            "AUC": 0.004397613288230475
        }
    },
    "early_(0.9)": {
        "mean": {
            "Acc": 0.7555783009211873,
            "Macro-F1": 0.6863654671619949,
            "AUC": 0.7936
        },
        "std": {
            "Acc": 0.0061156066515003875,
            "Macro-F1": 0.0049533170528753764,
            "AUC": 0.004374124932085513
        }
    },
    "early_(1)": {
        "mean": {
            "Acc": 0.7572159672466735,
            "Macro-F1": 0.6880103495401345,
            "AUC": 0.7938049926578561
        },
        "std": {
            "Acc": 0.006881365942260658,
            "Macro-F1": 0.005788093678896721,
            "AUC": 0.004370243194111023
        }
    }
}