{
    "early_(0)": {
        "mean": {
            "Acc": 0.8988741044012283,
            "Macro-F1": 0.8588705768261212,
            "AUC": 0.9463459618208516
        },
        "std": {
            "Acc": 0.0029309766762080176,
            "Macro-F1": 0.003576960479965881,
            "AUC": 0.0005908501980738033
        }
    },
    "early_(0.1)": {
        "mean": {
            "Acc": 0.8994882292732856,
            "Macro-F1": 0.8600252410974591,
            "AUC": 0.946623201174743
        },
        "std": {
            "Acc": 0.003348091552465907,
            "Macro-F1": 0.004206021070408481,
            "AUC": 0.0005835647567157021
        }
    },
    "early_(0.2)": {
        "mean": {
            "Acc": 0.8998976458546571,
            "Macro-F1": 0.8610151196949478,
            "AUC": 0.9468710719530102
        },
        "std": {
            "Acc": 0.0028402122672490098,
            "Macro-F1": 0.0034282784562383707,
            "AUC": 0.0005393337215521328
        }
    },
    "early_(0.3)": {
        "mean": {
            "Acc": 0.8986693961105425,
            "Macro-F1": 0.8597225129245909,
            "AUC": 0.9470790014684287
        },
        "std": {
            "Acc": 0.0017728258009916428,
            "Macro-F1": 0.0023211340378714,
            "AUC": 0.0005354979457886143
        }
    },
    "early_(0.4)": {
        "mean": {
            "Acc": 0.8986693961105425,
            "Macro-F1": 0.8603073713191953,
            "AUC": 0.947262261380323
        },
        "std": {
            "Acc": 0.0016183611362171543,
            "Macro-F1": 0.0018612234862436766,
            "AUC": 0.0005189286866923092
        }
    },
    "early_(0.5)": {
        "mean": {
            "Acc": 0.8982599795291709,
            "Macro-F1": 0.8601566344210105,
            "AUC": 0.9473797356828194
        },
        "std": {
            "Acc": 0.0018593553863443851,
            "Macro-F1": 0.0021330141385642824,
            "AUC": 0.000552575818382557
        }
    },
    "early_(0.6)": {
        "mean": {
            "Acc": 0.8988741044012283,
            "Macro-F1": 0.8610421942276193,
            "AUC": 0.9474091042584435
        },
        "std": {
            "Acc": 0.0018309666141246616,
            "Macro-F1": 0.002094020010483177,
            "AUC": 0.0004992588753084973
        }
    },
    "early_(0.7)": {
        "mean": {
            "Acc": 0.8984646878198568,
            "Macro-F1": 0.8606437342514313,
            "AUC": 0.9474267254038179
        },
        "std": {
            "Acc": 0.0024436717269832493,
            "Macro-F1": 0.0029947315623009064,
            "AUC": 0.00046371855628360935
        }
    },
    "early_(0.8)": {
        "mean": {
            "Acc": 0.8986693961105425,
            "Macro-F1": 0.8609642233034915,
            "AUC": 0.9473985315712188
        },
        "std": {
            "Acc": 0.002507154291487361,
            "Macro-F1": 0.0032045411929928318,
            "AUC": 0.00043168010062156364
        }
    },
    "early_(0.9)": {
        "mean": {
            "Acc": 0.8988741044012283,
            "Macro-F1": 0.8612862324851439,
            "AUC": 0.9472552129221733
        },
        "std": {
            "Acc": 0.0019688212959745144,
            "Macro-F1": 0.0023297980022133984,
            "AUC": 0.00046005477664163533
        }
    },
    "early_(1)": {
        "mean": {
            "Acc": 0.8978505629477994,
            "Macro-F1": 0.8599203574335742,
            "AUC": 0.947073127753304
        },
        "std": {
            "Acc": 0.0013345347810036164,
            "Macro-F1": 0.0014961371569648405,
            "AUC": 0.0004048477057687082
        }
    }
}