{
    "early_(0)": {
        "mean": {
            "Acc": 0.8733251382913337,
            "Macro-F1": 0.6680001350318145,
            "AUC": 0.8672035734254516
        },
        "std": {
            "Acc": 0.0010951769933131754,
            "Macro-F1": 0.0011029755087749828,
            "AUC": 0.0008559028184375414
        }
    },
    "early_(0.1)": {
        "mean": {
            "Acc": 0.8730178242163491,
            "Macro-F1": 0.6677835301635231,
            "AUC": 0.8676007245282078
        },
        "std": {
            "Acc": 0.0008527619499392459,
            "Macro-F1": 0.000980976603732133,
            "AUC": 0.0008487974236005054
        }
    },
    "early_(0.2)": {
        "mean": {
            "Acc": 0.8727105101413645,
            "Macro-F1": 0.6675668884033021,
            "AUC": 0.8679622099044813
        },
        "std": {
            "Acc": 0.0007007839121691037,
            "Macro-F1": 0.0006244916869397065,
            "AUC": 0.0009171756304588604
        }
    },
    "early_(0.3)": {
        "mean": {
            "Acc": 0.8724031960663798,
            "Macro-F1": 0.6671837174473438,
            "AUC": 0.8683280561556084
        },
        "std": {
            "Acc": 0.0006662410383736534,
            "Macro-F1": 0.0005617112373453705,
            "AUC": 0.0009345296390052647
        }
    },
    "early_(0.4)": {
        "mean": {
            "Acc": 0.8720958819913952,
            "Macro-F1": 0.6668023790208585,
            "AUC": 0.8686895415318819
        },
        "std": {
            "Acc": 0.0008527619499392459,
            "Macro-F1": 0.0007692890719177198,
            "AUC": 0.0009060335436256177
        }
    },
    "early_(0.5)": {
        "mean": {
            "Acc": 0.8719114935464045,
            "Macro-F1": 0.666908210266547,
            "AUC": 0.8689734656339699
        },
        "std": {
            "Acc": 0.0008527619499392459,
            "Macro-F1": 0.0010341531276303402,
            "AUC": 0.0009004614763720272
        }
    },
    "early_(0.6)": {
        "mean": {
            "Acc": 0.8716041794714199,
            "Macro-F1": 0.6666978978202969,
            "AUC": 0.8691718854398176
        },
        "std": {
            "Acc": 0.001364003750533007,
            "Macro-F1": 0.0018665940013119068,
            "AUC": 0.0008980626810285075
        }
    },
    "early_(0.7)": {
        "mean": {
            "Acc": 0.8712968653964352,
            "Macro-F1": 0.6664816945272614,
            "AUC": 0.8692435283838442
        },
        "std": {
            "Acc": 0.0011165274815356392,
            "Macro-F1": 0.0013673809188958002,
            "AUC": 0.0008927346850021432
        }
    },
    "early_(0.8)": {
        "mean": {
            "Acc": 0.8712968653964352,
            "Macro-F1": 0.6664822565909427,
            "AUC": 0.86924851224082
        },
        "std": {
            "Acc": 0.0011782599577554215,
            "Macro-F1": 0.0015005341432645042,
            "AUC": 0.0009201332057812204
        }
    },
    "early_(0.9)": {
        "mean": {
            "Acc": 0.8710510141364475,
            "Macro-F1": 0.6661793647631238,
            "AUC": 0.8691715739487565
        },
        "std": {
            "Acc": 0.0012782196891877877,
            "Macro-F1": 0.0016873242695882248,
            "AUC": 0.0009381839801244149
        }
    },
    "early_(1)": {
        "mean": {
            "Acc": 0.8709280885064536,
            "Macro-F1": 0.6663590848219973,
            "AUC": 0.869059748657863
        },
        "std": {
            "Acc": 0.0010865193318785242,
            "Macro-F1": 0.0013461039513872303,
            "AUC": 0.0009238003833903236
        }
    }
}