{
    "early_(0)": {
        "mean": {
            "Acc": 0.39854953795765585,
            "Macro-F1": 0.377373054268338,
            "AUC": 0.8399345261917253
        },
        "std": {
            "Acc": 0.0006056784045140224,
            "Macro-F1": 0.0003670662892711876,
            "AUC": 9.223247838514502e-05
        }
    },
    "early_(0.1)": {
        "mean": {
            "Acc": 0.3998986236206964,
            "Macro-F1": 0.38075682670519556,
            "AUC": 0.8407751328628839
        },
        "std": {
            "Acc": 0.0006355638766943468,
            "Macro-F1": 0.0007229906549679302,
            "AUC": 9.029908861430725e-05
        }
    },
    "early_(0.2)": {
        "mean": {
            "Acc": 0.40145046204234414,
            "Macro-F1": 0.3844095986961898,
            "AUC": 0.8415882048980726
        },
        "std": {
            "Acc": 0.0005172729426997783,
            "Macro-F1": 0.0004074109098606385,
            "AUC": 8.947280815453524e-05
        }
    },
    "early_(0.3)": {
        "mean": {
            "Acc": 0.40270596950910437,
            "Macro-F1": 0.3875509869684241,
            "AUC": 0.8423221955563394
        },
        "std": {
            "Acc": 0.0004111647000105832,
            "Macro-F1": 0.00034259920030830555,
            "AUC": 8.483559405810411e-05
        }
    },
    "early_(0.4)": {
        "mean": {
            "Acc": 0.4034701914453932,
            "Macro-F1": 0.3903014967528801,
            "AUC": 0.8429591659519035
        },
        "std": {
            "Acc": 0.00029230186476376604,
            "Macro-F1": 0.0005851397329909424,
            "AUC": 8.441708538697232e-05
        }
    },
    "early_(0.5)": {
        "mean": {
            "Acc": 0.4042422115647054,
            "Macro-F1": 0.3922190338898313,
            "AUC": 0.8435103831675574
        },
        "std": {
            "Acc": 0.00045353658591166856,
            "Macro-F1": 0.0007320529276133287,
            "AUC": 8.325910807838122e-05
        }
    },
    "early_(0.6)": {
        "mean": {
            "Acc": 0.4048270752914571,
            "Macro-F1": 0.39399809837323624,
            "AUC": 0.8439798559407694
        },
        "std": {
            "Acc": 0.0005392881943937336,
            "Macro-F1": 0.0007014297881641509,
            "AUC": 8.18052986812277e-05
        }
    },
    "early_(0.7)": {
        "mean": {
            "Acc": 0.40530276445588176,
            "Macro-F1": 0.39511230746203635,
            "AUC": 0.8443496967466649
        },
        "std": {
            "Acc": 0.000573974877270936,
            "Macro-F1": 0.0005676278173277403,
            "AUC": 7.881570966785971e-05
        }
    },
    "early_(0.8)": {
        "mean": {
            "Acc": 0.40545092993332554,
            "Macro-F1": 0.39581679533666325,
            "AUC": 0.8446306255734584
        },
        "std": {
            "Acc": 0.0005476801122756774,
            "Macro-F1": 0.000440640558976202,
            "AUC": 7.737074659174794e-05
        }
    },
    "early_(0.9)": {
        "mean": {
            "Acc": 0.4057004717900729,
            "Macro-F1": 0.39632248395818837,
            "AUC": 0.8448225404547272
        },
        "std": {
            "Acc": 0.0007459401282687634,
            "Macro-F1": 0.0005258477920998185,
            "AUC": 7.524074604366466e-05
        }
    },
    "early_(1)": {
        "mean": {
            "Acc": 0.4055367099465825,
            "Macro-F1": 0.3961305239331404,
            "AUC": 0.8449028168049338
        },
        "std": {
            "Acc": 0.0006491723909468514,
            "Macro-F1": 0.00034345473220587854,
            "AUC": 7.314300750570557e-05
        }
    }
}