{
    "early_(0)": {
        "mean": {
            "Acc": 0.9702519975414874,
            "Macro-F1": 0.8943046872854983,
            "AUC": 0.9899379042569926
        },
        "std": {
            "Acc": 0.003137012945341111,
            "Macro-F1": 0.008558703239550746,
            "AUC": 0.00018857947700411833
        }
    },
    "early_(0.1)": {
        "mean": {
            "Acc": 0.9703134603564844,
            "Macro-F1": 0.8943998389402257,
            "AUC": 0.9899273135609191
        },
        "std": {
            "Acc": 0.003123436004246351,
            "Macro-F1": 0.008638230799997077,
            "AUC": 0.00018017610696307128
        }
    },
    "early_(0.2)": {
        "mean": {
            "Acc": 0.970620774431469,
            "Macro-F1": 0.8952849589742616,
            "AUC": 0.989908001115138
        },
        "std": {
            "Acc": 0.0029364177469185866,
            "Macro-F1": 0.008152484481904889,
            "AUC": 0.0001473602943730446
        }
    },
    "early_(0.3)": {
        "mean": {
            "Acc": 0.9710510141364475,
            "Macro-F1": 0.8966341298100963,
            "AUC": 0.9898721796431247
        },
        "std": {
            "Acc": 0.0030608235028860057,
            "Macro-F1": 0.008723212418980622,
            "AUC": 0.00014871618691541085
        }
    },
    "early_(0.4)": {
        "mean": {
            "Acc": 0.9710510141364475,
            "Macro-F1": 0.8966422733326328,
            "AUC": 0.9898332432605015
        },
        "std": {
            "Acc": 0.003152029847561939,
            "Macro-F1": 0.00897502261050431,
            "AUC": 0.00013596058513944443
        }
    },
    "early_(0.5)": {
        "mean": {
            "Acc": 0.9708666256914567,
            "Macro-F1": 0.8960786085345568,
            "AUC": 0.9897868310924147
        },
        "std": {
            "Acc": 0.002942843176367358,
            "Macro-F1": 0.00830286537834494,
            "AUC": 0.00012399926673073067
        }
    },
    "early_(0.6)": {
        "mean": {
            "Acc": 0.9708051628764598,
            "Macro-F1": 0.8958214207237067,
            "AUC": 0.9897223524427907
        },
        "std": {
            "Acc": 0.0030188817923154096,
            "Macro-F1": 0.008638227198521649,
            "AUC": 0.00012539691583733284
        }
    },
    "early_(0.7)": {
        "mean": {
            "Acc": 0.970497848801475,
            "Macro-F1": 0.8949314536554487,
            "AUC": 0.9896513324808861
        },
        "std": {
            "Acc": 0.0031264581975070727,
            "Macro-F1": 0.008922593897216398,
            "AUC": 0.00013217557122038165
        }
    },
    "early_(0.8)": {
        "mean": {
            "Acc": 0.9706822372464659,
            "Macro-F1": 0.8955650416322095,
            "AUC": 0.9895706562960909
        },
        "std": {
            "Acc": 0.0033495824446069704,
            "Macro-F1": 0.009773050320784293,
            "AUC": 0.00012131467162705181
        }
    },
    "early_(0.9)": {
        "mean": {
            "Acc": 0.9703749231714812,
            "Macro-F1": 0.894593730096294,
            "AUC": 0.9894977673878204
        },
        "std": {
            "Acc": 0.0034809339249279063,
            "Macro-F1": 0.01018248904614245,
            "AUC": 0.00011478456163490216
        }
    },
    "early_(1)": {
        "mean": {
            "Acc": 0.9703134603564844,
            "Macro-F1": 0.8944070451547836,
            "AUC": 0.9893903029717804
        },
        "std": {
            "Acc": 0.003419343834222808,
            "Macro-F1": 0.009979847126867234,
            "AUC": 0.00010716718561202564
        }
    }
}