{
    "early_(0)": {
        "Acc": {
            "Acc": 0.9330055316533498,
            "F1": 0.8004810694231779,
            "Auc": 0.974252148898957,
            "Epoch": 11,
            "Auc_Per_Class": 0.974252148898957
        },
        "Macro-F1": {
            "Acc": 0.9330055316533498,
            "F1": 0.8004810694231779,
            "Auc": 0.974252148898957,
            "Epoch": 11,
            "Auc_Per_Class": 0.974252148898957
        },
        "AUC": {
            "Acc": 0.9330055316533498,
            "F1": 0.8004810694231779,
            "Auc": 0.974252148898957,
            "Epoch": 11,
            "Auc_Per_Class": 0.974252148898957
        }
    },
    "late_(0)": {
        "Acc": {
            "Acc": 0.9320835894283959,
            "F1": 0.7955980768766157,
            "Auc": 0.9716153770677166,
            "Epoch": 4,
            "Auc_Per_Class": 0.9716153770677166
        },
        "Macro-F1": {
            "Acc": 0.9320835894283959,
            "F1": 0.7955980768766157,
            "Auc": 0.9716153770677166,
            "Epoch": 4,
            "Auc_Per_Class": 0.9716153770677166
        },
        "AUC": {
            "Acc": 0.9320835894283959,
            "F1": 0.7955980768766157,
            "Auc": 0.9716153770677166,
            "Epoch": 4,
            "Auc_Per_Class": 0.9716153770677166
        }
    },
    "early_(0.1)": {
        "Acc": {
            "Acc": 0.9182544560540873,
            "F1": 0.773916577598213,
            "Auc": 0.9746913512949462,
            "Epoch": 11,
            "Auc_Per_Class": 0.9746913512949462
        },
        "Macro-F1": {
            "Acc": 0.9182544560540873,
            "F1": 0.773916577598213,
            "Auc": 0.9746913512949462,
            "Epoch": 11,
            "Auc_Per_Class": 0.9746913512949462
        },
        "AUC": {
            "Acc": 0.9182544560540873,
            "F1": 0.773916577598213,
            "Auc": 0.9746913512949462,
            "Epoch": 11,
            "Auc_Per_Class": 0.9746913512949462
        }
    },
    "late_(0.1)": {
        "Acc": {
            "Acc": 0.8985863552550707,
            "F1": 0.7429510337781616,
            "Auc": 0.9709051774486702,
            "Epoch": 7,
            "Auc_Per_Class": 0.9709051774486702
        },
        "Macro-F1": {
            "Acc": 0.8985863552550707,
            "F1": 0.7429510337781616,
            "Auc": 0.9709051774486702,
            "Epoch": 7,
            "Auc_Per_Class": 0.9709051774486702
        },
        "AUC": {
            "Acc": 0.8985863552550707,
            "F1": 0.7429510337781616,
            "Auc": 0.9709051774486702,
            "Epoch": 7,
            "Auc_Per_Class": 0.9709051774486702
        }
    },
    "early_(0.2)": {
        "Acc": {
            "Acc": 0.9108789182544561,
            "F1": 0.7612643381553049,
            "Auc": 0.9716107047018018,
            "Epoch": 4,
            "Auc_Per_Class": 0.9716107047018018
        },
        "Macro-F1": {
            "Acc": 0.9108789182544561,
            "F1": 0.7612643381553049,
            "Auc": 0.9716107047018018,
            "Epoch": 4,
            "Auc_Per_Class": 0.9716107047018018
        },
        "AUC": {
            "Acc": 0.9108789182544561,
            "F1": 0.7612643381553049,
            "Auc": 0.9716107047018018,
            "Epoch": 4,
            "Auc_Per_Class": 0.9716107047018018
        }
    },
    "late_(0.2)": {
        "Acc": {
            "Acc": 0.9357713583282115,
            "F1": 0.8031175861794443,
            "Auc": 0.9749327568672098,
            "Epoch": 12,
            "Auc_Per_Class": 0.9749327568672098
        },
        "Macro-F1": {
            "Acc": 0.9357713583282115,
            "F1": 0.8031175861794443,
            "Auc": 0.9749327568672098,
            "Epoch": 12,
            "Auc_Per_Class": 0.9749327568672098
        },
        "AUC": {
            "Acc": 0.9357713583282115,
            "F1": 0.8031175861794443,
            "Auc": 0.9749327568672098,
            "Epoch": 12,
            "Auc_Per_Class": 0.9749327568672098
        }
    },
    "early_(0.3)": {
        "Acc": {
            "Acc": 0.9320835894283959,
            "F1": 0.7968255887640341,
            "Auc": 0.972685348862201,
            "Epoch": 4,
            "Auc_Per_Class": 0.972685348862201
        },
        "Macro-F1": {
            "Acc": 0.9320835894283959,
            "F1": 0.7968255887640341,
            "Auc": 0.972685348862201,
            "Epoch": 4,
            "Auc_Per_Class": 0.972685348862201
        },
        "AUC": {
            "Acc": 0.9320835894283959,
            "F1": 0.7968255887640341,
            "Auc": 0.972685348862201,
            "Epoch": 4,
            "Auc_Per_Class": 0.972685348862201
        }
    },
    "late_(0.3)": {
        "Acc": {
            "Acc": 0.9028887523048555,
            "F1": 0.7502140126026945,
            "Auc": 0.9732834116992927,
            "Epoch": 12,
            "Auc_Per_Class": 0.9732834116992927
        },
        "Macro-F1": {
            "Acc": 0.9028887523048555,
            "F1": 0.7502140126026945,
            "Auc": 0.9732834116992927,
            "Epoch": 12,
            "Auc_Per_Class": 0.9732834116992927
        },
        "AUC": {
            "Acc": 0.9028887523048555,
            "F1": 0.7502140126026945,
            "Auc": 0.9732834116992927,
            "Epoch": 12,
            "Auc_Per_Class": 0.9732834116992927
        }
    },
    "early_(0.4)": {
        "Acc": {
            "Acc": 0.9244007375537799,
            "F1": 0.7838364199031093,
            "Auc": 0.9755681986316198,
            "Epoch": 10,
            "Auc_Per_Class": 0.9755681986316198
        },
        "Macro-F1": {
            "Acc": 0.9244007375537799,
            "F1": 0.7838364199031093,
            "Auc": 0.9755681986316198,
            "Epoch": 10,
            "Auc_Per_Class": 0.9755681986316198
        },
        "AUC": {
            "Acc": 0.9244007375537799,
            "F1": 0.7838364199031093,
            "Auc": 0.9755681986316198,
            "Epoch": 10,
            "Auc_Per_Class": 0.9755681986316198
        }
    },
    "late_(0.4)": {
        "Acc": {
            "Acc": 0.9087277197295636,
            "F1": 0.759565443568641,
            "Auc": 0.9723754152565206,
            "Epoch": 2,
            "Auc_Per_Class": 0.9723754152565206
        },
        "Macro-F1": {
            "Acc": 0.9087277197295636,
            "F1": 0.759565443568641,
            "Auc": 0.9723754152565206,
            "Epoch": 2,
            "Auc_Per_Class": 0.9723754152565206
        },
        "AUC": {
            "Acc": 0.9087277197295636,
            "F1": 0.759565443568641,
            "Auc": 0.9723754152565206,
            "Epoch": 2,
            "Auc_Per_Class": 0.9723754152565206
        }
    },
    "early_(0.5)": {
        "Acc": {
            "Acc": 0.9333128457283344,
            "F1": 0.7980758644612,
            "Auc": 0.9735528514670451,
            "Epoch": 8,
            "Auc_Per_Class": 0.9735528514670451
        },
        "Macro-F1": {
            "Acc": 0.9333128457283344,
            "F1": 0.7980758644612,
            "Auc": 0.9735528514670451,
            "Epoch": 8,
            "Auc_Per_Class": 0.9735528514670451
        },
        "AUC": {
            "Acc": 0.9333128457283344,
            "F1": 0.7980758644612,
            "Auc": 0.9735528514670451,
            "Epoch": 8,
            "Auc_Per_Class": 0.9735528514670451
        }
    },
    "late_(0.5)": {
        "Acc": {
            "Acc": 0.9157959434542102,
            "F1": 0.7702318514303621,
            "Auc": 0.9714938955539324,
            "Epoch": 3,
            "Auc_Per_Class": 0.9714938955539324
        },
        "Macro-F1": {
            "Acc": 0.9157959434542102,
            "F1": 0.7702318514303621,
            "Auc": 0.9714938955539324,
            "Epoch": 3,
            "Auc_Per_Class": 0.9714938955539324
        },
        "AUC": {
            "Acc": 0.9157959434542102,