{
    "early_(0)": {
        "mean": {
            "Acc": 0.4641556517331462,
            "Macro-F1": 0.527142739946463,
            "AUC": 0.8888750752818637
        },
        "std": {
            "Acc": 0.0004657741851762005,
            "Macro-F1": 0.0013235030605049955,
            "AUC": 2.5462587237197913e-05
        }
    },
    "early_(0.1)": {
        "mean": {
            "Acc": 0.4646625336296643,
            "Macro-F1": 0.5281267437949143,
            "AUC": 0.8891081081738901
        },
        "std": {
            "Acc": 0.00012143651501069898,
            "Macro-F1": 0.0013659053900661625,
            "AUC": 2.615129091376406e-05
        }
    },
    "early_(0.2)": {
        "mean": {
            "Acc": 0.464919873669435,
            "Macro-F1": 0.5291939520599025,
            "AUC": 0.8893222796873107
        },
        "std": {
            "Acc": 0.0003000020908748904,
            "Macro-F1": 0.0014502817906297798,
            "AUC": 2.5051907784529453e-05
        }
    },
    "early_(0.3)": {
        "mean": {
            "Acc": 0.4653721682847896,
            "Macro-F1": 0.5302158884620735,
            "AUC": 0.8895167193302428
        },
        "std": {
            "Acc": 0.00026816000099894944,
            "Macro-F1": 0.00150243517202661,
            "AUC": 2.4426929278129303e-05
        }
    },
    "early_(0.4)": {
        "mean": {
            "Acc": 0.46594923382851794,
            "Macro-F1": 0.5310117465969258,
            "AUC": 0.8896959972242752
        },
        "std": {
            "Acc": 0.00039320941195395716,
            "Macro-F1": 0.0015388846501063677,
            "AUC": 2.4204272928800515e-05
        }
    },
    "early_(0.5)": {
        "mean": {
            "Acc": 0.46642492299294264,
            "Macro-F1": 0.5321464301208053,
            "AUC": 0.889852783922236
        },
        "std": {
            "Acc": 0.00017782593287310092,
            "Macro-F1": 0.0015290730090734594,
            "AUC": 2.5122664058938488e-05
        }
    },
    "early_(0.6)": {
        "mean": {
            "Acc": 0.4667134557648068,
            "Macro-F1": 0.533069643088838,
            "AUC": 0.8899858546360607
        },
        "std": {
            "Acc": 0.00011500667683356492,
            "Macro-F1": 0.0013133963321565508,
            "AUC": 2.3406818209026623e-05
        }
    },
    "early_(0.7)": {
        "mean": {
            "Acc": 0.46722033766132487,
            "Macro-F1": 0.5338401736809759,
            "AUC": 0.8901054891750326
        },
        "std": {
            "Acc": 0.00015449458226036867,
            "Macro-F1": 0.0013063122394930688,
            "AUC": 2.4154197868906724e-05
        }
    },
    "early_(0.8)": {
        "mean": {
            "Acc": 0.46747767770109566,
            "Macro-F1": 0.5343651878651988,
            "AUC": 0.890207469040369
        },
        "std": {
            "Acc": 0.0002505754125326283,
            "Macro-F1": 0.0015849622107209677,
            "AUC": 2.312992412671441e-05
        }
    },
    "early_(0.9)": {
        "mean": {
            "Acc": 0.46810933052598747,
            "Macro-F1": 0.5345286953764673,
            "AUC": 0.8903026425798695
        },
        "std": {
            "Acc": 0.00016906057931670893,
            "Macro-F1": 0.0012976155994681193,
            "AUC": 2.41737600519986e-05
        }
    },
    "early_(1)": {
        "mean": {
            "Acc": 0.46816391780715094,
            "Macro-F1": 0.5345610178851326,
            "AUC": 0.8903531900593012
        },
        "std": {
            "Acc": 0.000317961290410177,
            "Macro-F1": 0.0012848881682264348,
            "AUC": 2.4200136619934233e-05
        }
    }
}