{
    "early_(0)": {
        "mean": {
            "Acc": 0.7035823950870009,
            "Macro-F1": 0.643951990790539,
            "AUC": 0.7542684287812041
        },
        "std": {
            "Acc": 0.0028585957100857686,
            "Macro-F1": 0.0030553943934254644,
            "AUC": 0.0029737402100366668
        }
    },
    "early_(0.1)": {
        "mean": {
            "Acc": 0.7046059365404298,
            "Macro-F1": 0.6449686234410783,
            "AUC": 0.7554842878120411
        },
        "std": {
            "Acc": 0.0029487943277150407,
            "Macro-F1": 0.003419169672543301,
            "AUC": 0.0029709196521474513
        }
    },
    "early_(0.2)": {
        "mean": {
            "Acc": 0.7039918116683725,
            "Macro-F1": 0.6440196340455306,
            "AUC": 0.756671953010279
        },
        "std": {
            "Acc": 0.002649371362445204,
            "Macro-F1": 0.002334412729581466,
            "AUC": 0.002900668664368862
        }
    },
    "early_(0.3)": {
        "mean": {
            "Acc": 0.7070624360286591,
            "Macro-F1": 0.6460659945430085,
            "AUC": 0.757726872246696
        },
        "std": {
            "Acc": 0.005624823608611719,
            "Macro-F1": 0.005909043055001488,
            "AUC": 0.0029296858101698813
        }
    },
    "early_(0.4)": {
        "mean": {
            "Acc": 0.7084953940634595,
            "Macro-F1": 0.6472905510309288,
            "AUC": 0.7589491923641704
        },
        "std": {
            "Acc": 0.005086908347917794,
            "Macro-F1": 0.004999945178284404,
            "AUC": 0.0028566102610277614
        }
    },
    "early_(0.5)": {
        "mean": {
            "Acc": 0.7109518935516889,
            "Macro-F1": 0.6498201936715082,
            "AUC": 0.7600258443465492
        },
        "std": {
            "Acc": 0.004554471947039314,
            "Macro-F1": 0.004660092162586883,
            "AUC": 0.002902366035079969
        }
    },
    "early_(0.6)": {
        "mean": {
            "Acc": 0.7127942681678607,
            "Macro-F1": 0.6515327098108927,
            "AUC": 0.7611060205580029
        },
        "std": {
            "Acc": 0.00351598035564334,
            "Macro-F1": 0.00397761405813636,
            "AUC": 0.002922361876749247
        }
    },
    "early_(0.7)": {
        "mean": {
            "Acc": 0.7146366427840327,
            "Macro-F1": 0.6535483089090075,
            "AUC": 0.7621080763582966
        },
        "std": {
            "Acc": 0.004055601383041761,
            "Macro-F1": 0.005128907598451008,
            "AUC": 0.0029795707441484924
        }
    },
    "early_(0.8)": {
        "mean": {
            "Acc": 0.7158648925281473,
            "Macro-F1": 0.6547582104055267,
            "AUC": 0.762975624082232
        },
        "std": {
            "Acc": 0.00449659828791993,
            "Macro-F1": 0.005223876320086602,
            "AUC": 0.002971010230170041
        }
    },
    "early_(0.9)": {
        "mean": {
            "Acc": 0.716274309109519,
            "Macro-F1": 0.6549641599153659,
            "AUC": 0.7636781204111601
        },
        "std": {
            "Acc": 0.003647600753573288,
            "Macro-F1": 0.00421071703297803,
            "AUC": 0.0030213724891783324
        }
    },
    "early_(1)": {
        "mean": {
            "Acc": 0.7170931422722621,
            "Macro-F1": 0.6553720815750748,
            "AUC": 0.7641168869309839
        },
        "std": {
            "Acc": 0.0029487943277150407,
            "Macro-F1": 0.003817037594140498,
            "AUC": 0.0030534227157026886
        }
    }
}