{
    "early_(0)": {
        "mean": {
            "Acc": 0.8893669330055316,
            "Macro-F1": 0.7281975580247759,
            "AUC": 0.9623936842072475
        },
        "std": {
            "Acc": 0.004863918804961426,
            "Macro-F1": 0.0062368348524724105,
            "AUC": 0.0003993407730407456
        }
    },
    "early_(0.1)": {
        "mean": {
            "Acc": 0.8909035033804549,
            "Macro-F1": 0.7302642456233355,
            "AUC": 0.9629842712588756
        },
        "std": {
            "Acc": 0.004500866169599526,
            "Macro-F1": 0.0054752219416656185,
            "AUC": 0.000400268134408545
        }
    },
    "early_(0.2)": {
        "mean": {
            "Acc": 0.8923786109403811,
            "Macro-F1": 0.7322685296670604,
            "AUC": 0.9635007234379891
        },
        "std": {
            "Acc": 0.004199084462789445,
            "Macro-F1": 0.0051760414795052586,
            "AUC": 0.0003767583854989001
        }
    },
    "early_(0.3)": {
        "mean": {
            "Acc": 0.8937922556853104,
            "Macro-F1": 0.7343451547289997,
            "AUC": 0.9639850920378212
        },
        "std": {
            "Acc": 0.0043166416224753,
            "Macro-F1": 0.005482597144032234,
            "AUC": 0.0003598385802826817
        }
    },
    "early_(0.4)": {
        "mean": {
            "Acc": 0.8948985863552551,
            "Macro-F1": 0.7359828763246901,
            "AUC": 0.9644052934790903
        },
        "std": {
            "Acc": 0.004410786753044635,
            "Macro-F1": 0.0058470568144363315,
            "AUC": 0.0003514410923226445
        }
    },
    "early_(0.5)": {
        "mean": {
            "Acc": 0.8962507682851875,
            "Macro-F1": 0.7377557083654751,
            "AUC": 0.9648205110633837
        },
        "std": {
            "Acc": 0.0045716519413986495,
            "Macro-F1": 0.006496457145234408,
            "AUC": 0.00032959485751007234
        }
    },
    "early_(0.6)": {
        "mean": {
            "Acc": 0.8974185617701291,
            "Macro-F1": 0.7393851327716913,
            "AUC": 0.965237597594043
        },
        "std": {
            "Acc": 0.004555095429099174,
            "Macro-F1": 0.0065873629228050115,
            "AUC": 0.0003098846867661815
        }
    },
    "early_(0.7)": {
        "mean": {
            "Acc": 0.897541487400123,
            "Macro-F1": 0.7397042309026034,
            "AUC": 0.9655131114374845
        },
        "std": {
            "Acc": 0.004709030438691542,
            "Macro-F1": 0.00685317817822001,
            "AUC": 0.00030312137669569514
        }
    },
    "early_(0.8)": {
        "mean": {
            "Acc": 0.897541487400123,
            "Macro-F1": 0.739566412806482,
            "AUC": 0.9656852102486789
        },
        "std": {
            "Acc": 0.0044406617991858246,
            "Macro-F1": 0.006533566784433323,
            "AUC": 0.0002890613549755203
        }
    },
    "early_(0.9)": {
        "mean": {
            "Acc": 0.8979102642901045,
            "Macro-F1": 0.740119892655601,
            "AUC": 0.9658132330747438
        },
        "std": {
            "Acc": 0.004321015120681674,
            "Macro-F1": 0.006357673184670467,
            "AUC": 0.0002695356287284534
        }
    },
    "early_(1)": {
        "mean": {
            "Acc": 0.8985248924400737,
            "Macro-F1": 0.7411635100804685,
            "AUC": 0.9659203859997227
        },
        "std": {
            "Acc": 0.003871425575482099,
            "Macro-F1": 0.005663219169539337,
            "AUC": 0.00026226502228335574
        }
    }
}