{
    "early_(0)": {
        "Acc": {
            "Acc": 0.7154554759467758,
            "F1": 0.6669045867059111,
            "Auc": 0.7831365638766519,
            "Epoch": 1,
            "Auc_Per_Class": 0.7831365638766519
        },
        "Macro-F1": {
            "Acc": 0.7154554759467758,
            "F1": 0.6669045867059111,
            "Auc": 0.7831365638766519,
            "Epoch": 1,
            "Auc_Per_Class": 0.7831365638766519
        },
        "AUC": {
            "Acc": 0.7154554759467758,
            "F1": 0.6669045867059111,
            "Auc": 0.7831365638766519,
            "Epoch": 1,
            "Auc_Per_Class": 0.7831365638766519
        }
    },
    "late_(0)": {
        "Acc": {
            "Acc": 0.7471852610030706,
            "F1": 0.68212575658783,
            "Auc": 0.7662202643171807,
            "Epoch": 1,
            "Auc_Per_Class": 0.7662202643171807
        },
        "Macro-F1": {
            "Acc": 0.7471852610030706,
            "F1": 0.68212575658783,
            "Auc": 0.7662202643171807,
            "Epoch": 1,
            "Auc_Per_Class": 0.7662202643171807
        },
        "AUC": {
            "Acc": 0.7471852610030706,
            "F1": 0.68212575658783,
            "Auc": 0.7662202643171807,
            "Epoch": 1,
            "Auc_Per_Class": 0.7662202643171807
        }
    },
    "early_(0.1)": {
        "Acc": {
            "Acc": 0.7349027635619243,
            "F1": 0.6733888090785063,
            "Auc": 0.7847459618208517,
            "Epoch": 5,
            "Auc_Per_Class": 0.7847459618208517
        },
        "Macro-F1": {
            "Acc": 0.7349027635619243,
            "F1": 0.6733888090785063,
            "Auc": 0.7847459618208517,
            "Epoch": 5,
            "Auc_Per_Class": 0.7847459618208517
        },
        "AUC": {
            "Acc": 0.7349027635619243,
            "F1": 0.6733888090785063,
            "Auc": 0.7847459618208517,
            "Epoch": 5,
            "Auc_Per_Class": 0.7847459618208517
        }
    },
    "late_(0.1)": {
        "Acc": {
            "Acc": 0.7400204708290685,
            "F1": 0.677921005907944,
            "Auc": 0.7917474302496328,
            "Epoch": 7,
            "Auc_Per_Class": 0.7917474302496328
        },
        "Macro-F1": {
            "Acc": 0.7400204708290685,
            "F1": 0.677921005907944,
            "Auc": 0.7917474302496328,
            "Epoch": 7,
            "Auc_Per_Class": 0.7917474302496328
        },
        "AUC": {
            "Acc": 0.7400204708290685,
            "F1": 0.677921005907944,
            "Auc": 0.7917474302496328,
            "Epoch": 7,
            "Auc_Per_Class": 0.7917474302496328
        }
    },
    "early_(0.2)": {
        "Acc": {
            "Acc": 0.7635619242579325,
            "F1": 0.6947011294138654,
            "Auc": 0.7954654919236418,
            "Epoch": 2,
            "Auc_Per_Class": 0.7954654919236418
        },
        "Macro-F1": {
            "Acc": 0.7635619242579325,
            "F1": 0.6947011294138654,
            "Auc": 0.7954654919236418,
            "Epoch": 2,
            "Auc_Per_Class": 0.7954654919236418
        },
        "AUC": {
            "Acc": 0.7635619242579325,
            "F1": 0.6947011294138654,
            "Auc": 0.7954654919236418,
            "Epoch": 2,
            "Auc_Per_Class": 0.7954654919236418
        }
    },
    "late_(0.2)": {
        "Acc": {
            "Acc": 0.6724667349027635,
            "F1": 0.6270316183277502,
            "Auc": 0.7751424375917768,
            "Epoch": 1,
            "Auc_Per_Class": 0.7751424375917768
        },
        "Macro-F1": {
            "Acc": 0.6724667349027635,
            "F1": 0.6270316183277502,
            "Auc": 0.7751424375917768,
            "Epoch": 1,
            "Auc_Per_Class": 0.7751424375917768
        },
        "AUC": {
            "Acc": 0.6724667349027635,
            "F1": 0.6270316183277502,
            "Auc": 0.7751424375917768,
            "Epoch": 1,
            "Auc_Per_Class": 0.7751424375917768
        }
    },
    "early_(0.3)": {
        "Acc": {
            "Acc": 0.676560900716479,
            "F1": 0.6316937230986535,
            "Auc": 0.7766519823788547,
            "Epoch": 1,
            "Auc_Per_Class": 0.7766519823788547
        },
        "Macro-F1": {
            "Acc": 0.676560900716479,
            "F1": 0.6316937230986535,
            "Auc": 0.7766519823788547,
            "Epoch": 1,
            "Auc_Per_Class": 0.7766519823788547
        },
        "AUC": {
            "Acc": 0.676560900716479,
            "F1": 0.6316937230986535,
            "Auc": 0.7766519823788547,
            "Epoch": 1,
            "Auc_Per_Class": 0.7766519823788547
        }
    },
    "late_(0.3)": {
        "Acc": {
            "Acc": 0.7451381780962129,
            "F1": 0.6824829379265518,
            "Auc": 0.7796064610866373,
            "Epoch": 1,
            "Auc_Per_Class": 0.7796064610866373
        },
        "Macro-F1": {
            "Acc": 0.7451381780962129,
            "F1": 0.6824829379265518,
            "Auc": 0.7796064610866373,
            "Epoch": 1,
            "Auc_Per_Class": 0.7796064610866373
        },
        "AUC": {
            "Acc": 0.7451381780962129,
            "F1": 0.6824829379265518,
            "Auc": 0.7796064610866373,
            "Epoch": 1,
            "Auc_Per_Class": 0.7796064610866373
        }
    },
    "early_(0.4)": {
        "Acc": {
            "Acc": 0.6960081883316275,
            "F1": 0.6573933372296903,
            "Auc": 0.7942966226138032,
            "Epoch": 2,
            "Auc_Per_Class": 0.7942966226138032
        },
        "Macro-F1": {
            "Acc": 0.6960081883316275,
            "F1": 0.6573933372296903,
            "Auc": 0.7942966226138032,
            "Epoch": 2,
            "Auc_Per_Class": 0.7942966226138032
        },
        "AUC": {
            "Acc": 0.6960081883316275,
            "F1": 0.6573933372296903,
            "Auc": 0.7942966226138032,
            "Epoch": 2,
            "Auc_Per_Class": 0.7942966226138032
        }
    },
    "late_(0.4)": {
        "Acc": {
            "Acc": 0.6489252814738997,
            "F1": 0.6160211656944334,
            "Auc": 0.7860323054331864,
            "Epoch": 1,
            "Auc_Per_Class": 0.7860323054331864
        },
        "Macro-F1": {
            "Acc": 0.6489252814738997,
            "F1": 0.6160211656944334,
            "Auc": 0.7860323054331864,
            "Epoch": 1,
            "Auc_Per_Class": 0.7860323054331864
        },
        "AUC": {
            "Acc": 0.6489252814738997,
            "F1": 0.6160211656944334,
            "Auc": 0.7860323054331864,
            "Epoch": 1,
            "Auc_Per_Class": 0.7860323054331864
        }
    },
    "early_(0.5)": {
        "Acc": {
            "Acc": 0.6775844421699079,
            "F1": 0.6420058976461761,
            "Auc": 0.7829544787077825,
            "Epoch": 3,
            "Auc_Per_Class": 0.7829544787077825
        },
        "Macro-F1": {
            "Acc": 0.6775844421699079,
            "F1": 0.6420058976461761,
            "Auc": 0.7829544787077825,
            "Epoch": 3,
            "Auc_Per_Class": 0.7829544787077825
        },
        "AUC": {
            "Acc": 0.6775844421699079,
            "F1": 0.6420058976461761,
            "Auc": 0.7829544787077825,
            "Epoch": 3,
            "Auc_Per_Class": 0.7829544787077825
        }
    },
    "late_(0.5)": {
        "Acc": {
            "Acc": 0.6745138178096213,
            "F1": 0.6311474242078869,
            "Auc": 0.7846637298091043,
            "Epoch": 5,
            "Auc_Per_Class": 0.7846637298091043
        },
        "Macro-F1": {
            "Acc": 0.6745138178096213,
            "F1": 0.6311474242078869,
            "Auc": 0.7846637298091043,
            "Epoch": 5,
            "Auc_Per_Class": 0.7846637298091043
        },
        "AUC": {
            "Acc": 0.6745138178096213,