{
    "early_(0)": {
        "Acc": {
            "Acc": 0.8730792870313461,
            "F1": 0.7066430334099886,
            "Auc": 0.9613533040635567,
            "Epoch": 3,
            "Auc_Per_Class": 0.9613533040635567
        },
        "Macro-F1": {
            "Acc": 0.8730792870313461,
            "F1": 0.7066430334099886,
            "Auc": 0.9613533040635567,
            "Epoch": 3,
            "Auc_Per_Class": 0.9613533040635567
        },
        "AUC": {
            "Acc": 0.8730792870313461,
            "F1": 0.7066430334099886,
            "Auc": 0.9613533040635567,
            "Epoch": 3,
            "Auc_Per_Class": 0.9613533040635567
        }
    },
    "late_(0)": {
        "Acc": {
            "Acc": 0.8816840811309158,
            "F1": 0.7174044219071971,
            "Auc": 0.9620292396658946,
            "Epoch": 5,
            "Auc_Per_Class": 0.9620292396658946
        },
        "Macro-F1": {
            "Acc": 0.8816840811309158,
            "F1": 0.7174044219071971,
            "Auc": 0.9620292396658946,
            "Epoch": 5,
            "Auc_Per_Class": 0.9620292396658946
        },
        "AUC": {
            "Acc": 0.8816840811309158,
            "F1": 0.7174044219071971,
            "Auc": 0.9620292396658946,
            "Epoch": 5,
            "Auc_Per_Class": 0.9620292396658946
        }
    },
    "early_(0.1)": {
        "Acc": {
            "Acc": 0.8712354025814383,
            "F1": 0.7036485914012781,
            "Auc": 0.9611773116140999,
            "Epoch": 4,
            "Auc_Per_Class": 0.9611773116140999
        },
        "Macro-F1": {
            "Acc": 0.8712354025814383,
            "F1": 0.7036485914012781,
            "Auc": 0.9611773116140999,
            "Epoch": 4,
            "Auc_Per_Class": 0.9611773116140999
        },
        "AUC": {
            "Acc": 0.8712354025814383,
            "F1": 0.7036485914012781,
            "Auc": 0.9611773116140999,
            "Epoch": 4,
            "Auc_Per_Class": 0.9611773116140999
        }
    },
    "late_(0.1)": {
        "Acc": {
            "Acc": 0.9096496619545175,
            "F1": 0.7567019894631797,
            "Auc": 0.964307796777002,
            "Epoch": 3,
            "Auc_Per_Class": 0.964307796777002
        },
        "Macro-F1": {
            "Acc": 0.9096496619545175,
            "F1": 0.7567019894631797,
            "Auc": 0.964307796777002,
            "Epoch": 3,
            "Auc_Per_Class": 0.964307796777002
        },
        "AUC": {
            "Acc": 0.9096496619545175,
            "F1": 0.7567019894631797,
            "Auc": 0.964307796777002,
            "Epoch": 3,
            "Auc_Per_Class": 0.964307796777002
        }
    },
    "early_(0.2)": {
        "Acc": {
            "Acc": 0.8945912722802705,
            "F1": 0.7350698131045879,
            "Auc": 0.9638950711211965,
            "Epoch": 4,
            "Auc_Per_Class": 0.9638950711211965
        },
        "Macro-F1": {
            "Acc": 0.8945912722802705,
            "F1": 0.7350698131045879,
            "Auc": 0.9638950711211965,
            "Epoch": 4,
            "Auc_Per_Class": 0.9638950711211965
        },
        "AUC": {
            "Acc": 0.8945912722802705,
            "F1": 0.7350698131045879,
            "Auc": 0.9638950711211965,
            "Epoch": 4,
            "Auc_Per_Class": 0.9638950711211965
        }
    },
    "late_(0.2)": {
        "Acc": {
            "Acc": 0.8746158574062692,
            "F1": 0.7080043072505384,
            "Auc": 0.9635664480518571,
            "Epoch": 5,
            "Auc_Per_Class": 0.9635664480518571
        },
        "Macro-F1": {
            "Acc": 0.8746158574062692,
            "F1": 0.7080043072505384,
            "Auc": 0.9635664480518571,
            "Epoch": 5,
            "Auc_Per_Class": 0.9635664480518571
        },
        "AUC": {
            "Acc": 0.8746158574062692,
            "F1": 0.7080043072505384,
            "Auc": 0.9635664480518571,
            "Epoch": 5,
            "Auc_Per_Class": 0.9635664480518571
        }
    },
    "early_(0.3)": {
        "Acc": {
            "Acc": 0.8985863552550707,
            "F1": 0.7441904342630734,
            "Auc": 0.9674990226967961,
            "Epoch": 9,
            "Auc_Per_Class": 0.9674990226967961
        },
        "Macro-F1": {
            "Acc": 0.8985863552550707,
            "F1": 0.7441904342630734,
            "Auc": 0.9674990226967961,
            "Epoch": 9,
            "Auc_Per_Class": 0.9674990226967961
        },
        "AUC": {
            "Acc": 0.8985863552550707,
            "F1": 0.7441904342630734,
            "Auc": 0.9674990226967961,
            "Epoch": 9,
            "Auc_Per_Class": 0.9674990226967961
        }
    },
    "late_(0.3)": {
        "Acc": {
            "Acc": 0.9194837123540258,
            "F1": 0.7723539809776079,
            "Auc": 0.9649401236308021,
            "Epoch": 10,
            "Auc_Per_Class": 0.9649401236308021
        },
        "Macro-F1": {
            "Acc": 0.9194837123540258,
            "F1": 0.7723539809776079,
            "Auc": 0.9649401236308021,
            "Epoch": 10,
            "Auc_Per_Class": 0.9649401236308021
        },
        "AUC": {
            "Acc": 0.9194837123540258,
            "F1": 0.7723539809776079,
            "Auc": 0.9649401236308021,
            "Epoch": 10,
            "Auc_Per_Class": 0.9649401236308021
        }
    },
    "early_(0.4)": {
        "Acc": {
            "Acc": 0.9148740012292563,
            "F1": 0.7686421298852371,
            "Auc": 0.9650102091195237,
            "Epoch": 6,
            "Auc_Per_Class": 0.9650102091195237
        },
        "Macro-F1": {
            "Acc": 0.9148740012292563,
            "F1": 0.7686421298852371,
            "Auc": 0.9650102091195237,
            "Epoch": 6,
            "Auc_Per_Class": 0.9650102091195237
        },
        "AUC": {
            "Acc": 0.9148740012292563,
            "F1": 0.7686421298852371,
            "Auc": 0.9650102091195237,
            "Epoch": 6,
            "Auc_Per_Class": 0.9650102091195237
        }
    },
    "late_(0.4)": {
        "Acc": {
            "Acc": 0.8927473878303627,
            "F1": 0.7310799204449363,
            "Auc": 0.9626755836174391,
            "Epoch": 3,
            "Auc_Per_Class": 0.9626755836174391
        },
        "Macro-F1": {
            "Acc": 0.8927473878303627,
            "F1": 0.7310799204449363,
            "Auc": 0.9626755836174391,
            "Epoch": 3,
            "Auc_Per_Class": 0.9626755836174391
        },
        "AUC": {
            "Acc": 0.8927473878303627,
            "F1": 0.7310799204449363,
            "Auc": 0.9626755836174391,
            "Epoch": 3,
            "Auc_Per_Class": 0.9626755836174391
        }
    },
    "early_(0.5)": {
        "Acc": {
            "Acc": 0.8905961893054702,
            "F1": 0.7298713557639931,
            "Auc": 0.9631568373066615,
            "Epoch": 6,
            "Auc_Per_Class": 0.9631568373066615
        },
        "Macro-F1": {
            "Acc": 0.8905961893054702,
            "F1": 0.7298713557639931,
            "Auc": 0.9631568373066615,
            "Epoch": 6,
            "Auc_Per_Class": 0.9631568373066615
        },
        "AUC": {
            "Acc": 0.8905961893054702,
            "F1": 0.7298713557639931,
            "Auc": 0.9631568373066615,
            "Epoch": 6,
            "Auc_Per_Class": 0.9631568373066615
        }
    },
    "late_(0.5)": {
        "Acc": {
            "Acc": 0.8844499078057775,
            "F1": 0.721827985445524,
            "Auc": 0.9656877021771668,
            "Epoch": 4,
            "Auc_Per_Class": 0.9656877021771668
        },
        "Macro-F1": {
            "Acc": 0.8844499078057775,
            "F1": 0.721827985445524,
            "Auc": 0.9656877021771668,
            "Epoch": 4,
            "Auc_Per_Class": 0.9656877021771668
        },
        "AUC": {
            "Acc": 0.8844499078057775,