{
    "early_(0)": {
        "mean": {
            "Acc": 0.842839582052858,
            "Macro-F1": 0.6472922651405445,
            "AUC": 0.8731926120550155
        },
        "std": {
            "Acc": 0.004413997322500223,
            "Macro-F1": 0.0039250570458298625,
            "AUC": 0.0006631428148077714
        }
    },
    "early_(0.1)": {
        "mean": {
            "Acc": 0.8430239704978488,
            "Macro-F1": 0.6476369356437777,
            "AUC": 0.8743619494979543
        },
        "std": {
            "Acc": 0.004450221900238637,
            "Macro-F1": 0.00418788991324262,
            "AUC": 0.0006382958429518025
        }
    },
    "early_(0.2)": {
        "mean": {
            "Acc": 0.8438229870928088,
            "Macro-F1": 0.6486347686967829,
            "AUC": 0.875509171075563
        },
        "std": {
            "Acc": 0.004337376463276522,
            "Macro-F1": 0.004101539496124507,
            "AUC": 0.0006049379753095811
        }
    },
    "early_(0.3)": {
        "mean": {
            "Acc": 0.8439459127228027,
            "Macro-F1": 0.6489059839798197,
            "AUC": 0.8765048522520025
        },
        "std": {
            "Acc": 0.0038896785082474868,
            "Macro-F1": 0.003837609644064054,
            "AUC": 0.0005006505425457808
        }
    },
    "early_(0.4)": {
        "mean": {
            "Acc": 0.8441917639827904,
            "Macro-F1": 0.6490153929267767,
            "AUC": 0.8772317166428116
        },
        "std": {
            "Acc": 0.003309873882688675,
            "Macro-F1": 0.003287979612800273,
            "AUC": 0.0004581955686606222
        }
    },
    "early_(0.5)": {
        "mean": {
            "Acc": 0.844560540872772,
            "Macro-F1": 0.6499749388071216,
            "AUC": 0.8777814983654507
        },
        "std": {
            "Acc": 0.0025656584468029117,
            "Macro-F1": 0.002308130881887756,
            "AUC": 0.0004736218765442723
        }
    },
    "early_(0.6)": {
        "mean": {
            "Acc": 0.8446834665027658,
            "Macro-F1": 0.6502451918385329,
            "AUC": 0.8781876827089755
        },
        "std": {
            "Acc": 0.002483356343065373,
            "Macro-F1": 0.0017901581583787982,
            "AUC": 0.000454852415354234
        }
    },
    "early_(0.7)": {
        "mean": {
            "Acc": 0.8450522433927473,
            "Macro-F1": 0.650792845723409,
            "AUC": 0.8785122563945221
        },
        "std": {
            "Acc": 0.002902450879684703,
            "Macro-F1": 0.0019548044182964076,
            "AUC": 0.00044979864666476146
        }
    },
    "early_(0.8)": {
        "mean": {
            "Acc": 0.8452366318377381,
            "Macro-F1": 0.6509894033709592,
            "AUC": 0.8787754663410546
        },
        "std": {
            "Acc": 0.002846597707906416,
            "Macro-F1": 0.00179344225324882,
            "AUC": 0.0004811742978159279
        }
    },
    "early_(0.9)": {
        "mean": {
            "Acc": 0.8451137062077443,
            "Macro-F1": 0.650862281255012,
            "AUC": 0.8789623609776459
        },
        "std": {
            "Acc": 0.0031565209871195488,
            "Macro-F1": 0.00218268255629468,
            "AUC": 0.00043138700563692873
        }
    },
    "early_(1)": {
        "mean": {
            "Acc": 0.844499078057775,
            "Macro-F1": 0.65020128434764,
            "AUC": 0.8790262166451478
        },
        "std": {
            "Acc": 0.003274012869185986,
            "Macro-F1": 0.0024540609772033956,
            "AUC": 0.0003740698343144358
        }
    }
}