Lmod has detected the following error: The following module(s) are unknown:
"anaconda3/2024.06/gcc-13.2.0"

Please check the spelling or version number. Also try "module spider ..."
It is also possible your cache file is out-of-date; it may help to try:
  $ module --ignore_cache load "anaconda3/2024.06/gcc-13.2.0"

Also make sure that all modulefiles written in TCL start with the string
#%Module



Lmod has detected the following error: The following module(s) are unknown:
"cuda/12.2.1/gcc-11.2.0"

Please check the spelling or version number. Also try "module spider ..."
It is also possible your cache file is out-of-date; it may help to try:
  $ module --ignore_cache load "cuda/12.2.1/gcc-11.2.0"

Also make sure that all modulefiles written in TCL start with the string
#%Module




==================================================
Processing Dataset: brset (Multilabel: False) | Backbone: BioMedCLIP
==================================================

Loading data from /gpfs/workdir/restrepoda/Embeddings_vlm/brset/embeddings_biomedclip.csv
##################################################  Shift 0  ##################################################
Subsampling 16266 data points to 5000 for cleaner visualization.

--- Run 1/5 for shift 0 ---
Train Shape: (11710, 1028)
Val Shape: (1302, 1028)
Test Shape: (3254, 1028)
Training Early Fusion Model:
The number of parameters of the model are: 1025
Epoch 1/100 - Validation Loss: 1.3912
Epoch 2/100 - Validation Loss: 1.3813
Epoch 3/100 - Validation Loss: 1.3719
Epoch 4/100 - Validation Loss: 1.3643
Epoch 5/100 - Validation Loss: 1.3563
Epoch 6/100 - Validation Loss: 1.3471
Epoch 7/100 - Validation Loss: 1.3387
Epoch 8/100 - Validation Loss: 1.3324
Epoch 9/100 - Validation Loss: 1.3231
Epoch 10/100 - Validation Loss: 1.3154
Epoch 11/100 - Validation Loss: 1.3080
Epoch 12/100 - Validation Loss: 1.3001
Epoch 13/100 - Validation Loss: 1.2921
Epoch 14/100 - Validation Loss: 1.2860
Epoch 15/100 - Validation Loss: 1.2798
Epoch 16/100 - Validation Loss: 1.2720
Epoch 17/100 - Validation Loss: 1.2655
Epoch 18/100 - Validation Loss: 1.2583
Epoch 19/100 - Validation Loss: 1.2519
Epoch 20/100 - Validation Loss: 1.2449
Epoch 21/100 - Validation Loss: 1.2402
Epoch 22/100 - Validation Loss: 1.2329
Epoch 23/100 - Validation Loss: 1.2268
Epoch 24/100 - Validation Loss: 1.2201
Epoch 25/100 - Validation Loss: 1.2152
Epoch 26/100 - Validation Loss: 1.2086
Epoch 27/100 - Validation Loss: 1.2039
Epoch 28/100 - Validation Loss: 1.1988
Epoch 29/100 - Validation Loss: 1.1923
Epoch 30/100 - Validation Loss: 1.1874
Epoch 31/100 - Validation Loss: 1.1818
Epoch 32/100 - Validation Loss: 1.1773
Epoch 33/100 - Validation Loss: 1.1721
Epoch 34/100 - Validation Loss: 1.1671
Epoch 35/100 - Validation Loss: 1.1626
Epoch 36/100 - Validation Loss: 1.1572
Epoch 37/100 - Validation Loss: 1.1529
Epoch 38/100 - Validation Loss: 1.1477
Epoch 39/100 - Validation Loss: 1.1434
Epoch 40/100 - Validation Loss: 1.1391
Epoch 41/100 - Validation Loss: 1.1346
Epoch 42/100 - Validation Loss: 1.1304
Epoch 43/100 - Validation Loss: 1.1263
Epoch 44/100 - Validation Loss: 1.1219
Epoch 45/100 - Validation Loss: 1.1178
Epoch 46/100 - Validation Loss: 1.1136
Epoch 47/100 - Validation Loss: 1.1099
Epoch 48/100 - Validation Loss: 1.1068
Epoch 49/100 - Validation Loss: 1.1021
Epoch 50/100 - Validation Loss: 1.0983
Epoch 51/100 - Validation Loss: 1.0948
Epoch 52/100 - Validation Loss: 1.0910
Epoch 53/100 - Validation Loss: 1.0878
Epoch 54/100 - Validation Loss: 1.0842
Epoch 55/100 - Validation Loss: 1.0801
Epoch 56/100 - Validation Loss: 1.0780
Epoch 57/100 - Validation Loss: 1.0743
Epoch 58/100 - Validation Loss: 1.0712
Epoch 59/100 - Validation Loss: 1.0679
Epoch 60/100 - Validation Loss: 1.0642
Epoch 61/100 - Validation Loss: 1.0606
Epoch 62/100 - Validation Loss: 1.0588
Epoch 63/100 - Validation Loss: 1.0548
Epoch 64/100 - Validation Loss: 1.0525
Epoch 65/100 - Validation Loss: 1.0499
Epoch 66/100 - Validation Loss: 1.0465
Epoch 67/100 - Validation Loss: 1.0434
Epoch 68/100 - Validation Loss: 1.0405
Epoch 69/100 - Validation Loss: 1.0381
Epoch 70/100 - Validation Loss: 1.0349
Epoch 71/100 - Validation Loss: 1.0322
Epoch 72/100 - Validation Loss: 1.0303
Epoch 73/100 - Validation Loss: 1.0271
Epoch 74/100 - Validation Loss: 1.0249
Epoch 75/100 - Validation Loss: 1.0222
Epoch 76/100 - Validation Loss: 1.0196
Epoch 77/100 - Validation Loss: 1.0171
Epoch 78/100 - Validation Loss: 1.0153
Epoch 79/100 - Validation Loss: 1.0122
Epoch 80/100 - Validation Loss: 1.0095
Epoch 81/100 - Validation Loss: 1.0074
Epoch 82/100 - Validation Loss: 1.0061
Epoch 83/100 - Validation Loss: 1.0030
Epoch 84/100 - Validation Loss: 1.0010
Epoch 85/100 - Validation Loss: 0.9983
Epoch 86/100 - Validation Loss: 0.9967
Epoch 87/100 - Validation Loss: 0.9945
Epoch 88/100 - Validation Loss: 0.9919
Epoch 89/100 - Validation Loss: 0.9899
Epoch 90/100 - Validation Loss: 0.9883
Epoch 91/100 - Validation Loss: 0.9860
Epoch 92/100 - Validation Loss: 0.9836
Epoch 93/100 - Validation Loss: 0.9819
Epoch 94/100 - Validation Loss: 0.9804
Epoch 95/100 - Validation Loss: 0.9778
Epoch 96/100 - Validation Loss: 0.9758
Epoch 97/100 - Validation Loss: 0.9739
Epoch 98/100 - Validation Loss: 0.9719
Epoch 99/100 - Validation Loss: 0.9706
Epoch 100/100 - Validation Loss: 0.9685
Best AUC: 0.8671023388306314

--- Run 2/5 for shift 0 ---
Train Shape: (11710, 1028)
Val Shape: (1302, 1028)
Test Shape: (3254, 1028)
Training Early Fusion Model:
The number of parameters of the model are: 1025
Epoch 1/100 - Validation Loss: 1.3573
Epoch 2/100 - Validation Loss: 1.3477
Epoch 3/100 - Validation Loss: 1.3400
Epoch 4/100 - Validation Loss: 1.3319
Epoch 5/100 - Validation Loss: 1.3239
Epoch 6/100 - Validation Loss: 1.3161
Epoch 7/100 - Validation Loss: 1.3088
Epoch 8/100 - Validation Loss: 1.3021
Epoch 9/100 - Validation Loss: 1.2951
Epoch 10/100 - Validation Loss: 1.2885
Epoch 11/100 - Validation Loss: 1.2809
Epoch 12/100 - Validation Loss: 1.2742
Epoch 13/100 - Validation Loss: 1.2679
Epoch 14/100 - Validation Loss: 1.2625
Epoch 15/100 - Validation Loss: 1.2554
Epoch 16/100 - Validation Loss: 1.2497
Epoch 17/100 - Validation Loss: 1.2443
Epoch 18/100 - Validation Loss: 1.2373
Epoch 19/100 - Validation Loss: 1.2321
Epoch 20/100 - Validation Loss: 1.2268
Epoch 21/100 - Validation Loss: 1.2212
Epoch 22/100 - Validation Loss: 1.2165
Epoch 23/100 - Validation Loss: 1.2102
Epoch 24/100 - Validation Loss: 1.2060
Epoch 25/100 - Validation Loss: 1.2004
Epoch 26/100 - Validation Loss: 1.1957
Epoch 27/100 - Validation Loss: 1.1906
Epoch 28/100 - Validation Loss: 1.1859
Epoch 29/100 - Validation Loss: 1.1811
Epoch 30/100 - Validation Loss: 1.1765
Epoch 31/100 - Validation Loss: 1.1718
Epoch 32/100 - Validation Loss: 1.1682
Epoch 33/100 - Validation Loss: 1.1632
Epoch 34/100 - Validation Loss: 1.1600
Epoch 35/100 - Validation Loss: 1.1551
Epoch 36/100 - Validation Loss: 1.1500
Epoch 37/100 - Validation Loss: 1.1475
Epoch 38/100 - Validation Loss: 1.1429
Epoch 39/100 - Validation Loss: 1.1392
Epoch 40/100 - Validation Loss: 1.1353
Epoch 41/100 - Validation Loss: 1.1316
Epoch 42/100 - Validation Loss: 1.1290
Epoch 43/100 - Validation Loss: 1.1242
Epoch 44/100 - Validation Loss: 1.1215
Epoch 45/100 - Validation Loss: 1.1170
Epoch 46/100 - Validation Loss: 1.1142
Epoch 47/100 - Validation Loss: 1.1112
Epoch 48/100 - Validation Loss: 1.1078
Epoch 49/100 - Validation Loss: 1.1044
Epoch 50/100 - Validation Loss: 1.1008
Epoch 51/100 - Validation Loss: 1.0986
Epoch 52/100 - Validation Loss: 1.0936
Epoch 53/100 - Validation Loss: 1.0913
Epoch 54/100 - Validation Loss: 1.0891
Epoch 55/100 - Validation Loss: 1.0863
Epoch 56/100 - Validation Loss: 1.0832
Epoch 57/100 - Validation Loss: 1.0809
Epoch 58/100 - Validation Loss: 1.0775
Epoch 59/100 - Validation Loss: 1.0751
Epoch 60/100 - Validation Loss: 1.0726
Epoch 61/100 - Validation Loss: 1.0704
Epoch 62/100 - Validation Loss: 1.0678
Epoch 63/100 - Validation Loss: 1.0656
Epoch 64/100 - Validation Loss: 1.0616
Epoch 65/100 - Validation Loss: 1.0595
Epoch 66/100 - Validation Loss: 1.0575
Epoch 67/100 - Validation Loss: 1.0559
Epoch 68/100 - Validation Loss: 1.0527
Epoch 69/100 - Validation Loss: 1.0508
Epoch 70/100 - Validation Loss: 1.0484
Epoch 71/100 - Validation Loss: 1.0457
Epoch 72/100 - Validation Loss: 1.0440
Epoch 73/100 - Validation Loss: 1.0414
Epoch 74/100 - Validation Loss: 1.0404
Epoch 75/100 - Validation Loss: 1.0366
Epoch 76/100 - Validation Loss: 1.0358
Epoch 77/100 - Validation Loss: 1.0336
Epoch 78/100 - Validation Loss: 1.0308
Epoch 79/100 - Validation Loss: 1.0297
Epoch 80/100 - Validation Loss: 1.0270
Epoch 81/100 - Validation Loss: 1.0254
Epoch 82/100 - Validation Loss: 1.0241
Epoch 83/100 - Validation Loss: 1.0220
Epoch 84/100 - Validation Loss: 1.0191
Epoch 85/100 - Validation Loss: 1.0182
Epoch 86/100 - Validation Loss: 1.0162
Epoch 87/100 - Validation Loss: 1.0150
Epoch 88/100 - Validation Loss: 1.0124
Epoch 89/100 - Validation Loss: 1.0112
Epoch 90/100 - Validation Loss: 1.0091
Epoch 91/100 - Validation Loss: 1.0072
Epoch 92/100 - Validation Loss: 1.0057
Epoch 93/100 - Validation Loss: 1.0046
Epoch 94/100 - Validation Loss: 1.0028
Epoch 95/100 - Validation Loss: 1.0010
Epoch 96/100 - Validation Loss: 0.9993
Epoch 97/100 - Validation Loss: 0.9979
Epoch 98/100 - Validation Loss: 0.9965
Epoch 99/100 - Validation Loss: 0.9944
Epoch 100/100 - Validation Loss: 0.9932
Best AUC: 0.8681473913402369

--- Run 3/5 for shift 0 ---
Train Shape: (11710, 1028)
Val Shape: (1302, 1028)
Test Shape: (3254, 1028)
Training Early Fusion Model:
The number of parameters of the model are: 1025
Epoch 1/100 - Validation Loss: 1.2754
Epoch 2/100 - Validation Loss: 1.2680
Epoch 3/100 - Validation Loss: 1.2607
Epoch 4/100 - Validation Loss: 1.2537
Epoch 5/100 - Validation Loss: 1.2467
Epoch 6/100 - Validation Loss: 1.2400
Epoch 7/100 - Validation Loss: 1.2333
Epoch 8/100 - Validation Loss: 1.2269
Epoch 9/100 - Validation Loss: 1.2206
Epoch 10/100 - Validation Loss: 1.2144
Epoch 11/100 - Validation Loss: 1.2087
Epoch 12/100 - Validation Loss: 1.2026
Epoch 13/100 - Validation Loss: 1.1969
Epoch 14/100 - Validation Loss: 1.1911
Epoch 15/100 - Validation Loss: 1.1857
Epoch 16/100 - Validation Loss: 1.1803
Epoch 17/100 - Validation Loss: 1.1751
Epoch 18/100 - Validation Loss: 1.1699
Epoch 19/100 - Validation Loss: 1.1649
Epoch 20/100 - Validation Loss: 1.1599
Epoch 21/100 - Validation Loss: 1.1552
Epoch 22/100 - Validation Loss: 1.1503
Epoch 23/100 - Validation Loss: 1.1457
Epoch 24/100 - Validation Loss: 1.1412
Epoch 25/100 - Validation Loss: 1.1369
Epoch 26/100 - Validation Loss: 1.1326
Epoch 27/100 - Validation Loss: 1.1284
Epoch 28/100 - Validation Loss: 1.1243
Epoch 29/100 - Validation Loss: 1.1202
Epoch 30/100 - Validation Loss: 1.1162
Epoch 31/100 - Validation Loss: 1.1124
Epoch 32/100 - Validation Loss: 1.1085
Epoch 33/100 - Validation Loss: 1.1049
Epoch 34/100 - Validation Loss: 1.1012
Epoch 35/100 - Validation Loss: 1.0976
Epoch 36/100 - Validation Loss: 1.0943
Epoch 37/100 - Validation Loss: 1.0908
Epoch 38/100 - Validation Loss: 1.0875
Epoch 39/100 - Validation Loss: 1.0842
Epoch 40/100 - Validation Loss: 1.0810
Epoch 41/100 - Validation Loss: 1.0778
Epoch 42/100 - Validation Loss: 1.0746
Epoch 43/100 - Validation Loss: 1.0717
Epoch 44/100 - Validation Loss: 1.0687
Epoch 45/100 - Validation Loss: 1.0658
Epoch 46/100 - Validation Loss: 1.0630
Epoch 47/100 - Validation Loss: 1.0602
Epoch 48/100 - Validation Loss: 1.0574
Epoch 49/100 - Validation Loss: 1.0547
Epoch 50/100 - Validation Loss: 1.0520
Epoch 51/100 - Validation Loss: 1.0495
Epoch 52/100 - Validation Loss: 1.0468
Epoch 53/100 - Validation Loss: 1.0444
Epoch 54/100 - Validation Loss: 1.0419
Epoch 55/100 - Validation Loss: 1.0397
Epoch 56/100 - Validation Loss: 1.0371
Epoch 57/100 - Validation Loss: 1.0347
Epoch 58/100 - Validation Loss: 1.0326
Epoch 59/100 - Validation Loss: 1.0301
Epoch 60/100 - Validation Loss: 1.0280
Epoch 61/100 - Validation Loss: 1.0259
Epoch 62/100 - Validation Loss: 1.0240
Epoch 63/100 - Validation Loss: 1.0216
Epoch 64/100 - Validation Loss: 1.0195
Epoch 65/100 - Validation Loss: 1.0175
Epoch 66/100 - Validation Loss: 1.0155
Epoch 67/100 - Validation Loss: 1.0135
Epoch 68/100 - Validation Loss: 1.0115
Epoch 69/100 - Validation Loss: 1.0096
Epoch 70/100 - Validation Loss: 1.0079
Epoch 71/100 - Validation Loss: 1.0059
Epoch 72/100 - Validation Loss: 1.0041
Epoch 73/100 - Validation Loss: 1.0024
Epoch 74/100 - Validation Loss: 1.0005
Epoch 75/100 - Validation Loss: 0.9987
Epoch 76/100 - Validation Loss: 0.9971
Epoch 77/100 - Validation Loss: 0.9953
Epoch 78/100 - Validation Loss: 0.9938
Epoch 79/100 - Validation Loss: 0.9920
Epoch 80/100 - Validation Loss: 0.9907
Epoch 81/100 - Validation Loss: 0.9890
Epoch 82/100 - Validation Loss: 0.9872
Epoch 83/100 - Validation Loss: 0.9857
Epoch 84/100 - Validation Loss: 0.9843
Epoch 85/100 - Validation Loss: 0.9829
Epoch 86/100 - Validation Loss: 0.9814
Epoch 87/100 - Validation Loss: 0.9798
Epoch 88/100 - Validation Loss: 0.9783
Epoch 89/100 - Validation Loss: 0.9769
Epoch 90/100 - Validation Loss: 0.9756
Epoch 91/100 - Validation Loss: 0.9742
Epoch 92/100 - Validation Loss: 0.9731
Epoch 93/100 - Validation Loss: 0.9715
Epoch 94/100 - Validation Loss: 0.9704
Epoch 95/100 - Validation Loss: 0.9689
Epoch 96/100 - Validation Loss: 0.9676
Epoch 97/100 - Validation Loss: 0.9664
Epoch 98/100 - Validation Loss: 0.9654
Epoch 99/100 - Validation Loss: 0.9641
Epoch 100/100 - Validation Loss: 0.9626
Best AUC: 0.8680118927287084

--- Run 4/5 for shift 0 ---
Train Shape: (11710, 1028)
Val Shape: (1302, 1028)
Test Shape: (3254, 1028)
Training Early Fusion Model:
The number of parameters of the model are: 1025
Epoch 1/100 - Validation Loss: 1.4474
Epoch 2/100 - Validation Loss: 1.4377
Epoch 3/100 - Validation Loss: 1.4310
Epoch 4/100 - Validation Loss: 1.4207
Epoch 5/100 - Validation Loss: 1.4115
Epoch 6/100 - Validation Loss: 1.4023
Epoch 7/100 - Validation Loss: 1.3926
Epoch 8/100 - Validation Loss: 1.3838
Epoch 9/100 - Validation Loss: 1.3758
Epoch 10/100 - Validation Loss: 1.3675
Epoch 11/100 - Validation Loss: 1.3579
Epoch 12/100 - Validation Loss: 1.3513
Epoch 13/100 - Validation Loss: 1.3404
Epoch 14/100 - Validation Loss: 1.3356
Epoch 15/100 - Validation Loss: 1.3266
Epoch 16/100 - Validation Loss: 1.3182
Epoch 17/100 - Validation Loss: 1.3118
Epoch 18/100 - Validation Loss: 1.3055
Epoch 19/100 - Validation Loss: 1.2985
Epoch 20/100 - Validation Loss: 1.2907
Epoch 21/100 - Validation Loss: 1.2859
Epoch 22/100 - Validation Loss: 1.2770
Epoch 23/100 - Validation Loss: 1.2717
Epoch 24/100 - Validation Loss: 1.2646
Epoch 25/100 - Validation Loss: 1.2580
Epoch 26/100 - Validation Loss: 1.2531
Epoch 27/100 - Validation Loss: 1.2466
Epoch 28/100 - Validation Loss: 1.2404
Epoch 29/100 - Validation Loss: 1.2360
Epoch 30/100 - Validation Loss: 1.2310
Epoch 31/100 - Validation Loss: 1.2230
Epoch 32/100 - Validation Loss: 1.2187
Epoch 33/100 - Validation Loss: 1.2127
Epoch 34/100 - Validation Loss: 1.2087
Epoch 35/100 - Validation Loss: 1.2038
Epoch 36/100 - Validation Loss: 1.1988
Epoch 37/100 - Validation Loss: 1.1937
Epoch 38/100 - Validation Loss: 1.1886
Epoch 39/100 - Validation Loss: 1.1848
Epoch 40/100 - Validation Loss: 1.1780
Epoch 41/100 - Validation Loss: 1.1767
Epoch 42/100 - Validation Loss: 1.1709
Epoch 43/100 - Validation Loss: 1.1655
Epoch 44/100 - Validation Loss: 1.1609
Epoch 45/100 - Validation Loss: 1.1572
Epoch 46/100 - Validation Loss: 1.1537
Epoch 47/100 - Validation Loss: 1.1491
Epoch 48/100 - Validation Loss: 1.1454
Epoch 49/100 - Validation Loss: 1.1413
Epoch 50/100 - Validation Loss: 1.1371
Epoch 51/100 - Validation Loss: 1.1331
Epoch 52/100 - Validation Loss: 1.1299
Epoch 53/100 - Validation Loss: 1.1269
Epoch 54/100 - Validation Loss: 1.1232
Epoch 55/100 - Validation Loss: 1.1183
Epoch 56/100 - Validation Loss: 1.1154
Epoch 57/100 - Validation Loss: 1.1125
Epoch 58/100 - Validation Loss: 1.1094
Epoch 59/100 - Validation Loss: 1.1056
Epoch 60/100 - Validation Loss: 1.1016
Epoch 61/100 - Validation Loss: 1.0992
Epoch 62/100 - Validation Loss: 1.0960
Epoch 63/100 - Validation Loss: 1.0929
Epoch 64/100 - Validation Loss: 1.0898
Epoch 65/100 - Validation Loss: 1.0872
Epoch 66/100 - Validation Loss: 1.0836
Epoch 67/100 - Validation Loss: 1.0803
Epoch 68/100 - Validation Loss: 1.0777
Epoch 69/100 - Validation Loss: 1.0758
Epoch 70/100 - Validation Loss: 1.0718
Epoch 71/100 - Validation Loss: 1.0692
Epoch 72/100 - Validation Loss: 1.0672
Epoch 73/100 - Validation Loss: 1.0642
Epoch 74/100 - Validation Loss: 1.0604
Epoch 75/100 - Validation Loss: 1.0595
Epoch 76/100 - Validation Loss: 1.0568
Epoch 77/100 - Validation Loss: 1.0536
Epoch 78/100 - Validation Loss: 1.0519
Epoch 79/100 - Validation Loss: 1.0488
Epoch 80/100 - Validation Loss: 1.0469
Epoch 81/100 - Validation Loss: 1.0444
Epoch 82/100 - Validation Loss: 1.0424
Epoch 83/100 - Validation Loss: 1.0397
Epoch 84/100 - Validation Loss: 1.0365
Epoch 85/100 - Validation Loss: 1.0354
Epoch 86/100 - Validation Loss: 1.0333
Epoch 87/100 - Validation Loss: 1.0310
Epoch 88/100 - Validation Loss: 1.0295
Epoch 89/100 - Validation Loss: 1.0261
Epoch 90/100 - Validation Loss: 1.0248
Epoch 91/100 - Validation Loss: 1.0216
Epoch 92/100 - Validation Loss: 1.0204
Epoch 93/100 - Validation Loss: 1.0189
Epoch 94/100 - Validation Loss: 1.0163
Epoch 95/100 - Validation Loss: 1.0148
Epoch 96/100 - Validation Loss: 1.0117
Epoch 97/100 - Validation Loss: 1.0098
Epoch 98/100 - Validation Loss: 1.0084
Epoch 99/100 - Validation Loss: 1.0066
Epoch 100/100 - Validation Loss: 1.0060
Best AUC: 0.8662971344379844

--- Run 5/5 for shift 0 ---
Train Shape: (11710, 1028)
Val Shape: (1302, 1028)
Test Shape: (3254, 1028)
Training Early Fusion Model:
The number of parameters of the model are: 1025
Epoch 1/100 - Validation Loss: 1.3074
Epoch 2/100 - Validation Loss: 1.3001
Epoch 3/100 - Validation Loss: 1.2923
Epoch 4/100 - Validation Loss: 1.2853
Epoch 5/100 - Validation Loss: 1.2780
Epoch 6/100 - Validation Loss: 1.2711
Epoch 7/100 - Validation Loss: 1.2644
Epoch 8/100 - Validation Loss: 1.2576
Epoch 9/100 - Validation Loss: 1.2510
Epoch 10/100 - Validation Loss: 1.2448
Epoch 11/100 - Validation Loss: 1.2385
Epoch 12/100 - Validation Loss: 1.2321
Epoch 13/100 - Validation Loss: 1.2259
Epoch 14/100 - Validation Loss: 1.2203
Epoch 15/100 - Validation Loss: 1.2151
Epoch 16/100 - Validation Loss: 1.2089
Epoch 17/100 - Validation Loss: 1.2033
Epoch 18/100 - Validation Loss: 1.1983
Epoch 19/100 - Validation Loss: 1.1930
Epoch 20/100 - Validation Loss: 1.1877
Epoch 21/100 - Validation Loss: 1.1831
Epoch 22/100 - Validation Loss: 1.1779
Epoch 23/100 - Validation Loss: 1.1730
Epoch 24/100 - Validation Loss: 1.1687
Epoch 25/100 - Validation Loss: 1.1640
Epoch 26/100 - Validation Loss: 1.1593
Epoch 27/100 - Validation Loss: 1.1551
Epoch 28/100 - Validation Loss: 1.1505
Epoch 29/100 - Validation Loss: 1.1465
Epoch 30/100 - Validation Loss: 1.1426
Epoch 31/100 - Validation Loss: 1.1384
Epoch 32/100 - Validation Loss: 1.1341
Epoch 33/100 - Validation Loss: 1.1301
Epoch 34/100 - Validation Loss: 1.1263
Epoch 35/100 - Validation Loss: 1.1226
Epoch 36/100 - Validation Loss: 1.1193
Epoch 37/100 - Validation Loss: 1.1155
Epoch 38/100 - Validation Loss: 1.1117
Epoch 39/100 - Validation Loss: 1.1083
Epoch 40/100 - Validation Loss: 1.1049
Epoch 41/100 - Validation Loss: 1.1018
Epoch 42/100 - Validation Loss: 1.0984
Epoch 43/100 - Validation Loss: 1.0951
Epoch 44/100 - Validation Loss: 1.0916
Epoch 45/100 - Validation Loss: 1.0891
Epoch 46/100 - Validation Loss: 1.0861
Epoch 47/100 - Validation Loss: 1.0829
Epoch 48/100 - Validation Loss: 1.0800
Epoch 49/100 - Validation Loss: 1.0770
Epoch 50/100 - Validation Loss: 1.0748
Epoch 51/100 - Validation Loss: 1.0714
Epoch 52/100 - Validation Loss: 1.0688
Epoch 53/100 - Validation Loss: 1.0666
Epoch 54/100 - Validation Loss: 1.0638
Epoch 55/100 - Validation Loss: 1.0611
Epoch 56/100 - Validation Loss: 1.0587
Epoch 57/100 - Validation Loss: 1.0569
Epoch 58/100 - Validation Loss: 1.0539
Epoch 59/100 - Validation Loss: 1.0514
Epoch 60/100 - Validation Loss: 1.0490
Epoch 61/100 - Validation Loss: 1.0470
Epoch 62/100 - Validation Loss: 1.0456
Epoch 63/100 - Validation Loss: 1.0425
Epoch 64/100 - Validation Loss: 1.0400
Epoch 65/100 - Validation Loss: 1.0386
Epoch 66/100 - Validation Loss: 1.0360
Epoch 67/100 - Validation Loss: 1.0342
Epoch 68/100 - Validation Loss: 1.0318
Epoch 69/100 - Validation Loss: 1.0304
Epoch 70/100 - Validation Loss: 1.0282
Epoch 71/100 - Validation Loss: 1.0265
Epoch 72/100 - Validation Loss: 1.0242
Epoch 73/100 - Validation Loss: 1.0222
Epoch 74/100 - Validation Loss: 1.0207
Epoch 75/100 - Validation Loss: 1.0189
Epoch 76/100 - Validation Loss: 1.0171
Epoch 77/100 - Validation Loss: 1.0155
Epoch 78/100 - Validation Loss: 1.0135
Epoch 79/100 - Validation Loss: 1.0123
Epoch 80/100 - Validation Loss: 1.0103
Epoch 81/100 - Validation Loss: 1.0090
Epoch 82/100 - Validation Loss: 1.0070
Epoch 83/100 - Validation Loss: 1.0055
Epoch 84/100 - Validation Loss: 1.0039
Epoch 85/100 - Validation Loss: 1.0022
Epoch 86/100 - Validation Loss: 1.0008
Epoch 87/100 - Validation Loss: 0.9997
Epoch 88/100 - Validation Loss: 0.9977
Epoch 89/100 - Validation Loss: 0.9966
Epoch 90/100 - Validation Loss: 0.9949
Epoch 91/100 - Validation Loss: 0.9939
Epoch 92/100 - Validation Loss: 0.9918
Epoch 93/100 - Validation Loss: 0.9906
Epoch 94/100 - Validation Loss: 0.9896
Epoch 95/100 - Validation Loss: 0.9879
Epoch 96/100 - Validation Loss: 0.9866
Epoch 97/100 - Validation Loss: 0.9855
Epoch 98/100 - Validation Loss: 0.9840
Epoch 99/100 - Validation Loss: 0.9830
Epoch 100/100 - Validation Loss: 0.9815
Best AUC: 0.8664591097896969
##################################################  Shift 0.1  ##################################################
Subsampling 16266 data points to 5000 for cleaner visualization.

--- Run 1/5 for shift 0.1 ---
Train Shape: (11710, 1028)
Val Shape: (1302, 1028)
Test Shape: (3254, 1028)
Training Early Fusion Model:
The number of parameters of the model are: 1025
Epoch 1/100 - Validation Loss: 1.3910
Epoch 2/100 - Validation Loss: 1.3809
Epoch 3/100 - Validation Loss: 1.3712
Epoch 4/100 - Validation Loss: 1.3634
Epoch 5/100 - Validation Loss: 1.3552
Epoch 6/100 - Validation Loss: 1.3457
Epoch 7/100 - Validation Loss: 1.3371
Epoch 8/100 - Validation Loss: 1.3306
Epoch 9/100 - Validation Loss: 1.3211
Epoch 10/100 - Validation Loss: 1.3132
Epoch 11/100 - Validation Loss: 1.3056
Epoch 12/100 - Validation Loss: 1.2976
Epoch 13/100 - Validation Loss: 1.2894
Epoch 14/100 - Validation Loss: 1.2832
Epoch 15/100 - Validation Loss: 1.2768
Epoch 16/100 - Validation Loss: 1.2688
Epoch 17/100 - Validation Loss: 1.2622
Epoch 18/100 - Validation Loss: 1.2548
Epoch 19/100 - Validation Loss: 1.2484
Epoch 20/100 - Validation Loss: 1.2413
Epoch 21/100 - Validation Loss: 1.2365
Epoch 22/100 - Validation Loss: 1.2290
Epoch 23/100 - Validation Loss: 1.2228
Epoch 24/100 - Validation Loss: 1.2160
Epoch 25/100 - Validation Loss: 1.2110
Epoch 26/100 - Validation Loss: 1.2043
Epoch 27/100 - Validation Loss: 1.1996
Epoch 28/100 - Validation Loss: 1.1944
Epoch 29/100 - Validation Loss: 1.1879
Epoch 30/100 - Validation Loss: 1.1829
Epoch 31/100 - Validation Loss: 1.1772
Epoch 32/100 - Validation Loss: 1.1726
Epoch 33/100 - Validation Loss: 1.1674
Epoch 34/100 - Validation Loss: 1.1623
Epoch 35/100 - Validation Loss: 1.1578
Epoch 36/100 - Validation Loss: 1.1523
Epoch 37/100 - Validation Loss: 1.1480
Epoch 38/100 - Validation Loss: 1.1427
Epoch 39/100 - Validation Loss: 1.1383
Epoch 40/100 - Validation Loss: 1.1340
Epoch 41/100 - Validation Loss: 1.1295
Epoch 42/100 - Validation Loss: 1.1252
Epoch 43/100 - Validation Loss: 1.1211
Epoch 44/100 - Validation Loss: 1.1167
Epoch 45/100 - Validation Loss: 1.1125
Epoch 46/100 - Validation Loss: 1.1083
Epoch 47/100 - Validation Loss: 1.1046
Epoch 48/100 - Validation Loss: 1.1015
Epoch 49/100 - Validation Loss: 1.0968
Epoch 50/100 - Validation Loss: 1.0930
Epoch 51/100 - Validation Loss: 1.0894
Epoch 52/100 - Validation Loss: 1.0856
Epoch 53/100 - Validation Loss: 1.0824
Epoch 54/100 - Validation Loss: 1.0787
Epoch 55/100 - Validation Loss: 1.0747
Epoch 56/100 - Validation Loss: 1.0726
Epoch 57/100 - Validation Loss: 1.0688
Epoch 58/100 - Validation Loss: 1.0657
Epoch 59/100 - Validation Loss: 1.0624
Epoch 60/100 - Validation Loss: 1.0587
Epoch 61/100 - Validation Loss: 1.0551
Epoch 62/100 - Validation Loss: 1.0533
Epoch 63/100 - Validation Loss: 1.0493
Epoch 64/100 - Validation Loss: 1.0470
Epoch 65/100 - Validation Loss: 1.0443
Epoch 66/100 - Validation Loss: 1.0410
Epoch 67/100 - Validation Loss: 1.0378
Epoch 68/100 - Validation Loss: 1.0350
Epoch 69/100 - Validation Loss: 1.0326
Epoch 70/100 - Validation Loss: 1.0294
Epoch 71/100 - Validation Loss: 1.0266
Epoch 72/100 - Validation Loss: 1.0248
Epoch 73/100 - Validation Loss: 1.0216
Epoch 74/100 - Validation Loss: 1.0193
Epoch 75/100 - Validation Loss: 1.0167
Epoch 76/100 - Validation Loss: 1.0141
Epoch 77/100 - Validation Loss: 1.0116
Epoch 78/100 - Validation Loss: 1.0098
Epoch 79/100 - Validation Loss: 1.0067
Epoch 80/100 - Validation Loss: 1.0040
Epoch 81/100 - Validation Loss: 1.0019
Epoch 82/100 - Validation Loss: 1.0006
Epoch 83/100 - Validation Loss: 0.9975
Epoch 84/100 - Validation Loss: 0.9955
Epoch 85/100 - Validation Loss: 0.9928
Epoch 86/100 - Validation Loss: 0.9912
Epoch 87/100 - Validation Loss: 0.9891
Epoch 88/100 - Validation Loss: 0.9865
Epoch 89/100 - Validation Loss: 0.9844
Epoch 90/100 - Validation Loss: 0.9828
Epoch 91/100 - Validation Loss: 0.9805
Epoch 92/100 - Validation Loss: 0.9781
Epoch 93/100 - Validation Loss: 0.9764
Epoch 94/100 - Validation Loss: 0.9750
Epoch 95/100 - Validation Loss: 0.9724
Epoch 96/100 - Validation Loss: 0.9704
Epoch 97/100 - Validation Loss: 0.9685
Epoch 98/100 - Validation Loss: 0.9665
Epoch 99/100 - Validation Loss: 0.9652
Epoch 100/100 - Validation Loss: 0.9631
Best AUC: 0.8675368688607059

--- Run 2/5 for shift 0.1 ---
Train Shape: (11710, 1028)
Val Shape: (1302, 1028)
Test Shape: (3254, 1028)
Training Early Fusion Model:
The number of parameters of the model are: 1025
Epoch 1/100 - Validation Loss: 1.3570
Epoch 2/100 - Validation Loss: 1.3472
Epoch 3/100 - Validation Loss: 1.3392
Epoch 4/100 - Validation Loss: 1.3309
Epoch 5/100 - Validation Loss: 1.3228
Epoch 6/100 - Validation Loss: 1.3148
Epoch 7/100 - Validation Loss: 1.3073
Epoch 8/100 - Validation Loss: 1.3005
Epoch 9/100 - Validation Loss: 1.2933
Epoch 10/100 - Validation Loss: 1.2865
Epoch 11/100 - Validation Loss: 1.2787
Epoch 12/100 - Validation Loss: 1.2719
Epoch 13/100 - Validation Loss: 1.2655
Epoch 14/100 - Validation Loss: 1.2600
Epoch 15/100 - Validation Loss: 1.2527
Epoch 16/100 - Validation Loss: 1.2469
Epoch 17/100 - Validation Loss: 1.2414
Epoch 18/100 - Validation Loss: 1.2342
Epoch 19/100 - Validation Loss: 1.2289
Epoch 20/100 - Validation Loss: 1.2236
Epoch 21/100 - Validation Loss: 1.2179
Epoch 22/100 - Validation Loss: 1.2130
Epoch 23/100 - Validation Loss: 1.2067
Epoch 24/100 - Validation Loss: 1.2024
Epoch 25/100 - Validation Loss: 1.1967
Epoch 26/100 - Validation Loss: 1.1920
Epoch 27/100 - Validation Loss: 1.1868
Epoch 28/100 - Validation Loss: 1.1821
Epoch 29/100 - Validation Loss: 1.1771
Epoch 30/100 - Validation Loss: 1.1725
Epoch 31/100 - Validation Loss: 1.1678
Epoch 32/100 - Validation Loss: 1.1641
Epoch 33/100 - Validation Loss: 1.1590
Epoch 34/100 - Validation Loss: 1.1558
Epoch 35/100 - Validation Loss: 1.1508
Epoch 36/100 - Validation Loss: 1.1457
Epoch 37/100 - Validation Loss: 1.1432
Epoch 38/100 - Validation Loss: 1.1386
Epoch 39/100 - Validation Loss: 1.1348
Epoch 40/100 - Validation Loss: 1.1309
Epoch 41/100 - Validation Loss: 1.1272
Epoch 42/100 - Validation Loss: 1.1245
Epoch 43/100 - Validation Loss: 1.1197
Epoch 44/100 - Validation Loss: 1.1170
Epoch 45/100 - Validation Loss: 1.1125
Epoch 46/100 - Validation Loss: 1.1096
Epoch 47/100 - Validation Loss: 1.1066
Epoch 48/100 - Validation Loss: 1.1032
Epoch 49/100 - Validation Loss: 1.0998
Epoch 50/100 - Validation Loss: 1.0962
Epoch 51/100 - Validation Loss: 1.0940
Epoch 52/100 - Validation Loss: 1.0890
Epoch 53/100 - Validation Loss: 1.0867
Epoch 54/100 - Validation Loss: 1.0844
Epoch 55/100 - Validation Loss: 1.0817
Epoch 56/100 - Validation Loss: 1.0785
Epoch 57/100 - Validation Loss: 1.0762
Epoch 58/100 - Validation Loss: 1.0728
Epoch 59/100 - Validation Loss: 1.0704
Epoch 60/100 - Validation Loss: 1.0680
Epoch 61/100 - Validation Loss: 1.0657
Epoch 62/100 - Validation Loss: 1.0631
Epoch 63/100 - Validation Loss: 1.0609
Epoch 64/100 - Validation Loss: 1.0569
Epoch 65/100 - Validation Loss: 1.0548
Epoch 66/100 - Validation Loss: 1.0528
Epoch 67/100 - Validation Loss: 1.0512
Epoch 68/100 - Validation Loss: 1.0480
Epoch 69/100 - Validation Loss: 1.0461
Epoch 70/100 - Validation Loss: 1.0437
Epoch 71/100 - Validation Loss: 1.0410
Epoch 72/100 - Validation Loss: 1.0394
Epoch 73/100 - Validation Loss: 1.0368
Epoch 74/100 - Validation Loss: 1.0357
Epoch 75/100 - Validation Loss: 1.0319
Epoch 76/100 - Validation Loss: 1.0311
Epoch 77/100 - Validation Loss: 1.0289
Epoch 78/100 - Validation Loss: 1.0261
Epoch 79/100 - Validation Loss: 1.0250
Epoch 80/100 - Validation Loss: 1.0223
Epoch 81/100 - Validation Loss: 1.0208
Epoch 82/100 - Validation Loss: 1.0195
Epoch 83/100 - Validation Loss: 1.0174
Epoch 84/100 - Validation Loss: 1.0145
Epoch 85/100 - Validation Loss: 1.0136
Epoch 86/100 - Validation Loss: 1.0116
Epoch 87/100 - Validation Loss: 1.0104
Epoch 88/100 - Validation Loss: 1.0079
Epoch 89/100 - Validation Loss: 1.0066
Epoch 90/100 - Validation Loss: 1.0045
Epoch 91/100 - Validation Loss: 1.0026
Epoch 92/100 - Validation Loss: 1.0011
Epoch 93/100 - Validation Loss: 1.0001
Epoch 94/100 - Validation Loss: 0.9983
Epoch 95/100 - Validation Loss: 0.9965
Epoch 96/100 - Validation Loss: 0.9948
Epoch 97/100 - Validation Loss: 0.9934
Epoch 98/100 - Validation Loss: 0.9920
Epoch 99/100 - Validation Loss: 0.9899
Epoch 100/100 - Validation Loss: 0.9887
Best AUC: 0.8684931464179306

--- Run 3/5 for shift 0.1 ---
Train Shape: (11710, 1028)
Val Shape: (1302, 1028)
Test Shape: (3254, 1028)
Training Early Fusion Model:
The number of parameters of the model are: 1025
Epoch 1/100 - Validation Loss: 1.2751
Epoch 2/100 - Validation Loss: 1.2675
Epoch 3/100 - Validation Loss: 1.2600
Epoch 4/100 - Validation Loss: 1.2529
Epoch 5/100 - Validation Loss: 1.2457
Epoch 6/100 - Validation Loss: 1.2388
Epoch 7/100 - Validation Loss: 1.2320
Epoch 8/100 - Validation Loss: 1.2254
Epoch 9/100 - Validation Loss: 1.2190
Epoch 10/100 - Validation Loss: 1.2126
Epoch 11/100 - Validation Loss: 1.2067
Epoch 12/100 - Validation Loss: 1.2005
Epoch 13/100 - Validation Loss: 1.1947
Epoch 14/100 - Validation Loss: 1.1888
Epoch 15/100 - Validation Loss: 1.1833
Epoch 16/100 - Validation Loss: 1.1778
Epoch 17/100 - Validation Loss: 1.1724
Epoch 18/100 - Validation Loss: 1.1672
Epoch 19/100 - Validation Loss: 1.1621
Epoch 20/100 - Validation Loss: 1.1570
Epoch 21/100 - Validation Loss: 1.1522
Epoch 22/100 - Validation Loss: 1.1473
Epoch 23/100 - Validation Loss: 1.1426
Epoch 24/100 - Validation Loss: 1.1380
Epoch 25/100 - Validation Loss: 1.1337
Epoch 26/100 - Validation Loss: 1.1293
Epoch 27/100 - Validation Loss: 1.1250
Epoch 28/100 - Validation Loss: 1.1208
Epoch 29/100 - Validation Loss: 1.1168
Epoch 30/100 - Validation Loss: 1.1127
Epoch 31/100 - Validation Loss: 1.1088
Epoch 32/100 - Validation Loss: 1.1049
Epoch 33/100 - Validation Loss: 1.1013
Epoch 34/100 - Validation Loss: 1.0975
Epoch 35/100 - Validation Loss: 1.0939
Epoch 36/100 - Validation Loss: 1.0906
Epoch 37/100 - Validation Loss: 1.0870
Epoch 38/100 - Validation Loss: 1.0837
Epoch 39/100 - Validation Loss: 1.0803
Epoch 40/100 - Validation Loss: 1.0772
Epoch 41/100 - Validation Loss: 1.0739
Epoch 42/100 - Validation Loss: 1.0708
Epoch 43/100 - Validation Loss: 1.0678
Epoch 44/100 - Validation Loss: 1.0648
Epoch 45/100 - Validation Loss: 1.0618
Epoch 46/100 - Validation Loss: 1.0590
Epoch 47/100 - Validation Loss: 1.0562
Epoch 48/100 - Validation Loss: 1.0535
Epoch 49/100 - Validation Loss: 1.0508
Epoch 50/100 - Validation Loss: 1.0480
Epoch 51/100 - Validation Loss: 1.0456
Epoch 52/100 - Validation Loss: 1.0428
Epoch 53/100 - Validation Loss: 1.0404
Epoch 54/100 - Validation Loss: 1.0379
Epoch 55/100 - Validation Loss: 1.0356
Epoch 56/100 - Validation Loss: 1.0331
Epoch 57/100 - Validation Loss: 1.0307
Epoch 58/100 - Validation Loss: 1.0286
Epoch 59/100 - Validation Loss: 1.0261
Epoch 60/100 - Validation Loss: 1.0240
Epoch 61/100 - Validation Loss: 1.0218
Epoch 62/100 - Validation Loss: 1.0200
Epoch 63/100 - Validation Loss: 1.0175
Epoch 64/100 - Validation Loss: 1.0155
Epoch 65/100 - Validation Loss: 1.0135
Epoch 66/100 - Validation Loss: 1.0115
Epoch 67/100 - Validation Loss: 1.0095
Epoch 68/100 - Validation Loss: 1.0075
Epoch 69/100 - Validation Loss: 1.0056
Epoch 70/100 - Validation Loss: 1.0039
Epoch 71/100 - Validation Loss: 1.0019
Epoch 72/100 - Validation Loss: 1.0001
Epoch 73/100 - Validation Loss: 0.9984
Epoch 74/100 - Validation Loss: 0.9965
Epoch 75/100 - Validation Loss: 0.9948
Epoch 76/100 - Validation Loss: 0.9932
Epoch 77/100 - Validation Loss: 0.9913
Epoch 78/100 - Validation Loss: 0.9899
Epoch 79/100 - Validation Loss: 0.9880
Epoch 80/100 - Validation Loss: 0.9868
Epoch 81/100 - Validation Loss: 0.9851
Epoch 82/100 - Validation Loss: 0.9833
Epoch 83/100 - Validation Loss: 0.9818
Epoch 84/100 - Validation Loss: 0.9804
Epoch 85/100 - Validation Loss: 0.9790
Epoch 86/100 - Validation Loss: 0.9775
Epoch 87/100 - Validation Loss: 0.9759
Epoch 88/100 - Validation Loss: 0.9745
Epoch 89/100 - Validation Loss: 0.9730
Epoch 90/100 - Validation Loss: 0.9718
Epoch 91/100 - Validation Loss: 0.9704
Epoch 92/100 - Validation Loss: 0.9692
Epoch 93/100 - Validation Loss: 0.9676
Epoch 94/100 - Validation Loss: 0.9665
Epoch 95/100 - Validation Loss: 0.9650
Epoch 96/100 - Validation Loss: 0.9637
Epoch 97/100 - Validation Loss: 0.9625
Epoch 98/100 - Validation Loss: 0.9615
Epoch 99/100 - Validation Loss: 0.9603
Epoch 100/100 - Validation Loss: 0.9587
Best AUC: 0.8684308482057336

--- Run 4/5 for shift 0.1 ---
Train Shape: (11710, 1028)
Val Shape: (1302, 1028)
Test Shape: (3254, 1028)
Training Early Fusion Model:
The number of parameters of the model are: 1025
Epoch 1/100 - Validation Loss: 1.4471
Epoch 2/100 - Validation Loss: 1.4372
Epoch 3/100 - Validation Loss: 1.4302
Epoch 4/100 - Validation Loss: 1.4197
Epoch 5/100 - Validation Loss: 1.4102
Epoch 6/100 - Validation Loss: 1.4008
Epoch 7/100 - Validation Loss: 1.3909
Epoch 8/100 - Validation Loss: 1.3819
Epoch 9/100 - Validation Loss: 1.3736
Epoch 10/100 - Validation Loss: 1.3651
Epoch 11/100 - Validation Loss: 1.3554
Epoch 12/100 - Validation Loss: 1.3486
Epoch 13/100 - Validation Loss: 1.3375
Epoch 14/100 - Validation Loss: 1.3325
Epoch 15/100 - Validation Loss: 1.3234
Epoch 16/100 - Validation Loss: 1.3148
Epoch 17/100 - Validation Loss: 1.3083
Epoch 18/100 - Validation Loss: 1.3019
Epoch 19/100 - Validation Loss: 1.2948
Epoch 20/100 - Validation Loss: 1.2868
Epoch 21/100 - Validation Loss: 1.2819
Epoch 22/100 - Validation Loss: 1.2728
Epoch 23/100 - Validation Loss: 1.2674
Epoch 24/100 - Validation Loss: 1.2603
Epoch 25/100 - Validation Loss: 1.2536
Epoch 26/100 - Validation Loss: 1.2486
Epoch 27/100 - Validation Loss: 1.2420
Epoch 28/100 - Validation Loss: 1.2357
Epoch 29/100 - Validation Loss: 1.2312
Epoch 30/100 - Validation Loss: 1.2262
Epoch 31/100 - Validation Loss: 1.2181
Epoch 32/100 - Validation Loss: 1.2138
Epoch 33/100 - Validation Loss: 1.2078
Epoch 34/100 - Validation Loss: 1.2037
Epoch 35/100 - Validation Loss: 1.1987
Epoch 36/100 - Validation Loss: 1.1937
Epoch 37/100 - Validation Loss: 1.1885
Epoch 38/100 - Validation Loss: 1.1834
Epoch 39/100 - Validation Loss: 1.1796
Epoch 40/100 - Validation Loss: 1.1727
Epoch 41/100 - Validation Loss: 1.1714
Epoch 42/100 - Validation Loss: 1.1655
Epoch 43/100 - Validation Loss: 1.1601
Epoch 44/100 - Validation Loss: 1.1555
Epoch 45/100 - Validation Loss: 1.1518
Epoch 46/100 - Validation Loss: 1.1482
Epoch 47/100 - Validation Loss: 1.1436
Epoch 48/100 - Validation Loss: 1.1399
Epoch 49/100 - Validation Loss: 1.1358
Epoch 50/100 - Validation Loss: 1.1316
Epoch 51/100 - Validation Loss: 1.1275
Epoch 52/100 - Validation Loss: 1.1243
Epoch 53/100 - Validation Loss: 1.1214
Epoch 54/100 - Validation Loss: 1.1176
Epoch 55/100 - Validation Loss: 1.1127
Epoch 56/100 - Validation Loss: 1.1098
Epoch 57/100 - Validation Loss: 1.1069
Epoch 58/100 - Validation Loss: 1.1038
Epoch 59/100 - Validation Loss: 1.1000
Epoch 60/100 - Validation Loss: 1.0960
Epoch 61/100 - Validation Loss: 1.0936
Epoch 62/100 - Validation Loss: 1.0904
Epoch 63/100 - Validation Loss: 1.0873
Epoch 64/100 - Validation Loss: 1.0842
Epoch 65/100 - Validation Loss: 1.0816
Epoch 66/100 - Validation Loss: 1.0780
Epoch 67/100 - Validation Loss: 1.0747
Epoch 68/100 - Validation Loss: 1.0721
Epoch 69/100 - Validation Loss: 1.0702
Epoch 70/100 - Validation Loss: 1.0662
Epoch 71/100 - Validation Loss: 1.0637
Epoch 72/100 - Validation Loss: 1.0617
Epoch 73/100 - Validation Loss: 1.0586
Epoch 74/100 - Validation Loss: 1.0549
Epoch 75/100 - Validation Loss: 1.0540
Epoch 76/100 - Validation Loss: 1.0512
Epoch 77/100 - Validation Loss: 1.0480
Epoch 78/100 - Validation Loss: 1.0464
Epoch 79/100 - Validation Loss: 1.0432
Epoch 80/100 - Validation Loss: 1.0414
Epoch 81/100 - Validation Loss: 1.0389
Epoch 82/100 - Validation Loss: 1.0369
Epoch 83/100 - Validation Loss: 1.0342
Epoch 84/100 - Validation Loss: 1.0310
Epoch 85/100 - Validation Loss: 1.0299
Epoch 86/100 - Validation Loss: 1.0278
Epoch 87/100 - Validation Loss: 1.0255
Epoch 88/100 - Validation Loss: 1.0241
Epoch 89/100 - Validation Loss: 1.0206
Epoch 90/100 - Validation Loss: 1.0193
Epoch 91/100 - Validation Loss: 1.0161
Epoch 92/100 - Validation Loss: 1.0150
Epoch 93/100 - Validation Loss: 1.0135
Epoch 94/100 - Validation Loss: 1.0109
Epoch 95/100 - Validation Loss: 1.0094
Epoch 96/100 - Validation Loss: 1.0064
Epoch 97/100 - Validation Loss: 1.0044
Epoch 98/100 - Validation Loss: 1.0030
Epoch 99/100 - Validation Loss: 1.0012
Epoch 100/100 - Validation Loss: 1.0006
Best AUC: 0.8666802684429963

--- Run 5/5 for shift 0.1 ---
Train Shape: (11710, 1028)
Val Shape: (1302, 1028)
Test Shape: (3254, 1028)
Training Early Fusion Model:
The number of parameters of the model are: 1025
Epoch 1/100 - Validation Loss: 1.3071
Epoch 2/100 - Validation Loss: 1.2997
Epoch 3/100 - Validation Loss: 1.2917
Epoch 4/100 - Validation Loss: 1.2845
Epoch 5/100 - Validation Loss: 1.2770
Epoch 6/100 - Validation Loss: 1.2700
Epoch 7/100 - Validation Loss: 1.2630
Epoch 8/100 - Validation Loss: 1.2561
Epoch 9/100 - Validation Loss: 1.2493
Epoch 10/100 - Validation Loss: 1.2430
Epoch 11/100 - Validation Loss: 1.2366
Epoch 12/100 - Validation Loss: 1.2301
Epoch 13/100 - Validation Loss: 1.2237
Epoch 14/100 - Validation Loss: 1.2180
Epoch 15/100 - Validation Loss: 1.2127
Epoch 16/100 - Validation Loss: 1.2063
Epoch 17/100 - Validation Loss: 1.2007
Epoch 18/100 - Validation Loss: 1.1956
Epoch 19/100 - Validation Loss: 1.1902
Epoch 20/100 - Validation Loss: 1.1848
Epoch 21/100 - Validation Loss: 1.1802
Epoch 22/100 - Validation Loss: 1.1749
Epoch 23/100 - Validation Loss: 1.1699
Epoch 24/100 - Validation Loss: 1.1655
Epoch 25/100 - Validation Loss: 1.1608
Epoch 26/100 - Validation Loss: 1.1560
Epoch 27/100 - Validation Loss: 1.1517
Epoch 28/100 - Validation Loss: 1.1470
Epoch 29/100 - Validation Loss: 1.1430
Epoch 30/100 - Validation Loss: 1.1391
Epoch 31/100 - Validation Loss: 1.1349
Epoch 32/100 - Validation Loss: 1.1305
Epoch 33/100 - Validation Loss: 1.1265
Epoch 34/100 - Validation Loss: 1.1227
Epoch 35/100 - Validation Loss: 1.1189
Epoch 36/100 - Validation Loss: 1.1155
Epoch 37/100 - Validation Loss: 1.1117
Epoch 38/100 - Validation Loss: 1.1079
Epoch 39/100 - Validation Loss: 1.1045
Epoch 40/100 - Validation Loss: 1.1012
Epoch 41/100 - Validation Loss: 1.0980
Epoch 42/100 - Validation Loss: 1.0946
Epoch 43/100 - Validation Loss: 1.0912
Epoch 44/100 - Validation Loss: 1.0878
Epoch 45/100 - Validation Loss: 1.0852
Epoch 46/100 - Validation Loss: 1.0822
Epoch 47/100 - Validation Loss: 1.0790
Epoch 48/100 - Validation Loss: 1.0761
Epoch 49/100 - Validation Loss: 1.0731
Epoch 50/100 - Validation Loss: 1.0709
Epoch 51/100 - Validation Loss: 1.0675
Epoch 52/100 - Validation Loss: 1.0649
Epoch 53/100 - Validation Loss: 1.0627
Epoch 54/100 - Validation Loss: 1.0598
Epoch 55/100 - Validation Loss: 1.0571
Epoch 56/100 - Validation Loss: 1.0547
Epoch 57/100 - Validation Loss: 1.0529
Epoch 58/100 - Validation Loss: 1.0499
Epoch 59/100 - Validation Loss: 1.0475
Epoch 60/100 - Validation Loss: 1.0450
Epoch 61/100 - Validation Loss: 1.0431
Epoch 62/100 - Validation Loss: 1.0417
Epoch 63/100 - Validation Loss: 1.0386
Epoch 64/100 - Validation Loss: 1.0361
Epoch 65/100 - Validation Loss: 1.0347
Epoch 66/100 - Validation Loss: 1.0321
Epoch 67/100 - Validation Loss: 1.0304
Epoch 68/100 - Validation Loss: 1.0280
Epoch 69/100 - Validation Loss: 1.0265
Epoch 70/100 - Validation Loss: 1.0244
Epoch 71/100 - Validation Loss: 1.0226
Epoch 72/100 - Validation Loss: 1.0204
Epoch 73/100 - Validation Loss: 1.0184
Epoch 74/100 - Validation Loss: 1.0168
Epoch 75/100 - Validation Loss: 1.0151
Epoch 76/100 - Validation Loss: 1.0133
Epoch 77/100 - Validation Loss: 1.0116
Epoch 78/100 - Validation Loss: 1.0097
Epoch 79/100 - Validation Loss: 1.0085
Epoch 80/100 - Validation Loss: 1.0065
Epoch 81/100 - Validation Loss: 1.0053
Epoch 82/100 - Validation Loss: 1.0032
Epoch 83/100 - Validation Loss: 1.0018
Epoch 84/100 - Validation Loss: 1.0001
Epoch 85/100 - Validation Loss: 0.9984
Epoch 86/100 - Validation Loss: 0.9970
Epoch 87/100 - Validation Loss: 0.9960
Epoch 88/100 - Validation Loss: 0.9940
Epoch 89/100 - Validation Loss: 0.9929
Epoch 90/100 - Validation Loss: 0.9912
Epoch 91/100 - Validation Loss: 0.9903
Epoch 92/100 - Validation Loss: 0.9881
Epoch 93/100 - Validation Loss: 0.9869
Epoch 94/100 - Validation Loss: 0.9859
Epoch 95/100 - Validation Loss: 0.9843
Epoch 96/100 - Validation Loss: 0.9829
Epoch 97/100 - Validation Loss: 0.9818
Epoch 98/100 - Validation Loss: 0.9803
Epoch 99/100 - Validation Loss: 0.9794
Epoch 100/100 - Validation Loss: 0.9779
Best AUC: 0.8668624907136727
##################################################  Shift 0.2  ##################################################
Subsampling 16266 data points to 5000 for cleaner visualization.

--- Run 1/5 for shift 0.2 ---
Train Shape: (11710, 1028)
Val Shape: (1302, 1028)
Test Shape: (3254, 1028)
Training Early Fusion Model:
The number of parameters of the model are: 1025
Epoch 1/100 - Validation Loss: 1.3908
Epoch 2/100 - Validation Loss: 1.3804
Epoch 3/100 - Validation Loss: 1.3705
Epoch 4/100 - Validation Loss: 1.3625
Epoch 5/100 - Validation Loss: 1.3540
Epoch 6/100 - Validation Loss: 1.3444
Epoch 7/100 - Validation Loss: 1.3356
Epoch 8/100 - Validation Loss: 1.3289
Epoch 9/100 - Validation Loss: 1.3192
Epoch 10/100 - Validation Loss: 1.3112
Epoch 11/100 - Validation Loss: 1.3034
Epoch 12/100 - Validation Loss: 1.2951
Epoch 13/100 - Validation Loss: 1.2869
Epoch 14/100 - Validation Loss: 1.2805
Epoch 15/100 - Validation Loss: 1.2739
Epoch 16/100 - Validation Loss: 1.2658
Epoch 17/100 - Validation Loss: 1.2591
Epoch 18/100 - Validation Loss: 1.2516
Epoch 19/100 - Validation Loss: 1.2450
Epoch 20/100 - Validation Loss: 1.2378
Epoch 21/100 - Validation Loss: 1.2329
Epoch 22/100 - Validation Loss: 1.2253
Epoch 23/100 - Validation Loss: 1.2190
Epoch 24/100 - Validation Loss: 1.2122
Epoch 25/100 - Validation Loss: 1.2071
Epoch 26/100 - Validation Loss: 1.2003
Epoch 27/100 - Validation Loss: 1.1955
Epoch 28/100 - Validation Loss: 1.1903
Epoch 29/100 - Validation Loss: 1.1836
Epoch 30/100 - Validation Loss: 1.1786
Epoch 31/100 - Validation Loss: 1.1728
Epoch 32/100 - Validation Loss: 1.1682
Epoch 33/100 - Validation Loss: 1.1629
Epoch 34/100 - Validation Loss: 1.1577
Epoch 35/100 - Validation Loss: 1.1532
Epoch 36/100 - Validation Loss: 1.1476
Epoch 37/100 - Validation Loss: 1.1433
Epoch 38/100 - Validation Loss: 1.1380
Epoch 39/100 - Validation Loss: 1.1336
Epoch 40/100 - Validation Loss: 1.1293
Epoch 41/100 - Validation Loss: 1.1247
Epoch 42/100 - Validation Loss: 1.1204
Epoch 43/100 - Validation Loss: 1.1162
Epoch 44/100 - Validation Loss: 1.1118
Epoch 45/100 - Validation Loss: 1.1076
Epoch 46/100 - Validation Loss: 1.1034
Epoch 47/100 - Validation Loss: 1.0997
Epoch 48/100 - Validation Loss: 1.0965
Epoch 49/100 - Validation Loss: 1.0917
Epoch 50/100 - Validation Loss: 1.0880
Epoch 51/100 - Validation Loss: 1.0844
Epoch 52/100 - Validation Loss: 1.0805
Epoch 53/100 - Validation Loss: 1.0773
Epoch 54/100 - Validation Loss: 1.0737
Epoch 55/100 - Validation Loss: 1.0696
Epoch 56/100 - Validation Loss: 1.0675
Epoch 57/100 - Validation Loss: 1.0637
Epoch 58/100 - Validation Loss: 1.0605
Epoch 59/100 - Validation Loss: 1.0572
Epoch 60/100 - Validation Loss: 1.0535
Epoch 61/100 - Validation Loss: 1.0500
Epoch 62/100 - Validation Loss: 1.0482
Epoch 63/100 - Validation Loss: 1.0442
Epoch 64/100 - Validation Loss: 1.0419
Epoch 65/100 - Validation Loss: 1.0392
Epoch 66/100 - Validation Loss: 1.0358
Epoch 67/100 - Validation Loss: 1.0327
Epoch 68/100 - Validation Loss: 1.0298
Epoch 69/100 - Validation Loss: 1.0274
Epoch 70/100 - Validation Loss: 1.0242
Epoch 71/100 - Validation Loss: 1.0215
Epoch 72/100 - Validation Loss: 1.0196
Epoch 73/100 - Validation Loss: 1.0165
Epoch 74/100 - Validation Loss: 1.0142
Epoch 75/100 - Validation Loss: 1.0115
Epoch 76/100 - Validation Loss: 1.0090
Epoch 77/100 - Validation Loss: 1.0065
Epoch 78/100 - Validation Loss: 1.0047
Epoch 79/100 - Validation Loss: 1.0015
Epoch 80/100 - Validation Loss: 0.9988
Epoch 81/100 - Validation Loss: 0.9967
Epoch 82/100 - Validation Loss: 0.9955
Epoch 83/100 - Validation Loss: 0.9924
Epoch 84/100 - Validation Loss: 0.9904
Epoch 85/100 - Validation Loss: 0.9878
Epoch 86/100 - Validation Loss: 0.9861
Epoch 87/100 - Validation Loss: 0.9840
Epoch 88/100 - Validation Loss: 0.9814
Epoch 89/100 - Validation Loss: 0.9794
Epoch 90/100 - Validation Loss: 0.9778
Epoch 91/100 - Validation Loss: 0.9755
Epoch 92/100 - Validation Loss: 0.9731
Epoch 93/100 - Validation Loss: 0.9714
Epoch 94/100 - Validation Loss: 0.9699
Epoch 95/100 - Validation Loss: 0.9674
Epoch 96/100 - Validation Loss: 0.9654
Epoch 97/100 - Validation Loss: 0.9635
Epoch 98/100 - Validation Loss: 0.9615
Epoch 99/100 - Validation Loss: 0.9602
Epoch 100/100 - Validation Loss: 0.9581
Best AUC: 0.8678514748323012

--- Run 2/5 for shift 0.2 ---
Train Shape: (11710, 1028)
Val Shape: (1302, 1028)
Test Shape: (3254, 1028)
Training Early Fusion Model:
The number of parameters of the model are: 1025
Epoch 1/100 - Validation Loss: 1.3567
Epoch 2/100 - Validation Loss: 1.3467
Epoch 3/100 - Validation Loss: 1.3385
Epoch 4/100 - Validation Loss: 1.3300
Epoch 5/100 - Validation Loss: 1.3217
Epoch 6/100 - Validation Loss: 1.3135
Epoch 7/100 - Validation Loss: 1.3058
Epoch 8/100 - Validation Loss: 1.2988
Epoch 9/100 - Validation Loss: 1.2915
Epoch 10/100 - Validation Loss: 1.2846
Epoch 11/100 - Validation Loss: 1.2766
Epoch 12/100 - Validation Loss: 1.2697
Epoch 13/100 - Validation Loss: 1.2631
Epoch 14/100 - Validation Loss: 1.2575
Epoch 15/100 - Validation Loss: 1.2501
Epoch 16/100 - Validation Loss: 1.2442
Epoch 17/100 - Validation Loss: 1.2386
Epoch 18/100 - Validation Loss: 1.2313
Epoch 19/100 - Validation Loss: 1.2259
Epoch 20/100 - Validation Loss: 1.2204
Epoch 21/100 - Validation Loss: 1.2147
Epoch 22/100 - Validation Loss: 1.2098
Epoch 23/100 - Validation Loss: 1.2033
Epoch 24/100 - Validation Loss: 1.1989
Epoch 25/100 - Validation Loss: 1.1932
Epoch 26/100 - Validation Loss: 1.1884
Epoch 27/100 - Validation Loss: 1.1831
Epoch 28/100 - Validation Loss: 1.1784
Epoch 29/100 - Validation Loss: 1.1734
Epoch 30/100 - Validation Loss: 1.1687
Epoch 31/100 - Validation Loss: 1.1639
Epoch 32/100 - Validation Loss: 1.1603
Epoch 33/100 - Validation Loss: 1.1551
Epoch 34/100 - Validation Loss: 1.1518
Epoch 35/100 - Validation Loss: 1.1468
Epoch 36/100 - Validation Loss: 1.1416
Epoch 37/100 - Validation Loss: 1.1392
Epoch 38/100 - Validation Loss: 1.1344
Epoch 39/100 - Validation Loss: 1.1307
Epoch 40/100 - Validation Loss: 1.1267
Epoch 41/100 - Validation Loss: 1.1230
Epoch 42/100 - Validation Loss: 1.1203
Epoch 43/100 - Validation Loss: 1.1154
Epoch 44/100 - Validation Loss: 1.1127
Epoch 45/100 - Validation Loss: 1.1082
Epoch 46/100 - Validation Loss: 1.1053
Epoch 47/100 - Validation Loss: 1.1023
Epoch 48/100 - Validation Loss: 1.0989
Epoch 49/100 - Validation Loss: 1.0955
Epoch 50/100 - Validation Loss: 1.0919
Epoch 51/100 - Validation Loss: 1.0896
Epoch 52/100 - Validation Loss: 1.0846
Epoch 53/100 - Validation Loss: 1.0823
Epoch 54/100 - Validation Loss: 1.0800
Epoch 55/100 - Validation Loss: 1.0773
Epoch 56/100 - Validation Loss: 1.0741
Epoch 57/100 - Validation Loss: 1.0718
Epoch 58/100 - Validation Loss: 1.0684
Epoch 59/100 - Validation Loss: 1.0661
Epoch 60/100 - Validation Loss: 1.0636
Epoch 61/100 - Validation Loss: 1.0613
Epoch 62/100 - Validation Loss: 1.0587
Epoch 63/100 - Validation Loss: 1.0565
Epoch 64/100 - Validation Loss: 1.0525
Epoch 65/100 - Validation Loss: 1.0504
Epoch 66/100 - Validation Loss: 1.0484
Epoch 67/100 - Validation Loss: 1.0468
Epoch 68/100 - Validation Loss: 1.0436
Epoch 69/100 - Validation Loss: 1.0417
Epoch 70/100 - Validation Loss: 1.0393
Epoch 71/100 - Validation Loss: 1.0366
Epoch 72/100 - Validation Loss: 1.0350
Epoch 73/100 - Validation Loss: 1.0324
Epoch 74/100 - Validation Loss: 1.0313
Epoch 75/100 - Validation Loss: 1.0275
Epoch 76/100 - Validation Loss: 1.0268
Epoch 77/100 - Validation Loss: 1.0246
Epoch 78/100 - Validation Loss: 1.0218
Epoch 79/100 - Validation Loss: 1.0207
Epoch 80/100 - Validation Loss: 1.0180
Epoch 81/100 - Validation Loss: 1.0165
Epoch 82/100 - Validation Loss: 1.0152
Epoch 83/100 - Validation Loss: 1.0131
Epoch 84/100 - Validation Loss: 1.0102
Epoch 85/100 - Validation Loss: 1.0093
Epoch 86/100 - Validation Loss: 1.0073
Epoch 87/100 - Validation Loss: 1.0061
Epoch 88/100 - Validation Loss: 1.0036
Epoch 89/100 - Validation Loss: 1.0024
Epoch 90/100 - Validation Loss: 1.0003
Epoch 91/100 - Validation Loss: 0.9983
Epoch 92/100 - Validation Loss: 0.9969
Epoch 93/100 - Validation Loss: 0.9958
Epoch 94/100 - Validation Loss: 0.9940
Epoch 95/100 - Validation Loss: 0.9923
Epoch 96/100 - Validation Loss: 0.9906
Epoch 97/100 - Validation Loss: 0.9892
Epoch 98/100 - Validation Loss: 0.9878
Epoch 99/100 - Validation Loss: 0.9857
Epoch 100/100 - Validation Loss: 0.9846
Best AUC: 0.8689307913586148

--- Run 3/5 for shift 0.2 ---
Train Shape: (11710, 1028)
Val Shape: (1302, 1028)
Test Shape: (3254, 1028)
Training Early Fusion Model:
The number of parameters of the model are: 1025
Epoch 1/100 - Validation Loss: 1.2749
Epoch 2/100 - Validation Loss: 1.2671
Epoch 3/100 - Validation Loss: 1.2594
Epoch 4/100 - Validation Loss: 1.2521
Epoch 5/100 - Validation Loss: 1.2447
Epoch 6/100 - Validation Loss: 1.2376
Epoch 7/100 - Validation Loss: 1.2307
Epoch 8/100 - Validation Loss: 1.2239
Epoch 9/100 - Validation Loss: 1.2174
Epoch 10/100 - Validation Loss: 1.2109
Epoch 11/100 - Validation Loss: 1.2049
Epoch 12/100 - Validation Loss: 1.1985
Epoch 13/100 - Validation Loss: 1.1926
Epoch 14/100 - Validation Loss: 1.1866
Epoch 15/100 - Validation Loss: 1.1810
Epoch 16/100 - Validation Loss: 1.1754
Epoch 17/100 - Validation Loss: 1.1699
Epoch 18/100 - Validation Loss: 1.1646
Epoch 19/100 - Validation Loss: 1.1594
Epoch 20/100 - Validation Loss: 1.1542
Epoch 21/100 - Validation Loss: 1.1493
Epoch 22/100 - Validation Loss: 1.1444
Epoch 23/100 - Validation Loss: 1.1397
Epoch 24/100 - Validation Loss: 1.1350
Epoch 25/100 - Validation Loss: 1.1306
Epoch 26/100 - Validation Loss: 1.1261
Epoch 27/100 - Validation Loss: 1.1218
Epoch 28/100 - Validation Loss: 1.1176
Epoch 29/100 - Validation Loss: 1.1135
Epoch 30/100 - Validation Loss: 1.1094
Epoch 31/100 - Validation Loss: 1.1054
Epoch 32/100 - Validation Loss: 1.1015
Epoch 33/100 - Validation Loss: 1.0979
Epoch 34/100 - Validation Loss: 1.0940
Epoch 35/100 - Validation Loss: 1.0904
Epoch 36/100 - Validation Loss: 1.0870
Epoch 37/100 - Validation Loss: 1.0835
Epoch 38/100 - Validation Loss: 1.0801
Epoch 39/100 - Validation Loss: 1.0767
Epoch 40/100 - Validation Loss: 1.0735
Epoch 41/100 - Validation Loss: 1.0703
Epoch 42/100 - Validation Loss: 1.0671
Epoch 43/100 - Validation Loss: 1.0641
Epoch 44/100 - Validation Loss: 1.0611
Epoch 45/100 - Validation Loss: 1.0581
Epoch 46/100 - Validation Loss: 1.0553
Epoch 47/100 - Validation Loss: 1.0525
Epoch 48/100 - Validation Loss: 1.0497
Epoch 49/100 - Validation Loss: 1.0470
Epoch 50/100 - Validation Loss: 1.0442
Epoch 51/100 - Validation Loss: 1.0418
Epoch 52/100 - Validation Loss: 1.0390
Epoch 53/100 - Validation Loss: 1.0366
Epoch 54/100 - Validation Loss: 1.0341
Epoch 55/100 - Validation Loss: 1.0319
Epoch 56/100 - Validation Loss: 1.0293
Epoch 57/100 - Validation Loss: 1.0269
Epoch 58/100 - Validation Loss: 1.0248
Epoch 59/100 - Validation Loss: 1.0223
Epoch 60/100 - Validation Loss: 1.0202
Epoch 61/100 - Validation Loss: 1.0181
Epoch 62/100 - Validation Loss: 1.0162
Epoch 63/100 - Validation Loss: 1.0137
Epoch 64/100 - Validation Loss: 1.0117
Epoch 65/100 - Validation Loss: 1.0097
Epoch 66/100 - Validation Loss: 1.0077
Epoch 67/100 - Validation Loss: 1.0057
Epoch 68/100 - Validation Loss: 1.0037
Epoch 69/100 - Validation Loss: 1.0018
Epoch 70/100 - Validation Loss: 1.0001
Epoch 71/100 - Validation Loss: 0.9982
Epoch 72/100 - Validation Loss: 0.9964
Epoch 73/100 - Validation Loss: 0.9946
Epoch 74/100 - Validation Loss: 0.9928
Epoch 75/100 - Validation Loss: 0.9910
Epoch 76/100 - Validation Loss: 0.9894
Epoch 77/100 - Validation Loss: 0.9876
Epoch 78/100 - Validation Loss: 0.9862
Epoch 79/100 - Validation Loss: 0.9843
Epoch 80/100 - Validation Loss: 0.9831
Epoch 81/100 - Validation Loss: 0.9814
Epoch 82/100 - Validation Loss: 0.9796
Epoch 83/100 - Validation Loss: 0.9781
Epoch 84/100 - Validation Loss: 0.9767
Epoch 85/100 - Validation Loss: 0.9753
Epoch 86/100 - Validation Loss: 0.9738
Epoch 87/100 - Validation Loss: 0.9722
Epoch 88/100 - Validation Loss: 0.9708
Epoch 89/100 - Validation Loss: 0.9693
Epoch 90/100 - Validation Loss: 0.9681
Epoch 91/100 - Validation Loss: 0.9667
Epoch 92/100 - Validation Loss: 0.9656
Epoch 93/100 - Validation Loss: 0.9640
Epoch 94/100 - Validation Loss: 0.9629
Epoch 95/100 - Validation Loss: 0.9614
Epoch 96/100 - Validation Loss: 0.9601
Epoch 97/100 - Validation Loss: 0.9589
Epoch 98/100 - Validation Loss: 0.9579
Epoch 99/100 - Validation Loss: 0.9567
Epoch 100/100 - Validation Loss: 0.9551
Best AUC: 0.8688739442399851

--- Run 4/5 for shift 0.2 ---
Train Shape: (11710, 1028)
Val Shape: (1302, 1028)
Test Shape: (3254, 1028)
Training Early Fusion Model:
The number of parameters of the model are: 1025
Epoch 1/100 - Validation Loss: 1.4469
Epoch 2/100 - Validation Loss: 1.4367
Epoch 3/100 - Validation Loss: 1.4295
Epoch 4/100 - Validation Loss: 1.4187
Epoch 5/100 - Validation Loss: 1.4090
Epoch 6/100 - Validation Loss: 1.3993
Epoch 7/100 - Validation Loss: 1.3892
Epoch 8/100 - Validation Loss: 1.3800
Epoch 9/100 - Validation Loss: 1.3716
Epoch 10/100 - Validation Loss: 1.3628
Epoch 11/100 - Validation Loss: 1.3529
Epoch 12/100 - Validation Loss: 1.3460
Epoch 13/100 - Validation Loss: 1.3347
Epoch 14/100 - Validation Loss: 1.3296
Epoch 15/100 - Validation Loss: 1.3203
Epoch 16/100 - Validation Loss: 1.3116
Epoch 17/100 - Validation Loss: 1.3050
Epoch 18/100 - Validation Loss: 1.2984
Epoch 19/100 - Validation Loss: 1.2912
Epoch 20/100 - Validation Loss: 1.2831
Epoch 21/100 - Validation Loss: 1.2781
Epoch 22/100 - Validation Loss: 1.2690
Epoch 23/100 - Validation Loss: 1.2635
Epoch 24/100 - Validation Loss: 1.2562
Epoch 25/100 - Validation Loss: 1.2494
Epoch 26/100 - Validation Loss: 1.2444
Epoch 27/100 - Validation Loss: 1.2377
Epoch 28/100 - Validation Loss: 1.2313
Epoch 29/100 - Validation Loss: 1.2268
Epoch 30/100 - Validation Loss: 1.2217
Epoch 31/100 - Validation Loss: 1.2135
Epoch 32/100 - Validation Loss: 1.2092
Epoch 33/100 - Validation Loss: 1.2031
Epoch 34/100 - Validation Loss: 1.1990
Epoch 35/100 - Validation Loss: 1.1940
Epoch 36/100 - Validation Loss: 1.1889
Epoch 37/100 - Validation Loss: 1.1837
Epoch 38/100 - Validation Loss: 1.1785
Epoch 39/100 - Validation Loss: 1.1747
Epoch 40/100 - Validation Loss: 1.1678
Epoch 41/100 - Validation Loss: 1.1664
Epoch 42/100 - Validation Loss: 1.1605
Epoch 43/100 - Validation Loss: 1.1551
Epoch 44/100 - Validation Loss: 1.1505
Epoch 45/100 - Validation Loss: 1.1467
Epoch 46/100 - Validation Loss: 1.1432
Epoch 47/100 - Validation Loss: 1.1385
Epoch 48/100 - Validation Loss: 1.1348
Epoch 49/100 - Validation Loss: 1.1307
Epoch 50/100 - Validation Loss: 1.1264
Epoch 51/100 - Validation Loss: 1.1224
Epoch 52/100 - Validation Loss: 1.1192
Epoch 53/100 - Validation Loss: 1.1162
Epoch 54/100 - Validation Loss: 1.1124
Epoch 55/100 - Validation Loss: 1.1076
Epoch 56/100 - Validation Loss: 1.1046
Epoch 57/100 - Validation Loss: 1.1017
Epoch 58/100 - Validation Loss: 1.0986
Epoch 59/100 - Validation Loss: 1.0948
Epoch 60/100 - Validation Loss: 1.0908
Epoch 61/100 - Validation Loss: 1.0884
Epoch 62/100 - Validation Loss: 1.0852
Epoch 63/100 - Validation Loss: 1.0821
Epoch 64/100 - Validation Loss: 1.0790
Epoch 65/100 - Validation Loss: 1.0764
Epoch 66/100 - Validation Loss: 1.0728
Epoch 67/100 - Validation Loss: 1.0695
Epoch 68/100 - Validation Loss: 1.0669
Epoch 69/100 - Validation Loss: 1.0650
Epoch 70/100 - Validation Loss: 1.0610
Epoch 71/100 - Validation Loss: 1.0585
Epoch 72/100 - Validation Loss: 1.0565
Epoch 73/100 - Validation Loss: 1.0535
Epoch 74/100 - Validation Loss: 1.0497
Epoch 75/100 - Validation Loss: 1.0488
Epoch 76/100 - Validation Loss: 1.0461
Epoch 77/100 - Validation Loss: 1.0429
Epoch 78/100 - Validation Loss: 1.0413
Epoch 79/100 - Validation Loss: 1.0381
Epoch 80/100 - Validation Loss: 1.0363
Epoch 81/100 - Validation Loss: 1.0338
Epoch 82/100 - Validation Loss: 1.0318
Epoch 83/100 - Validation Loss: 1.0291
Epoch 84/100 - Validation Loss: 1.0260
Epoch 85/100 - Validation Loss: 1.0248
Epoch 86/100 - Validation Loss: 1.0227
Epoch 87/100 - Validation Loss: 1.0205
Epoch 88/100 - Validation Loss: 1.0190
Epoch 89/100 - Validation Loss: 1.0156
Epoch 90/100 - Validation Loss: 1.0143
Epoch 91/100 - Validation Loss: 1.0111
Epoch 92/100 - Validation Loss: 1.0100
Epoch 93/100 - Validation Loss: 1.0085
Epoch 94/100 - Validation Loss: 1.0059
Epoch 95/100 - Validation Loss: 1.0044
Epoch 96/100 - Validation Loss: 1.0014
Epoch 97/100 - Validation Loss: 0.9994
Epoch 98/100 - Validation Loss: 0.9981
Epoch 99/100 - Validation Loss: 0.9962
Epoch 100/100 - Validation Loss: 0.9957
Best AUC: 0.866983972227457

--- Run 5/5 for shift 0.2 ---
Train Shape: (11710, 1028)
Val Shape: (1302, 1028)
Test Shape: (3254, 1028)
Training Early Fusion Model:
The number of parameters of the model are: 1025
Epoch 1/100 - Validation Loss: 1.3069
Epoch 2/100 - Validation Loss: 1.2992
Epoch 3/100 - Validation Loss: 1.2911
Epoch 4/100 - Validation Loss: 1.2837
Epoch 5/100 - Validation Loss: 1.2761
Epoch 6/100 - Validation Loss: 1.2688
Epoch 7/100 - Validation Loss: 1.2617
Epoch 8/100 - Validation Loss: 1.2546
Epoch 9/100 - Validation Loss: 1.2477
Epoch 10/100 - Validation Loss: 1.2413
Epoch 11/100 - Validation Loss: 1.2347
Epoch 12/100 - Validation Loss: 1.2281
Epoch 13/100 - Validation Loss: 1.2216
Epoch 14/100 - Validation Loss: 1.2158
Epoch 15/100 - Validation Loss: 1.2104
Epoch 16/100 - Validation Loss: 1.2039
Epoch 17/100 - Validation Loss: 1.1982
Epoch 18/100 - Validation Loss: 1.1930
Epoch 19/100 - Validation Loss: 1.1876
Epoch 20/100 - Validation Loss: 1.1820
Epoch 21/100 - Validation Loss: 1.1773
Epoch 22/100 - Validation Loss: 1.1720
Epoch 23/100 - Validation Loss: 1.1669
Epoch 24/100 - Validation Loss: 1.1625
Epoch 25/100 - Validation Loss: 1.1577
Epoch 26/100 - Validation Loss: 1.1529
Epoch 27/100 - Validation Loss: 1.1485
Epoch 28/100 - Validation Loss: 1.1438
Epoch 29/100 - Validation Loss: 1.1398
Epoch 30/100 - Validation Loss: 1.1358
Epoch 31/100 - Validation Loss: 1.1315
Epoch 32/100 - Validation Loss: 1.1271
Epoch 33/100 - Validation Loss: 1.1231
Epoch 34/100 - Validation Loss: 1.1192
Epoch 35/100 - Validation Loss: 1.1154
Epoch 36/100 - Validation Loss: 1.1121
Epoch 37/100 - Validation Loss: 1.1082
Epoch 38/100 - Validation Loss: 1.1044
Epoch 39/100 - Validation Loss: 1.1010
Epoch 40/100 - Validation Loss: 1.0976
Epoch 41/100 - Validation Loss: 1.0944
Epoch 42/100 - Validation Loss: 1.0910
Epoch 43/100 - Validation Loss: 1.0876
Epoch 44/100 - Validation Loss: 1.0841
Epoch 45/100 - Validation Loss: 1.0816
Epoch 46/100 - Validation Loss: 1.0786
Epoch 47/100 - Validation Loss: 1.0753
Epoch 48/100 - Validation Loss: 1.0724
Epoch 49/100 - Validation Loss: 1.0694
Epoch 50/100 - Validation Loss: 1.0673
Epoch 51/100 - Validation Loss: 1.0638
Epoch 52/100 - Validation Loss: 1.0612
Epoch 53/100 - Validation Loss: 1.0590
Epoch 54/100 - Validation Loss: 1.0562
Epoch 55/100 - Validation Loss: 1.0535
Epoch 56/100 - Validation Loss: 1.0511
Epoch 57/100 - Validation Loss: 1.0493
Epoch 58/100 - Validation Loss: 1.0463
Epoch 59/100 - Validation Loss: 1.0438
Epoch 60/100 - Validation Loss: 1.0414
Epoch 61/100 - Validation Loss: 1.0395
Epoch 62/100 - Validation Loss: 1.0381
Epoch 63/100 - Validation Loss: 1.0349
Epoch 64/100 - Validation Loss: 1.0324
Epoch 65/100 - Validation Loss: 1.0311
Epoch 66/100 - Validation Loss: 1.0285
Epoch 67/100 - Validation Loss: 1.0267
Epoch 68/100 - Validation Loss: 1.0243
Epoch 69/100 - Validation Loss: 1.0229
Epoch 70/100 - Validation Loss: 1.0208
Epoch 71/100 - Validation Loss: 1.0191
Epoch 72/100 - Validation Loss: 1.0168
Epoch 73/100 - Validation Loss: 1.0148
Epoch 74/100 - Validation Loss: 1.0133
Epoch 75/100 - Validation Loss: 1.0115
Epoch 76/100 - Validation Loss: 1.0097
Epoch 77/100 - Validation Loss: 1.0081
Epoch 78/100 - Validation Loss: 1.0061
Epoch 79/100 - Validation Loss: 1.0050
Epoch 80/100 - Validation Loss: 1.0030
Epoch 81/100 - Validation Loss: 1.0017
Epoch 82/100 - Validation Loss: 0.9997
Epoch 83/100 - Validation Loss: 0.9982
Epoch 84/100 - Validation Loss: 0.9966
Epoch 85/100 - Validation Loss: 0.9949
Epoch 86/100 - Validation Loss: 0.9935
Epoch 87/100 - Validation Loss: 0.9925
Epoch 88/100 - Validation Loss: 0.9905
Epoch 89/100 - Validation Loss: 0.9894
Epoch 90/100 - Validation Loss: 0.9878
Epoch 91/100 - Validation Loss: 0.9868
Epoch 92/100 - Validation Loss: 0.9847
Epoch 93/100 - Validation Loss: 0.9835
Epoch 94/100 - Validation Loss: 0.9825
Epoch 95/100 - Validation Loss: 0.9808
Epoch 96/100 - Validation Loss: 0.9795
Epoch 97/100 - Validation Loss: 0.9784
Epoch 98/100 - Validation Loss: 0.9770
Epoch 99/100 - Validation Loss: 0.9760
Epoch 100/100 - Validation Loss: 0.9745
Best AUC: 0.8671708668640482
##################################################  Shift 0.3  ##################################################
Subsampling 16266 data points to 5000 for cleaner visualization.

--- Run 1/5 for shift 0.3 ---
Train Shape: (11710, 1028)
Val Shape: (1302, 1028)
Test Shape: (3254, 1028)
Training Early Fusion Model:
The number of parameters of the model are: 1025
Epoch 1/100 - Validation Loss: 1.3906
Epoch 2/100 - Validation Loss: 1.3800
Epoch 3/100 - Validation Loss: 1.3699
Epoch 4/100 - Validation Loss: 1.3616
Epoch 5/100 - Validation Loss: 1.3530
Epoch 6/100 - Validation Loss: 1.3431
Epoch 7/100 - Validation Loss: 1.3342
Epoch 8/100 - Validation Loss: 1.3273
Epoch 9/100 - Validation Loss: 1.3174
Epoch 10/100 - Validation Loss: 1.3092
Epoch 11/100 - Validation Loss: 1.3013
Epoch 12/100 - Validation Loss: 1.2929
Epoch 13/100 - Validation Loss: 1.2845
Epoch 14/100 - Validation Loss: 1.2780
Epoch 15/100 - Validation Loss: 1.2713
Epoch 16/100 - Validation Loss: 1.2630
Epoch 17/100 - Validation Loss: 1.2562
Epoch 18/100 - Validation Loss: 1.2486
Epoch 19/100 - Validation Loss: 1.2419
Epoch 20/100 - Validation Loss: 1.2346
Epoch 21/100 - Validation Loss: 1.2296
Epoch 22/100 - Validation Loss: 1.2219
Epoch 23/100 - Validation Loss: 1.2155
Epoch 24/100 - Validation Loss: 1.2086
Epoch 25/100 - Validation Loss: 1.2034
Epoch 26/100 - Validation Loss: 1.1966
Epoch 27/100 - Validation Loss: 1.1917
Epoch 28/100 - Validation Loss: 1.1864
Epoch 29/100 - Validation Loss: 1.1797
Epoch 30/100 - Validation Loss: 1.1746
Epoch 31/100 - Validation Loss: 1.1688
Epoch 32/100 - Validation Loss: 1.1641
Epoch 33/100 - Validation Loss: 1.1588
Epoch 34/100 - Validation Loss: 1.1535
Epoch 35/100 - Validation Loss: 1.1490
Epoch 36/100 - Validation Loss: 1.1434
Epoch 37/100 - Validation Loss: 1.1390
Epoch 38/100 - Validation Loss: 1.1337
Epoch 39/100 - Validation Loss: 1.1292
Epoch 40/100 - Validation Loss: 1.1249
Epoch 41/100 - Validation Loss: 1.1203
Epoch 42/100 - Validation Loss: 1.1159
Epoch 43/100 - Validation Loss: 1.1118
Epoch 44/100 - Validation Loss: 1.1073
Epoch 45/100 - Validation Loss: 1.1030
Epoch 46/100 - Validation Loss: 1.0988
Epoch 47/100 - Validation Loss: 1.0951
Epoch 48/100 - Validation Loss: 1.0919
Epoch 49/100 - Validation Loss: 1.0871
Epoch 50/100 - Validation Loss: 1.0833
Epoch 51/100 - Validation Loss: 1.0798
Epoch 52/100 - Validation Loss: 1.0759
Epoch 53/100 - Validation Loss: 1.0727
Epoch 54/100 - Validation Loss: 1.0690
Epoch 55/100 - Validation Loss: 1.0649
Epoch 56/100 - Validation Loss: 1.0628
Epoch 57/100 - Validation Loss: 1.0590
Epoch 58/100 - Validation Loss: 1.0559
Epoch 59/100 - Validation Loss: 1.0525
Epoch 60/100 - Validation Loss: 1.0488
Epoch 61/100 - Validation Loss: 1.0453
Epoch 62/100 - Validation Loss: 1.0435
Epoch 63/100 - Validation Loss: 1.0395
Epoch 64/100 - Validation Loss: 1.0371
Epoch 65/100 - Validation Loss: 1.0345
Epoch 66/100 - Validation Loss: 1.0311
Epoch 67/100 - Validation Loss: 1.0280
Epoch 68/100 - Validation Loss: 1.0251
Epoch 69/100 - Validation Loss: 1.0227
Epoch 70/100 - Validation Loss: 1.0195
Epoch 71/100 - Validation Loss: 1.0168
Epoch 72/100 - Validation Loss: 1.0149
Epoch 73/100 - Validation Loss: 1.0117
Epoch 74/100 - Validation Loss: 1.0095
Epoch 75/100 - Validation Loss: 1.0068
Epoch 76/100 - Validation Loss: 1.0043
Epoch 77/100 - Validation Loss: 1.0018
Epoch 78/100 - Validation Loss: 1.0000
Epoch 79/100 - Validation Loss: 0.9969
Epoch 80/100 - Validation Loss: 0.9942
Epoch 81/100 - Validation Loss: 0.9921
Epoch 82/100 - Validation Loss: 0.9908
Epoch 83/100 - Validation Loss: 0.9877
Epoch 84/100 - Validation Loss: 0.9857
Epoch 85/100 - Validation Loss: 0.9831
Epoch 86/100 - Validation Loss: 0.9814
Epoch 87/100 - Validation Loss: 0.9793
Epoch 88/100 - Validation Loss: 0.9767
Epoch 89/100 - Validation Loss: 0.9747
Epoch 90/100 - Validation Loss: 0.9731
Epoch 91/100 - Validation Loss: 0.9709
Epoch 92/100 - Validation Loss: 0.9685
Epoch 93/100 - Validation Loss: 0.9668
Epoch 94/100 - Validation Loss: 0.9653
Epoch 95/100 - Validation Loss: 0.9628
Epoch 96/100 - Validation Loss: 0.9608
Epoch 97/100 - Validation Loss: 0.9589
Epoch 98/100 - Validation Loss: 0.9569
Epoch 99/100 - Validation Loss: 0.9556
Epoch 100/100 - Validation Loss: 0.9535
Best AUC: 0.8681785404463354

--- Run 2/5 for shift 0.3 ---
Train Shape: (11710, 1028)
Val Shape: (1302, 1028)
Test Shape: (3254, 1028)
Training Early Fusion Model:
The number of parameters of the model are: 1025
Epoch 1/100 - Validation Loss: 1.3565
Epoch 2/100 - Validation Loss: 1.3462
Epoch 3/100 - Validation Loss: 1.3379
Epoch 4/100 - Validation Loss: 1.3292
Epoch 5/100 - Validation Loss: 1.3207
Epoch 6/100 - Validation Loss: 1.3123
Epoch 7/100 - Validation Loss: 1.3045
Epoch 8/100 - Validation Loss: 1.2973
Epoch 9/100 - Validation Loss: 1.2898
Epoch 10/100 - Validation Loss: 1.2828
Epoch 11/100 - Validation Loss: 1.2747
Epoch 12/100 - Validation Loss: 1.2676
Epoch 13/100 - Validation Loss: 1.2609
Epoch 14/100 - Validation Loss: 1.2552
Epoch 15/100 - Validation Loss: 1.2476
Epoch 16/100 - Validation Loss: 1.2417
Epoch 17/100 - Validation Loss: 1.2360
Epoch 18/100 - Validation Loss: 1.2286
Epoch 19/100 - Validation Loss: 1.2231
Epoch 20/100 - Validation Loss: 1.2176
Epoch 21/100 - Validation Loss: 1.2117
Epoch 22/100 - Validation Loss: 1.2067
Epoch 23/100 - Validation Loss: 1.2002
Epoch 24/100 - Validation Loss: 1.1957
Epoch 25/100 - Validation Loss: 1.1900
Epoch 26/100 - Validation Loss: 1.1851
Epoch 27/100 - Validation Loss: 1.1798
Epoch 28/100 - Validation Loss: 1.1750
Epoch 29/100 - Validation Loss: 1.1699
Epoch 30/100 - Validation Loss: 1.1652
Epoch 31/100 - Validation Loss: 1.1604
Epoch 32/100 - Validation Loss: 1.1567
Epoch 33/100 - Validation Loss: 1.1515
Epoch 34/100 - Validation Loss: 1.1482
Epoch 35/100 - Validation Loss: 1.1431
Epoch 36/100 - Validation Loss: 1.1379
Epoch 37/100 - Validation Loss: 1.1354
Epoch 38/100 - Validation Loss: 1.1306
Epoch 39/100 - Validation Loss: 1.1268
Epoch 40/100 - Validation Loss: 1.1228
Epoch 41/100 - Validation Loss: 1.1191
Epoch 42/100 - Validation Loss: 1.1164
Epoch 43/100 - Validation Loss: 1.1115
Epoch 44/100 - Validation Loss: 1.1088
Epoch 45/100 - Validation Loss: 1.1043
Epoch 46/100 - Validation Loss: 1.1014
Epoch 47/100 - Validation Loss: 1.0983
Epoch 48/100 - Validation Loss: 1.0949
Epoch 49/100 - Validation Loss: 1.0915
Epoch 50/100 - Validation Loss: 1.0879
Epoch 51/100 - Validation Loss: 1.0856
Epoch 52/100 - Validation Loss: 1.0806
Epoch 53/100 - Validation Loss: 1.0783
Epoch 54/100 - Validation Loss: 1.0760
Epoch 55/100 - Validation Loss: 1.0732
Epoch 56/100 - Validation Loss: 1.0701
Epoch 57/100 - Validation Loss: 1.0678
Epoch 58/100 - Validation Loss: 1.0644
Epoch 59/100 - Validation Loss: 1.0620
Epoch 60/100 - Validation Loss: 1.0595
Epoch 61/100 - Validation Loss: 1.0572
Epoch 62/100 - Validation Loss: 1.0547
Epoch 63/100 - Validation Loss: 1.0525
Epoch 64/100 - Validation Loss: 1.0484
Epoch 65/100 - Validation Loss: 1.0464
Epoch 66/100 - Validation Loss: 1.0444
Epoch 67/100 - Validation Loss: 1.0428
Epoch 68/100 - Validation Loss: 1.0395
Epoch 69/100 - Validation Loss: 1.0377
Epoch 70/100 - Validation Loss: 1.0353
Epoch 71/100 - Validation Loss: 1.0326
Epoch 72/100 - Validation Loss: 1.0310
Epoch 73/100 - Validation Loss: 1.0284
Epoch 74/100 - Validation Loss: 1.0273
Epoch 75/100 - Validation Loss: 1.0235
Epoch 76/100 - Validation Loss: 1.0228
Epoch 77/100 - Validation Loss: 1.0206
Epoch 78/100 - Validation Loss: 1.0178
Epoch 79/100 - Validation Loss: 1.0167
Epoch 80/100 - Validation Loss: 1.0140
Epoch 81/100 - Validation Loss: 1.0125
Epoch 82/100 - Validation Loss: 1.0112
Epoch 83/100 - Validation Loss: 1.0091
Epoch 84/100 - Validation Loss: 1.0062
Epoch 85/100 - Validation Loss: 1.0054
Epoch 86/100 - Validation Loss: 1.0034
Epoch 87/100 - Validation Loss: 1.0022
Epoch 88/100 - Validation Loss: 0.9997
Epoch 89/100 - Validation Loss: 0.9985
Epoch 90/100 - Validation Loss: 0.9963
Epoch 91/100 - Validation Loss: 0.9944
Epoch 92/100 - Validation Loss: 0.9930
Epoch 93/100 - Validation Loss: 0.9920
Epoch 94/100 - Validation Loss: 0.9901
Epoch 95/100 - Validation Loss: 0.9884
Epoch 96/100 - Validation Loss: 0.9867
Epoch 97/100 - Validation Loss: 0.9853
Epoch 98/100 - Validation Loss: 0.9840
Epoch 99/100 - Validation Loss: 0.9818
Epoch 100/100 - Validation Loss: 0.9807
Best AUC: 0.869310810453017

--- Run 3/5 for shift 0.3 ---
Train Shape: (11710, 1028)
Val Shape: (1302, 1028)
Test Shape: (3254, 1028)
Training Early Fusion Model:
The number of parameters of the model are: 1025
Epoch 1/100 - Validation Loss: 1.2747
Epoch 2/100 - Validation Loss: 1.2667
Epoch 3/100 - Validation Loss: 1.2588
Epoch 4/100 - Validation Loss: 1.2513
Epoch 5/100 - Validation Loss: 1.2438
Epoch 6/100 - Validation Loss: 1.2366
Epoch 7/100 - Validation Loss: 1.2295
Epoch 8/100 - Validation Loss: 1.2226
Epoch 9/100 - Validation Loss: 1.2159
Epoch 10/100 - Validation Loss: 1.2092
Epoch 11/100 - Validation Loss: 1.2031
Epoch 12/100 - Validation Loss: 1.1967
Epoch 13/100 - Validation Loss: 1.1907
Epoch 14/100 - Validation Loss: 1.1845
Epoch 15/100 - Validation Loss: 1.1788
Epoch 16/100 - Validation Loss: 1.1731
Epoch 17/100 - Validation Loss: 1.1676
Epoch 18/100 - Validation Loss: 1.1622
Epoch 19/100 - Validation Loss: 1.1569
Epoch 20/100 - Validation Loss: 1.1517
Epoch 21/100 - Validation Loss: 1.1467
Epoch 22/100 - Validation Loss: 1.1417
Epoch 23/100 - Validation Loss: 1.1369
Epoch 24/100 - Validation Loss: 1.1322
Epoch 25/100 - Validation Loss: 1.1277
Epoch 26/100 - Validation Loss: 1.1232
Epoch 27/100 - Validation Loss: 1.1188
Epoch 28/100 - Validation Loss: 1.1146
Epoch 29/100 - Validation Loss: 1.1104
Epoch 30/100 - Validation Loss: 1.1063
Epoch 31/100 - Validation Loss: 1.1023
Epoch 32/100 - Validation Loss: 1.0983
Epoch 33/100 - Validation Loss: 1.0946
Epoch 34/100 - Validation Loss: 1.0908
Epoch 35/100 - Validation Loss: 1.0871
Epoch 36/100 - Validation Loss: 1.0837
Epoch 37/100 - Validation Loss: 1.0801
Epoch 38/100 - Validation Loss: 1.0768
Epoch 39/100 - Validation Loss: 1.0733
Epoch 40/100 - Validation Loss: 1.0702
Epoch 41/100 - Validation Loss: 1.0669
Epoch 42/100 - Validation Loss: 1.0637
Epoch 43/100 - Validation Loss: 1.0607
Epoch 44/100 - Validation Loss: 1.0576
Epoch 45/100 - Validation Loss: 1.0546
Epoch 46/100 - Validation Loss: 1.0518
Epoch 47/100 - Validation Loss: 1.0490
Epoch 48/100 - Validation Loss: 1.0462
Epoch 49/100 - Validation Loss: 1.0435
Epoch 50/100 - Validation Loss: 1.0407
Epoch 51/100 - Validation Loss: 1.0383
Epoch 52/100 - Validation Loss: 1.0355
Epoch 53/100 - Validation Loss: 1.0331
Epoch 54/100 - Validation Loss: 1.0306
Epoch 55/100 - Validation Loss: 1.0283
Epoch 56/100 - Validation Loss: 1.0258
Epoch 57/100 - Validation Loss: 1.0234
Epoch 58/100 - Validation Loss: 1.0212
Epoch 59/100 - Validation Loss: 1.0188
Epoch 60/100 - Validation Loss: 1.0167
Epoch 61/100 - Validation Loss: 1.0145
Epoch 62/100 - Validation Loss: 1.0127
Epoch 63/100 - Validation Loss: 1.0102
Epoch 64/100 - Validation Loss: 1.0082
Epoch 65/100 - Validation Loss: 1.0061
Epoch 66/100 - Validation Loss: 1.0042
Epoch 67/100 - Validation Loss: 1.0022
Epoch 68/100 - Validation Loss: 1.0002
Epoch 69/100 - Validation Loss: 0.9983
Epoch 70/100 - Validation Loss: 0.9966
Epoch 71/100 - Validation Loss: 0.9947
Epoch 72/100 - Validation Loss: 0.9929
Epoch 73/100 - Validation Loss: 0.9912
Epoch 74/100 - Validation Loss: 0.9893
Epoch 75/100 - Validation Loss: 0.9875
Epoch 76/100 - Validation Loss: 0.9860
Epoch 77/100 - Validation Loss: 0.9841
Epoch 78/100 - Validation Loss: 0.9827
Epoch 79/100 - Validation Loss: 0.9808
Epoch 80/100 - Validation Loss: 0.9796
Epoch 81/100 - Validation Loss: 0.9779
Epoch 82/100 - Validation Loss: 0.9761
Epoch 83/100 - Validation Loss: 0.9746
Epoch 84/100 - Validation Loss: 0.9733
Epoch 85/100 - Validation Loss: 0.9719
Epoch 86/100 - Validation Loss: 0.9704
Epoch 87/100 - Validation Loss: 0.9688
Epoch 88/100 - Validation Loss: 0.9674
Epoch 89/100 - Validation Loss: 0.9659
Epoch 90/100 - Validation Loss: 0.9647
Epoch 91/100 - Validation Loss: 0.9633
Epoch 92/100 - Validation Loss: 0.9622
Epoch 93/100 - Validation Loss: 0.9606
Epoch 94/100 - Validation Loss: 0.9595
Epoch 95/100 - Validation Loss: 0.9580
Epoch 96/100 - Validation Loss: 0.9567
Epoch 97/100 - Validation Loss: 0.9555
Epoch 98/100 - Validation Loss: 0.9546
Epoch 99/100 - Validation Loss: 0.9534
Epoch 100/100 - Validation Loss: 0.9518
Best AUC: 0.8692718740703939

--- Run 4/5 for shift 0.3 ---
Train Shape: (11710, 1028)
Val Shape: (1302, 1028)
Test Shape: (3254, 1028)
Training Early Fusion Model:
The number of parameters of the model are: 1025
Epoch 1/100 - Validation Loss: 1.4467
Epoch 2/100 - Validation Loss: 1.4362
Epoch 3/100 - Validation Loss: 1.4288
Epoch 4/100 - Validation Loss: 1.4178
Epoch 5/100 - Validation Loss: 1.4078
Epoch 6/100 - Validation Loss: 1.3980
Epoch 7/100 - Validation Loss: 1.3877
Epoch 8/100 - Validation Loss: 1.3782
Epoch 9/100 - Validation Loss: 1.3697
Epoch 10/100 - Validation Loss: 1.3608
Epoch 11/100 - Validation Loss: 1.3507
Epoch 12/100 - Validation Loss: 1.3435
Epoch 13/100 - Validation Loss: 1.3321
Epoch 14/100 - Validation Loss: 1.3269
Epoch 15/100 - Validation Loss: 1.3175
Epoch 16/100 - Validation Loss: 1.3086
Epoch 17/100 - Validation Loss: 1.3019
Epoch 18/100 - Validation Loss: 1.2952
Epoch 19/100 - Validation Loss: 1.2879
Epoch 20/100 - Validation Loss: 1.2797
Epoch 21/100 - Validation Loss: 1.2746
Epoch 22/100 - Validation Loss: 1.2654
Epoch 23/100 - Validation Loss: 1.2598
Epoch 24/100 - Validation Loss: 1.2525
Epoch 25/100 - Validation Loss: 1.2456
Epoch 26/100 - Validation Loss: 1.2405
Epoch 27/100 - Validation Loss: 1.2338
Epoch 28/100 - Validation Loss: 1.2273
Epoch 29/100 - Validation Loss: 1.2227
Epoch 30/100 - Validation Loss: 1.2175
Epoch 31/100 - Validation Loss: 1.2093
Epoch 32/100 - Validation Loss: 1.2050
Epoch 33/100 - Validation Loss: 1.1988
Epoch 34/100 - Validation Loss: 1.1946
Epoch 35/100 - Validation Loss: 1.1896
Epoch 36/100 - Validation Loss: 1.1844
Epoch 37/100 - Validation Loss: 1.1792
Epoch 38/100 - Validation Loss: 1.1740
Epoch 39/100 - Validation Loss: 1.1701
Epoch 40/100 - Validation Loss: 1.1632
Epoch 41/100 - Validation Loss: 1.1619
Epoch 42/100 - Validation Loss: 1.1559
Epoch 43/100 - Validation Loss: 1.1505
Epoch 44/100 - Validation Loss: 1.1458
Epoch 45/100 - Validation Loss: 1.1421
Epoch 46/100 - Validation Loss: 1.1385
Epoch 47/100 - Validation Loss: 1.1338
Epoch 48/100 - Validation Loss: 1.1301
Epoch 49/100 - Validation Loss: 1.1259
Epoch 50/100 - Validation Loss: 1.1217
Epoch 51/100 - Validation Loss: 1.1176
Epoch 52/100 - Validation Loss: 1.1144
Epoch 53/100 - Validation Loss: 1.1114
Epoch 54/100 - Validation Loss: 1.1076
Epoch 55/100 - Validation Loss: 1.1028
Epoch 56/100 - Validation Loss: 1.0999
Epoch 57/100 - Validation Loss: 1.0970
Epoch 58/100 - Validation Loss: 1.0938
Epoch 59/100 - Validation Loss: 1.0900
Epoch 60/100 - Validation Loss: 1.0860
Epoch 61/100 - Validation Loss: 1.0836
Epoch 62/100 - Validation Loss: 1.0805
Epoch 63/100 - Validation Loss: 1.0773
Epoch 64/100 - Validation Loss: 1.0743
Epoch 65/100 - Validation Loss: 1.0717
Epoch 66/100 - Validation Loss: 1.0680
Epoch 67/100 - Validation Loss: 1.0648
Epoch 68/100 - Validation Loss: 1.0622
Epoch 69/100 - Validation Loss: 1.0603
Epoch 70/100 - Validation Loss: 1.0563
Epoch 71/100 - Validation Loss: 1.0537
Epoch 72/100 - Validation Loss: 1.0518
Epoch 73/100 - Validation Loss: 1.0488
Epoch 74/100 - Validation Loss: 1.0450
Epoch 75/100 - Validation Loss: 1.0441
Epoch 76/100 - Validation Loss: 1.0414
Epoch 77/100 - Validation Loss: 1.0382
Epoch 78/100 - Validation Loss: 1.0366
Epoch 79/100 - Validation Loss: 1.0334
Epoch 80/100 - Validation Loss: 1.0316
Epoch 81/100 - Validation Loss: 1.0291
Epoch 82/100 - Validation Loss: 1.0272
Epoch 83/100 - Validation Loss: 1.0245
Epoch 84/100 - Validation Loss: 1.0213
Epoch 85/100 - Validation Loss: 1.0202
Epoch 86/100 - Validation Loss: 1.0181
Epoch 87/100 - Validation Loss: 1.0158
Epoch 88/100 - Validation Loss: 1.0144
Epoch 89/100 - Validation Loss: 1.0110
Epoch 90/100 - Validation Loss: 1.0097
Epoch 91/100 - Validation Loss: 1.0065
Epoch 92/100 - Validation Loss: 1.0054
Epoch 93/100 - Validation Loss: 1.0039
Epoch 94/100 - Validation Loss: 1.0014
Epoch 95/100 - Validation Loss: 0.9999
Epoch 96/100 - Validation Loss: 0.9968
Epoch 97/100 - Validation Loss: 0.9949
Epoch 98/100 - Validation Loss: 0.9935
Epoch 99/100 - Validation Loss: 0.9917
Epoch 100/100 - Validation Loss: 0.9911
Best AUC: 0.8673063654755766

--- Run 5/5 for shift 0.3 ---
Train Shape: (11710, 1028)
Val Shape: (1302, 1028)
Test Shape: (3254, 1028)
Training Early Fusion Model:
The number of parameters of the model are: 1025
Epoch 1/100 - Validation Loss: 1.3067
Epoch 2/100 - Validation Loss: 1.2988
Epoch 3/100 - Validation Loss: 1.2905
Epoch 4/100 - Validation Loss: 1.2829
Epoch 5/100 - Validation Loss: 1.2752
Epoch 6/100 - Validation Loss: 1.2678
Epoch 7/100 - Validation Loss: 1.2605
Epoch 8/100 - Validation Loss: 1.2533
Epoch 9/100 - Validation Loss: 1.2463
Epoch 10/100 - Validation Loss: 1.2397
Epoch 11/100 - Validation Loss: 1.2330
Epoch 12/100 - Validation Loss: 1.2262
Epoch 13/100 - Validation Loss: 1.2197
Epoch 14/100 - Validation Loss: 1.2138
Epoch 15/100 - Validation Loss: 1.2083
Epoch 16/100 - Validation Loss: 1.2017
Epoch 17/100 - Validation Loss: 1.1959
Epoch 18/100 - Validation Loss: 1.1906
Epoch 19/100 - Validation Loss: 1.1851
Epoch 20/100 - Validation Loss: 1.1795
Epoch 21/100 - Validation Loss: 1.1747
Epoch 22/100 - Validation Loss: 1.1693
Epoch 23/100 - Validation Loss: 1.1642
Epoch 24/100 - Validation Loss: 1.1597
Epoch 25/100 - Validation Loss: 1.1548
Epoch 26/100 - Validation Loss: 1.1500
Epoch 27/100 - Validation Loss: 1.1456
Epoch 28/100 - Validation Loss: 1.1408
Epoch 29/100 - Validation Loss: 1.1367
Epoch 30/100 - Validation Loss: 1.1327
Epoch 31/100 - Validation Loss: 1.1284
Epoch 32/100 - Validation Loss: 1.1240
Epoch 33/100 - Validation Loss: 1.1199
Epoch 34/100 - Validation Loss: 1.1160
Epoch 35/100 - Validation Loss: 1.1122
Epoch 36/100 - Validation Loss: 1.1088
Epoch 37/100 - Validation Loss: 1.1050
Epoch 38/100 - Validation Loss: 1.1011
Epoch 39/100 - Validation Loss: 1.0977
Epoch 40/100 - Validation Loss: 1.0943
Epoch 41/100 - Validation Loss: 1.0911
Epoch 42/100 - Validation Loss: 1.0877
Epoch 43/100 - Validation Loss: 1.0843
Epoch 44/100 - Validation Loss: 1.0808
Epoch 45/100 - Validation Loss: 1.0782
Epoch 46/100 - Validation Loss: 1.0752
Epoch 47/100 - Validation Loss: 1.0720
Epoch 48/100 - Validation Loss: 1.0691
Epoch 49/100 - Validation Loss: 1.0660
Epoch 50/100 - Validation Loss: 1.0639
Epoch 51/100 - Validation Loss: 1.0605
Epoch 52/100 - Validation Loss: 1.0578
Epoch 53/100 - Validation Loss: 1.0557
Epoch 54/100 - Validation Loss: 1.0528
Epoch 55/100 - Validation Loss: 1.0501
Epoch 56/100 - Validation Loss: 1.0477
Epoch 57/100 - Validation Loss: 1.0459
Epoch 58/100 - Validation Loss: 1.0429
Epoch 59/100 - Validation Loss: 1.0405
Epoch 60/100 - Validation Loss: 1.0380
Epoch 61/100 - Validation Loss: 1.0361
Epoch 62/100 - Validation Loss: 1.0347
Epoch 63/100 - Validation Loss: 1.0316
Epoch 64/100 - Validation Loss: 1.0291
Epoch 65/100 - Validation Loss: 1.0277
Epoch 66/100 - Validation Loss: 1.0252
Epoch 67/100 - Validation Loss: 1.0234
Epoch 68/100 - Validation Loss: 1.0210
Epoch 69/100 - Validation Loss: 1.0196
Epoch 70/100 - Validation Loss: 1.0175
Epoch 71/100 - Validation Loss: 1.0158
Epoch 72/100 - Validation Loss: 1.0135
Epoch 73/100 - Validation Loss: 1.0115
Epoch 74/100 - Validation Loss: 1.0100
Epoch 75/100 - Validation Loss: 1.0082
Epoch 76/100 - Validation Loss: 1.0065
Epoch 77/100 - Validation Loss: 1.0049
Epoch 78/100 - Validation Loss: 1.0029
Epoch 79/100 - Validation Loss: 1.0018
Epoch 80/100 - Validation Loss: 0.9998
Epoch 81/100 - Validation Loss: 0.9985
Epoch 82/100 - Validation Loss: 0.9965
Epoch 83/100 - Validation Loss: 0.9951
Epoch 84/100 - Validation Loss: 0.9934
Epoch 85/100 - Validation Loss: 0.9918
Epoch 86/100 - Validation Loss: 0.9904
Epoch 87/100 - Validation Loss: 0.9894
Epoch 88/100 - Validation Loss: 0.9874
Epoch 89/100 - Validation Loss: 0.9863
Epoch 90/100 - Validation Loss: 0.9846
Epoch 91/100 - Validation Loss: 0.9837
Epoch 92/100 - Validation Loss: 0.9815
Epoch 93/100 - Validation Loss: 0.9803
Epoch 94/100 - Validation Loss: 0.9794
Epoch 95/100 - Validation Loss: 0.9777
Epoch 96/100 - Validation Loss: 0.9764
Epoch 97/100 - Validation Loss: 0.9753
Epoch 98/100 - Validation Loss: 0.9739
Epoch 99/100 - Validation Loss: 0.9729
Epoch 100/100 - Validation Loss: 0.9715
Best AUC: 0.8675726903327192
##################################################  Shift 0.4  ##################################################
Subsampling 16266 data points to 5000 for cleaner visualization.

--- Run 1/5 for shift 0.4 ---
Train Shape: (11710, 1028)
Val Shape: (1302, 1028)
Test Shape: (3254, 1028)
Training Early Fusion Model:
The number of parameters of the model are: 1025
Epoch 1/100 - Validation Loss: 1.3904
Epoch 2/100 - Validation Loss: 1.3796
Epoch 3/100 - Validation Loss: 1.3693
Epoch 4/100 - Validation Loss: 1.3609
Epoch 5/100 - Validation Loss: 1.3520
Epoch 6/100 - Validation Loss: 1.3420
Epoch 7/100 - Validation Loss: 1.3328
Epoch 8/100 - Validation Loss: 1.3258
Epoch 9/100 - Validation Loss: 1.3158
Epoch 10/100 - Validation Loss: 1.3074
Epoch 11/100 - Validation Loss: 1.2994
Epoch 12/100 - Validation Loss: 1.2908
Epoch 13/100 - Validation Loss: 1.2823
Epoch 14/100 - Validation Loss: 1.2757
Epoch 15/100 - Validation Loss: 1.2688
Epoch 16/100 - Validation Loss: 1.2605
Epoch 17/100 - Validation Loss: 1.2535
Epoch 18/100 - Validation Loss: 1.2459
Epoch 19/100 - Validation Loss: 1.2391
Epoch 20/100 - Validation Loss: 1.2317
Epoch 21/100 - Validation Loss: 1.2266
Epoch 22/100 - Validation Loss: 1.2188
Epoch 23/100 - Validation Loss: 1.2124
Epoch 24/100 - Validation Loss: 1.2054
Epoch 25/100 - Validation Loss: 1.2001
Epoch 26/100 - Validation Loss: 1.1932
Epoch 27/100 - Validation Loss: 1.1883
Epoch 28/100 - Validation Loss: 1.1829
Epoch 29/100 - Validation Loss: 1.1762
Epoch 30/100 - Validation Loss: 1.1710
Epoch 31/100 - Validation Loss: 1.1651
Epoch 32/100 - Validation Loss: 1.1604
Epoch 33/100 - Validation Loss: 1.1550
Epoch 34/100 - Validation Loss: 1.1498
Epoch 35/100 - Validation Loss: 1.1452
Epoch 36/100 - Validation Loss: 1.1395
Epoch 37/100 - Validation Loss: 1.1351
Epoch 38/100 - Validation Loss: 1.1297
Epoch 39/100 - Validation Loss: 1.1253
Epoch 40/100 - Validation Loss: 1.1209
Epoch 41/100 - Validation Loss: 1.1163
Epoch 42/100 - Validation Loss: 1.1119
Epoch 43/100 - Validation Loss: 1.1077
Epoch 44/100 - Validation Loss: 1.1032
Epoch 45/100 - Validation Loss: 1.0990
Epoch 46/100 - Validation Loss: 1.0947
Epoch 47/100 - Validation Loss: 1.0910
Epoch 48/100 - Validation Loss: 1.0878
Epoch 49/100 - Validation Loss: 1.0830
Epoch 50/100 - Validation Loss: 1.0792
Epoch 51/100 - Validation Loss: 1.0756
Epoch 52/100 - Validation Loss: 1.0717
Epoch 53/100 - Validation Loss: 1.0685
Epoch 54/100 - Validation Loss: 1.0648
Epoch 55/100 - Validation Loss: 1.0607
Epoch 56/100 - Validation Loss: 1.0586
Epoch 57/100 - Validation Loss: 1.0548
Epoch 58/100 - Validation Loss: 1.0516
Epoch 59/100 - Validation Loss: 1.0483
Epoch 60/100 - Validation Loss: 1.0446
Epoch 61/100 - Validation Loss: 1.0411
Epoch 62/100 - Validation Loss: 1.0393
Epoch 63/100 - Validation Loss: 1.0352
Epoch 64/100 - Validation Loss: 1.0329
Epoch 65/100 - Validation Loss: 1.0302
Epoch 66/100 - Validation Loss: 1.0269
Epoch 67/100 - Validation Loss: 1.0237
Epoch 68/100 - Validation Loss: 1.0209
Epoch 69/100 - Validation Loss: 1.0185
Epoch 70/100 - Validation Loss: 1.0153
Epoch 71/100 - Validation Loss: 1.0125
Epoch 72/100 - Validation Loss: 1.0107
Epoch 73/100 - Validation Loss: 1.0075
Epoch 74/100 - Validation Loss: 1.0052
Epoch 75/100 - Validation Loss: 1.0026
Epoch 76/100 - Validation Loss: 1.0001
Epoch 77/100 - Validation Loss: 0.9976
Epoch 78/100 - Validation Loss: 0.9957
Epoch 79/100 - Validation Loss: 0.9926
Epoch 80/100 - Validation Loss: 0.9900
Epoch 81/100 - Validation Loss: 0.9879
Epoch 82/100 - Validation Loss: 0.9866
Epoch 83/100 - Validation Loss: 0.9835
Epoch 84/100 - Validation Loss: 0.9815
Epoch 85/100 - Validation Loss: 0.9789
Epoch 86/100 - Validation Loss: 0.9773
Epoch 87/100 - Validation Loss: 0.9752
Epoch 88/100 - Validation Loss: 0.9726
Epoch 89/100 - Validation Loss: 0.9706
Epoch 90/100 - Validation Loss: 0.9690
Epoch 91/100 - Validation Loss: 0.9667
Epoch 92/100 - Validation Loss: 0.9643
Epoch 93/100 - Validation Loss: 0.9627
Epoch 94/100 - Validation Loss: 0.9612
Epoch 95/100 - Validation Loss: 0.9587
Epoch 96/100 - Validation Loss: 0.9567
Epoch 97/100 - Validation Loss: 0.9548
Epoch 98/100 - Validation Loss: 0.9528
Epoch 99/100 - Validation Loss: 0.9515
Epoch 100/100 - Validation Loss: 0.9495
Best AUC: 0.868571019183177

--- Run 2/5 for shift 0.4 ---
Train Shape: (11710, 1028)
Val Shape: (1302, 1028)
Test Shape: (3254, 1028)
Training Early Fusion Model:
The number of parameters of the model are: 1025
Epoch 1/100 - Validation Loss: 1.3562
Epoch 2/100 - Validation Loss: 1.3457
Epoch 3/100 - Validation Loss: 1.3373
Epoch 4/100 - Validation Loss: 1.3284
Epoch 5/100 - Validation Loss: 1.3197
Epoch 6/100 - Validation Loss: 1.3112
Epoch 7/100 - Validation Loss: 1.3032
Epoch 8/100 - Validation Loss: 1.2959
Epoch 9/100 - Validation Loss: 1.2883
Epoch 10/100 - Validation Loss: 1.2811
Epoch 11/100 - Validation Loss: 1.2729
Epoch 12/100 - Validation Loss: 1.2657
Epoch 13/100 - Validation Loss: 1.2589
Epoch 14/100 - Validation Loss: 1.2531
Epoch 15/100 - Validation Loss: 1.2454
Epoch 16/100 - Validation Loss: 1.2394
Epoch 17/100 - Validation Loss: 1.2336
Epoch 18/100 - Validation Loss: 1.2261
Epoch 19/100 - Validation Loss: 1.2205
Epoch 20/100 - Validation Loss: 1.2149
Epoch 21/100 - Validation Loss: 1.2090
Epoch 22/100 - Validation Loss: 1.2039
Epoch 23/100 - Validation Loss: 1.1974
Epoch 24/100 - Validation Loss: 1.1929
Epoch 25/100 - Validation Loss: 1.1870
Epoch 26/100 - Validation Loss: 1.1821
Epoch 27/100 - Validation Loss: 1.1767
Epoch 28/100 - Validation Loss: 1.1719
Epoch 29/100 - Validation Loss: 1.1667
Epoch 30/100 - Validation Loss: 1.1620
Epoch 31/100 - Validation Loss: 1.1571
Epoch 32/100 - Validation Loss: 1.1534
Epoch 33/100 - Validation Loss: 1.1482
Epoch 34/100 - Validation Loss: 1.1448
Epoch 35/100 - Validation Loss: 1.1397
Epoch 36/100 - Validation Loss: 1.1345
Epoch 37/100 - Validation Loss: 1.1320
Epoch 38/100 - Validation Loss: 1.1272
Epoch 39/100 - Validation Loss: 1.1234
Epoch 40/100 - Validation Loss: 1.1194
Epoch 41/100 - Validation Loss: 1.1156
Epoch 42/100 - Validation Loss: 1.1129
Epoch 43/100 - Validation Loss: 1.1080
Epoch 44/100 - Validation Loss: 1.1053
Epoch 45/100 - Validation Loss: 1.1007
Epoch 46/100 - Validation Loss: 1.0978
Epoch 47/100 - Validation Loss: 1.0948
Epoch 48/100 - Validation Loss: 1.0913
Epoch 49/100 - Validation Loss: 1.0879
Epoch 50/100 - Validation Loss: 1.0843
Epoch 51/100 - Validation Loss: 1.0820
Epoch 52/100 - Validation Loss: 1.0770
Epoch 53/100 - Validation Loss: 1.0747
Epoch 54/100 - Validation Loss: 1.0724
Epoch 55/100 - Validation Loss: 1.0696
Epoch 56/100 - Validation Loss: 1.0665
Epoch 57/100 - Validation Loss: 1.0642
Epoch 58/100 - Validation Loss: 1.0607
Epoch 59/100 - Validation Loss: 1.0584
Epoch 60/100 - Validation Loss: 1.0559
Epoch 61/100 - Validation Loss: 1.0536
Epoch 62/100 - Validation Loss: 1.0510
Epoch 63/100 - Validation Loss: 1.0488
Epoch 64/100 - Validation Loss: 1.0448
Epoch 65/100 - Validation Loss: 1.0428
Epoch 66/100 - Validation Loss: 1.0408
Epoch 67/100 - Validation Loss: 1.0392
Epoch 68/100 - Validation Loss: 1.0359
Epoch 69/100 - Validation Loss: 1.0341
Epoch 70/100 - Validation Loss: 1.0317
Epoch 71/100 - Validation Loss: 1.0290
Epoch 72/100 - Validation Loss: 1.0274
Epoch 73/100 - Validation Loss: 1.0248
Epoch 74/100 - Validation Loss: 1.0237
Epoch 75/100 - Validation Loss: 1.0199
Epoch 76/100 - Validation Loss: 1.0192
Epoch 77/100 - Validation Loss: 1.0170
Epoch 78/100 - Validation Loss: 1.0142
Epoch 79/100 - Validation Loss: 1.0131
Epoch 80/100 - Validation Loss: 1.0105
Epoch 81/100 - Validation Loss: 1.0090
Epoch 82/100 - Validation Loss: 1.0076
Epoch 83/100 - Validation Loss: 1.0056
Epoch 84/100 - Validation Loss: 1.0027
Epoch 85/100 - Validation Loss: 1.0018
Epoch 86/100 - Validation Loss: 0.9999
Epoch 87/100 - Validation Loss: 0.9987
Epoch 88/100 - Validation Loss: 0.9962
Epoch 89/100 - Validation Loss: 0.9950
Epoch 90/100 - Validation Loss: 0.9929
Epoch 91/100 - Validation Loss: 0.9910
Epoch 92/100 - Validation Loss: 0.9895
Epoch 93/100 - Validation Loss: 0.9885
Epoch 94/100 - Validation Loss: 0.9867
Epoch 95/100 - Validation Loss: 0.9850
Epoch 96/100 - Validation Loss: 0.9833
Epoch 97/100 - Validation Loss: 0.9819
Epoch 98/100 - Validation Loss: 0.9806
Epoch 99/100 - Validation Loss: 0.9784
Epoch 100/100 - Validation Loss: 0.9773
Best AUC: 0.8696557868030583

--- Run 3/5 for shift 0.4 ---
Train Shape: (11710, 1028)
Val Shape: (1302, 1028)
Test Shape: (3254, 1028)
Training Early Fusion Model:
The number of parameters of the model are: 1025
Epoch 1/100 - Validation Loss: 1.2745
Epoch 2/100 - Validation Loss: 1.2663
Epoch 3/100 - Validation Loss: 1.2583
Epoch 4/100 - Validation Loss: 1.2506
Epoch 5/100 - Validation Loss: 1.2430
Epoch 6/100 - Validation Loss: 1.2356
Epoch 7/100 - Validation Loss: 1.2284
Epoch 8/100 - Validation Loss: 1.2213
Epoch 9/100 - Validation Loss: 1.2145
Epoch 10/100 - Validation Loss: 1.2078
Epoch 11/100 - Validation Loss: 1.2015
Epoch 12/100 - Validation Loss: 1.1950
Epoch 13/100 - Validation Loss: 1.1889
Epoch 14/100 - Validation Loss: 1.1827
Epoch 15/100 - Validation Loss: 1.1768
Epoch 16/100 - Validation Loss: 1.1710
Epoch 17/100 - Validation Loss: 1.1654
Epoch 18/100 - Validation Loss: 1.1599
Epoch 19/100 - Validation Loss: 1.1546
Epoch 20/100 - Validation Loss: 1.1493
Epoch 21/100 - Validation Loss: 1.1443
Epoch 22/100 - Validation Loss: 1.1392
Epoch 23/100 - Validation Loss: 1.1343
Epoch 24/100 - Validation Loss: 1.1296
Epoch 25/100 - Validation Loss: 1.1250
Epoch 26/100 - Validation Loss: 1.1205
Epoch 27/100 - Validation Loss: 1.1161
Epoch 28/100 - Validation Loss: 1.1118
Epoch 29/100 - Validation Loss: 1.1076
Epoch 30/100 - Validation Loss: 1.1034
Epoch 31/100 - Validation Loss: 1.0994
Epoch 32/100 - Validation Loss: 1.0954
Epoch 33/100 - Validation Loss: 1.0917
Epoch 34/100 - Validation Loss: 1.0878
Epoch 35/100 - Validation Loss: 1.0841
Epoch 36/100 - Validation Loss: 1.0807
Epoch 37/100 - Validation Loss: 1.0771
Epoch 38/100 - Validation Loss: 1.0738
Epoch 39/100 - Validation Loss: 1.0703
Epoch 40/100 - Validation Loss: 1.0671
Epoch 41/100 - Validation Loss: 1.0638
Epoch 42/100 - Validation Loss: 1.0606
Epoch 43/100 - Validation Loss: 1.0576
Epoch 44/100 - Validation Loss: 1.0545
Epoch 45/100 - Validation Loss: 1.0515
Epoch 46/100 - Validation Loss: 1.0487
Epoch 47/100 - Validation Loss: 1.0459
Epoch 48/100 - Validation Loss: 1.0431
Epoch 49/100 - Validation Loss: 1.0404
Epoch 50/100 - Validation Loss: 1.0376
Epoch 51/100 - Validation Loss: 1.0351
Epoch 52/100 - Validation Loss: 1.0323
Epoch 53/100 - Validation Loss: 1.0299
Epoch 54/100 - Validation Loss: 1.0274
Epoch 55/100 - Validation Loss: 1.0252
Epoch 56/100 - Validation Loss: 1.0226
Epoch 57/100 - Validation Loss: 1.0202
Epoch 58/100 - Validation Loss: 1.0181
Epoch 59/100 - Validation Loss: 1.0156
Epoch 60/100 - Validation Loss: 1.0135
Epoch 61/100 - Validation Loss: 1.0114
Epoch 62/100 - Validation Loss: 1.0095
Epoch 63/100 - Validation Loss: 1.0070
Epoch 64/100 - Validation Loss: 1.0050
Epoch 65/100 - Validation Loss: 1.0030
Epoch 66/100 - Validation Loss: 1.0011
Epoch 67/100 - Validation Loss: 0.9990
Epoch 68/100 - Validation Loss: 0.9971
Epoch 69/100 - Validation Loss: 0.9951
Epoch 70/100 - Validation Loss: 0.9935
Epoch 71/100 - Validation Loss: 0.9915
Epoch 72/100 - Validation Loss: 0.9897
Epoch 73/100 - Validation Loss: 0.9880
Epoch 74/100 - Validation Loss: 0.9861
Epoch 75/100 - Validation Loss: 0.9844
Epoch 76/100 - Validation Loss: 0.9828
Epoch 77/100 - Validation Loss: 0.9809
Epoch 78/100 - Validation Loss: 0.9796
Epoch 79/100 - Validation Loss: 0.9777
Epoch 80/100 - Validation Loss: 0.9765
Epoch 81/100 - Validation Loss: 0.9748
Epoch 82/100 - Validation Loss: 0.9730
Epoch 83/100 - Validation Loss: 0.9715
Epoch 84/100 - Validation Loss: 0.9702
Epoch 85/100 - Validation Loss: 0.9688
Epoch 86/100 - Validation Loss: 0.9673
Epoch 87/100 - Validation Loss: 0.9657
Epoch 88/100 - Validation Loss: 0.9643
Epoch 89/100 - Validation Loss: 0.9628
Epoch 90/100 - Validation Loss: 0.9616
Epoch 91/100 - Validation Loss: 0.9602
Epoch 92/100 - Validation Loss: 0.9591
Epoch 93/100 - Validation Loss: 0.9575
Epoch 94/100 - Validation Loss: 0.9565
Epoch 95/100 - Validation Loss: 0.9550
Epoch 96/100 - Validation Loss: 0.9537
Epoch 97/100 - Validation Loss: 0.9525
Epoch 98/100 - Validation Loss: 0.9515
Epoch 99/100 - Validation Loss: 0.9503
Epoch 100/100 - Validation Loss: 0.9487
Best AUC: 0.8695833651313791

--- Run 4/5 for shift 0.4 ---
Train Shape: (11710, 1028)
Val Shape: (1302, 1028)
Test Shape: (3254, 1028)
Training Early Fusion Model:
The number of parameters of the model are: 1025
Epoch 1/100 - Validation Loss: 1.4465
Epoch 2/100 - Validation Loss: 1.4358
Epoch 3/100 - Validation Loss: 1.4282
Epoch 4/100 - Validation Loss: 1.4170
Epoch 5/100 - Validation Loss: 1.4068
Epoch 6/100 - Validation Loss: 1.3968
Epoch 7/100 - Validation Loss: 1.3862
Epoch 8/100 - Validation Loss: 1.3767
Epoch 9/100 - Validation Loss: 1.3679
Epoch 10/100 - Validation Loss: 1.3588
Epoch 11/100 - Validation Loss: 1.3486
Epoch 12/100 - Validation Loss: 1.3413
Epoch 13/100 - Validation Loss: 1.3298
Epoch 14/100 - Validation Loss: 1.3244
Epoch 15/100 - Validation Loss: 1.3149
Epoch 16/100 - Validation Loss: 1.3059
Epoch 17/100 - Validation Loss: 1.2991
Epoch 18/100 - Validation Loss: 1.2923
Epoch 19/100 - Validation Loss: 1.2849
Epoch 20/100 - Validation Loss: 1.2766
Epoch 21/100 - Validation Loss: 1.2714
Epoch 22/100 - Validation Loss: 1.2621
Epoch 23/100 - Validation Loss: 1.2564
Epoch 24/100 - Validation Loss: 1.2490
Epoch 25/100 - Validation Loss: 1.2421
Epoch 26/100 - Validation Loss: 1.2369
Epoch 27/100 - Validation Loss: 1.2301
Epoch 28/100 - Validation Loss: 1.2236
Epoch 29/100 - Validation Loss: 1.2190
Epoch 30/100 - Validation Loss: 1.2138
Epoch 31/100 - Validation Loss: 1.2055
Epoch 32/100 - Validation Loss: 1.2011
Epoch 33/100 - Validation Loss: 1.1949
Epoch 34/100 - Validation Loss: 1.1907
Epoch 35/100 - Validation Loss: 1.1856
Epoch 36/100 - Validation Loss: 1.1804
Epoch 37/100 - Validation Loss: 1.1752
Epoch 38/100 - Validation Loss: 1.1699
Epoch 39/100 - Validation Loss: 1.1661
Epoch 40/100 - Validation Loss: 1.1591
Epoch 41/100 - Validation Loss: 1.1577
Epoch 42/100 - Validation Loss: 1.1518
Epoch 43/100 - Validation Loss: 1.1463
Epoch 44/100 - Validation Loss: 1.1417
Epoch 45/100 - Validation Loss: 1.1379
Epoch 46/100 - Validation Loss: 1.1343
Epoch 47/100 - Validation Loss: 1.1296
Epoch 48/100 - Validation Loss: 1.1259
Epoch 49/100 - Validation Loss: 1.1217
Epoch 50/100 - Validation Loss: 1.1174
Epoch 51/100 - Validation Loss: 1.1134
Epoch 52/100 - Validation Loss: 1.1102
Epoch 53/100 - Validation Loss: 1.1072
Epoch 54/100 - Validation Loss: 1.1034
Epoch 55/100 - Validation Loss: 1.0985
Epoch 56/100 - Validation Loss: 1.0956
Epoch 57/100 - Validation Loss: 1.0927
Epoch 58/100 - Validation Loss: 1.0895
Epoch 59/100 - Validation Loss: 1.0857
Epoch 60/100 - Validation Loss: 1.0817
Epoch 61/100 - Validation Loss: 1.0794
Epoch 62/100 - Validation Loss: 1.0762
Epoch 63/100 - Validation Loss: 1.0731
Epoch 64/100 - Validation Loss: 1.0700
Epoch 65/100 - Validation Loss: 1.0674
Epoch 66/100 - Validation Loss: 1.0637
Epoch 67/100 - Validation Loss: 1.0605
Epoch 68/100 - Validation Loss: 1.0580
Epoch 69/100 - Validation Loss: 1.0561
Epoch 70/100 - Validation Loss: 1.0520
Epoch 71/100 - Validation Loss: 1.0495
Epoch 72/100 - Validation Loss: 1.0475
Epoch 73/100 - Validation Loss: 1.0445
Epoch 74/100 - Validation Loss: 1.0408
Epoch 75/100 - Validation Loss: 1.0399
Epoch 76/100 - Validation Loss: 1.0372
Epoch 77/100 - Validation Loss: 1.0340
Epoch 78/100 - Validation Loss: 1.0324
Epoch 79/100 - Validation Loss: 1.0292
Epoch 80/100 - Validation Loss: 1.0275
Epoch 81/100 - Validation Loss: 1.0250
Epoch 82/100 - Validation Loss: 1.0230
Epoch 83/100 - Validation Loss: 1.0203
Epoch 84/100 - Validation Loss: 1.0172
Epoch 85/100 - Validation Loss: 1.0161
Epoch 86/100 - Validation Loss: 1.0139
Epoch 87/100 - Validation Loss: 1.0117
Epoch 88/100 - Validation Loss: 1.0103
Epoch 89/100 - Validation Loss: 1.0068
Epoch 90/100 - Validation Loss: 1.0056
Epoch 91/100 - Validation Loss: 1.0024
Epoch 92/100 - Validation Loss: 1.0013
Epoch 93/100 - Validation Loss: 0.9998
Epoch 94/100 - Validation Loss: 0.9973
Epoch 95/100 - Validation Loss: 0.9958
Epoch 96/100 - Validation Loss: 0.9927
Epoch 97/100 - Validation Loss: 0.9908
Epoch 98/100 - Validation Loss: 0.9895
Epoch 99/100 - Validation Loss: 0.9877
Epoch 100/100 - Validation Loss: 0.9871
Best AUC: 0.8677175336760773

--- Run 5/5 for shift 0.4 ---
Train Shape: (11710, 1028)
Val Shape: (1302, 1028)
Test Shape: (3254, 1028)
Training Early Fusion Model:
The number of parameters of the model are: 1025
Epoch 1/100 - Validation Loss: 1.3065
Epoch 2/100 - Validation Loss: 1.2985
Epoch 3/100 - Validation Loss: 1.2900
Epoch 4/100 - Validation Loss: 1.2822
Epoch 5/100 - Validation Loss: 1.2743
Epoch 6/100 - Validation Loss: 1.2668
Epoch 7/100 - Validation Loss: 1.2594
Epoch 8/100 - Validation Loss: 1.2520
Epoch 9/100 - Validation Loss: 1.2449
Epoch 10/100 - Validation Loss: 1.2382
Epoch 11/100 - Validation Loss: 1.2314
Epoch 12/100 - Validation Loss: 1.2246
Epoch 13/100 - Validation Loss: 1.2179
Epoch 14/100 - Validation Loss: 1.2119
Epoch 15/100 - Validation Loss: 1.2063
Epoch 16/100 - Validation Loss: 1.1997
Epoch 17/100 - Validation Loss: 1.1938
Epoch 18/100 - Validation Loss: 1.1885
Epoch 19/100 - Validation Loss: 1.1828
Epoch 20/100 - Validation Loss: 1.1771
Epoch 21/100 - Validation Loss: 1.1723
Epoch 22/100 - Validation Loss: 1.1668
Epoch 23/100 - Validation Loss: 1.1617
Epoch 24/100 - Validation Loss: 1.1572
Epoch 25/100 - Validation Loss: 1.1523
Epoch 26/100 - Validation Loss: 1.1474
Epoch 27/100 - Validation Loss: 1.1429
Epoch 28/100 - Validation Loss: 1.1381
Epoch 29/100 - Validation Loss: 1.1340
Epoch 30/100 - Validation Loss: 1.1299
Epoch 31/100 - Validation Loss: 1.1256
Epoch 32/100 - Validation Loss: 1.1212
Epoch 33/100 - Validation Loss: 1.1171
Epoch 34/100 - Validation Loss: 1.1132
Epoch 35/100 - Validation Loss: 1.1093
Epoch 36/100 - Validation Loss: 1.1059
Epoch 37/100 - Validation Loss: 1.1021
Epoch 38/100 - Validation Loss: 1.0982
Epoch 39/100 - Validation Loss: 1.0948
Epoch 40/100 - Validation Loss: 1.0913
Epoch 41/100 - Validation Loss: 1.0882
Epoch 42/100 - Validation Loss: 1.0847
Epoch 43/100 - Validation Loss: 1.0813
Epoch 44/100 - Validation Loss: 1.0778
Epoch 45/100 - Validation Loss: 1.0753
Epoch 46/100 - Validation Loss: 1.0722
Epoch 47/100 - Validation Loss: 1.0690
Epoch 48/100 - Validation Loss: 1.0661
Epoch 49/100 - Validation Loss: 1.0630
Epoch 50/100 - Validation Loss: 1.0609
Epoch 51/100 - Validation Loss: 1.0575
Epoch 52/100 - Validation Loss: 1.0548
Epoch 53/100 - Validation Loss: 1.0527
Epoch 54/100 - Validation Loss: 1.0498
Epoch 55/100 - Validation Loss: 1.0471
Epoch 56/100 - Validation Loss: 1.0447
Epoch 57/100 - Validation Loss: 1.0430
Epoch 58/100 - Validation Loss: 1.0399
Epoch 59/100 - Validation Loss: 1.0375
Epoch 60/100 - Validation Loss: 1.0351
Epoch 61/100 - Validation Loss: 1.0331
Epoch 62/100 - Validation Loss: 1.0318
Epoch 63/100 - Validation Loss: 1.0286
Epoch 64/100 - Validation Loss: 1.0261
Epoch 65/100 - Validation Loss: 1.0248
Epoch 66/100 - Validation Loss: 1.0222
Epoch 67/100 - Validation Loss: 1.0205
Epoch 68/100 - Validation Loss: 1.0181
Epoch 69/100 - Validation Loss: 1.0167
Epoch 70/100 - Validation Loss: 1.0146
Epoch 71/100 - Validation Loss: 1.0129
Epoch 72/100 - Validation Loss: 1.0106
Epoch 73/100 - Validation Loss: 1.0086
Epoch 74/100 - Validation Loss: 1.0071
Epoch 75/100 - Validation Loss: 1.0054
Epoch 76/100 - Validation Loss: 1.0036
Epoch 77/100 - Validation Loss: 1.0020
Epoch 78/100 - Validation Loss: 1.0000
Epoch 79/100 - Validation Loss: 0.9989
Epoch 80/100 - Validation Loss: 0.9969
Epoch 81/100 - Validation Loss: 0.9957
Epoch 82/100 - Validation Loss: 0.9936
Epoch 83/100 - Validation Loss: 0.9922
Epoch 84/100 - Validation Loss: 0.9906
Epoch 85/100 - Validation Loss: 0.9889
Epoch 86/100 - Validation Loss: 0.9875
Epoch 87/100 - Validation Loss: 0.9866
Epoch 88/100 - Validation Loss: 0.9846
Epoch 89/100 - Validation Loss: 0.9835
Epoch 90/100 - Validation Loss: 0.9818
Epoch 91/100 - Validation Loss: 0.9809
Epoch 92/100 - Validation Loss: 0.9787
Epoch 93/100 - Validation Loss: 0.9776
Epoch 94/100 - Validation Loss: 0.9767
Epoch 95/100 - Validation Loss: 0.9750
Epoch 96/100 - Validation Loss: 0.9736
Epoch 97/100 - Validation Loss: 0.9726
Epoch 98/100 - Validation Loss: 0.9711
Epoch 99/100 - Validation Loss: 0.9702
Epoch 100/100 - Validation Loss: 0.9687
Best AUC: 0.8679200028657177
##################################################  Shift 0.5  ##################################################
Subsampling 16266 data points to 5000 for cleaner visualization.

--- Run 1/5 for shift 0.5 ---
Train Shape: (11710, 1028)
Val Shape: (1302, 1028)
Test Shape: (3254, 1028)
Training Early Fusion Model:
The number of parameters of the model are: 1025
Epoch 1/100 - Validation Loss: 1.3903
Epoch 2/100 - Validation Loss: 1.3793
Epoch 3/100 - Validation Loss: 1.3688
Epoch 4/100 - Validation Loss: 1.3602
Epoch 5/100 - Validation Loss: 1.3512
Epoch 6/100 - Validation Loss: 1.3410
Epoch 7/100 - Validation Loss: 1.3317
Epoch 8/100 - Validation Loss: 1.3245
Epoch 9/100 - Validation Loss: 1.3143
Epoch 10/100 - Validation Loss: 1.3059
Epoch 11/100 - Validation Loss: 1.2977
Epoch 12/100 - Validation Loss: 1.2890
Epoch 13/100 - Validation Loss: 1.2803
Epoch 14/100 - Validation Loss: 1.2737
Epoch 15/100 - Validation Loss: 1.2667
Epoch 16/100 - Validation Loss: 1.2583
Epoch 17/100 - Validation Loss: 1.2512
Epoch 18/100 - Validation Loss: 1.2434
Epoch 19/100 - Validation Loss: 1.2365
Epoch 20/100 - Validation Loss: 1.2291
Epoch 21/100 - Validation Loss: 1.2240
Epoch 22/100 - Validation Loss: 1.2161
Epoch 23/100 - Validation Loss: 1.2096
Epoch 24/100 - Validation Loss: 1.2025
Epoch 25/100 - Validation Loss: 1.1972
Epoch 26/100 - Validation Loss: 1.1902
Epoch 27/100 - Validation Loss: 1.1853
Epoch 28/100 - Validation Loss: 1.1798
Epoch 29/100 - Validation Loss: 1.1730
Epoch 30/100 - Validation Loss: 1.1678
Epoch 31/100 - Validation Loss: 1.1619
Epoch 32/100 - Validation Loss: 1.1572
Epoch 33/100 - Validation Loss: 1.1517
Epoch 34/100 - Validation Loss: 1.1464
Epoch 35/100 - Validation Loss: 1.1418
Epoch 36/100 - Validation Loss: 1.1361
Epoch 37/100 - Validation Loss: 1.1317
Epoch 38/100 - Validation Loss: 1.1263
Epoch 39/100 - Validation Loss: 1.1218
Epoch 40/100 - Validation Loss: 1.1174
Epoch 41/100 - Validation Loss: 1.1127
Epoch 42/100 - Validation Loss: 1.1084
Epoch 43/100 - Validation Loss: 1.1042
Epoch 44/100 - Validation Loss: 1.0996
Epoch 45/100 - Validation Loss: 1.0954
Epoch 46/100 - Validation Loss: 1.0911
Epoch 47/100 - Validation Loss: 1.0874
Epoch 48/100 - Validation Loss: 1.0841
Epoch 49/100 - Validation Loss: 1.0793
Epoch 50/100 - Validation Loss: 1.0755
Epoch 51/100 - Validation Loss: 1.0720
Epoch 52/100 - Validation Loss: 1.0680
Epoch 53/100 - Validation Loss: 1.0648
Epoch 54/100 - Validation Loss: 1.0611
Epoch 55/100 - Validation Loss: 1.0571
Epoch 56/100 - Validation Loss: 1.0549
Epoch 57/100 - Validation Loss: 1.0511
Epoch 58/100 - Validation Loss: 1.0479
Epoch 59/100 - Validation Loss: 1.0446
Epoch 60/100 - Validation Loss: 1.0409
Epoch 61/100 - Validation Loss: 1.0374
Epoch 62/100 - Validation Loss: 1.0355
Epoch 63/100 - Validation Loss: 1.0315
Epoch 64/100 - Validation Loss: 1.0292
Epoch 65/100 - Validation Loss: 1.0265
Epoch 66/100 - Validation Loss: 1.0231
Epoch 67/100 - Validation Loss: 1.0200
Epoch 68/100 - Validation Loss: 1.0171
Epoch 69/100 - Validation Loss: 1.0148
Epoch 70/100 - Validation Loss: 1.0116
Epoch 71/100 - Validation Loss: 1.0088
Epoch 72/100 - Validation Loss: 1.0070
Epoch 73/100 - Validation Loss: 1.0038
Epoch 74/100 - Validation Loss: 1.0015
Epoch 75/100 - Validation Loss: 0.9989
Epoch 76/100 - Validation Loss: 0.9964
Epoch 77/100 - Validation Loss: 0.9939
Epoch 78/100 - Validation Loss: 0.9920
Epoch 79/100 - Validation Loss: 0.9890
Epoch 80/100 - Validation Loss: 0.9863
Epoch 81/100 - Validation Loss: 0.9842
Epoch 82/100 - Validation Loss: 0.9829
Epoch 83/100 - Validation Loss: 0.9798
Epoch 84/100 - Validation Loss: 0.9778
Epoch 85/100 - Validation Loss: 0.9753
Epoch 86/100 - Validation Loss: 0.9736
Epoch 87/100 - Validation Loss: 0.9715
Epoch 88/100 - Validation Loss: 0.9689
Epoch 89/100 - Validation Loss: 0.9669
Epoch 90/100 - Validation Loss: 0.9653
Epoch 91/100 - Validation Loss: 0.9631
Epoch 92/100 - Validation Loss: 0.9607
Epoch 93/100 - Validation Loss: 0.9590
Epoch 94/100 - Validation Loss: 0.9576
Epoch 95/100 - Validation Loss: 0.9550
Epoch 96/100 - Validation Loss: 0.9531
Epoch 97/100 - Validation Loss: 0.9512
Epoch 98/100 - Validation Loss: 0.9492
Epoch 99/100 - Validation Loss: 0.9479
Epoch 100/100 - Validation Loss: 0.9458
Best AUC: 0.8688700506017228

--- Run 2/5 for shift 0.5 ---
Train Shape: (11710, 1028)
Val Shape: (1302, 1028)
Test Shape: (3254, 1028)
Training Early Fusion Model:
The number of parameters of the model are: 1025
Epoch 1/100 - Validation Loss: 1.3559
Epoch 2/100 - Validation Loss: 1.3453
Epoch 3/100 - Validation Loss: 1.3367
Epoch 4/100 - Validation Loss: 1.3277
Epoch 5/100 - Validation Loss: 1.3189
Epoch 6/100 - Validation Loss: 1.3103
Epoch 7/100 - Validation Loss: 1.3021
Epoch 8/100 - Validation Loss: 1.2947
Epoch 9/100 - Validation Loss: 1.2869
Epoch 10/100 - Validation Loss: 1.2796
Epoch 11/100 - Validation Loss: 1.2713
Epoch 12/100 - Validation Loss: 1.2640
Epoch 13/100 - Validation Loss: 1.2572
Epoch 14/100 - Validation Loss: 1.2512
Epoch 15/100 - Validation Loss: 1.2435
Epoch 16/100 - Validation Loss: 1.2373
Epoch 17/100 - Validation Loss: 1.2315
Epoch 18/100 - Validation Loss: 1.2239
Epoch 19/100 - Validation Loss: 1.2183
Epoch 20/100 - Validation Loss: 1.2126
Epoch 21/100 - Validation Loss: 1.2066
Epoch 22/100 - Validation Loss: 1.2015
Epoch 23/100 - Validation Loss: 1.1949
Epoch 24/100 - Validation Loss: 1.1903
Epoch 25/100 - Validation Loss: 1.1844
Epoch 26/100 - Validation Loss: 1.1794
Epoch 27/100 - Validation Loss: 1.1740
Epoch 28/100 - Validation Loss: 1.1692
Epoch 29/100 - Validation Loss: 1.1640
Epoch 30/100 - Validation Loss: 1.1592
Epoch 31/100 - Validation Loss: 1.1543
Epoch 32/100 - Validation Loss: 1.1506
Epoch 33/100 - Validation Loss: 1.1453
Epoch 34/100 - Validation Loss: 1.1419
Epoch 35/100 - Validation Loss: 1.1368
Epoch 36/100 - Validation Loss: 1.1315
Epoch 37/100 - Validation Loss: 1.1290
Epoch 38/100 - Validation Loss: 1.1242
Epoch 39/100 - Validation Loss: 1.1204
Epoch 40/100 - Validation Loss: 1.1163
Epoch 41/100 - Validation Loss: 1.1126
Epoch 42/100 - Validation Loss: 1.1099
Epoch 43/100 - Validation Loss: 1.1049
Epoch 44/100 - Validation Loss: 1.1022
Epoch 45/100 - Validation Loss: 1.0976
Epoch 46/100 - Validation Loss: 1.0947
Epoch 47/100 - Validation Loss: 1.0917
Epoch 48/100 - Validation Loss: 1.0882
Epoch 49/100 - Validation Loss: 1.0847
Epoch 50/100 - Validation Loss: 1.0812
Epoch 51/100 - Validation Loss: 1.0789
Epoch 52/100 - Validation Loss: 1.0738
Epoch 53/100 - Validation Loss: 1.0716
Epoch 54/100 - Validation Loss: 1.0693
Epoch 55/100 - Validation Loss: 1.0665
Epoch 56/100 - Validation Loss: 1.0633
Epoch 57/100 - Validation Loss: 1.0610
Epoch 58/100 - Validation Loss: 1.0576
Epoch 59/100 - Validation Loss: 1.0553
Epoch 60/100 - Validation Loss: 1.0528
Epoch 61/100 - Validation Loss: 1.0505
Epoch 62/100 - Validation Loss: 1.0479
Epoch 63/100 - Validation Loss: 1.0457
Epoch 64/100 - Validation Loss: 1.0417
Epoch 65/100 - Validation Loss: 1.0397
Epoch 66/100 - Validation Loss: 1.0377
Epoch 67/100 - Validation Loss: 1.0361
Epoch 68/100 - Validation Loss: 1.0328
Epoch 69/100 - Validation Loss: 1.0310
Epoch 70/100 - Validation Loss: 1.0286
Epoch 71/100 - Validation Loss: 1.0259
Epoch 72/100 - Validation Loss: 1.0243
Epoch 73/100 - Validation Loss: 1.0217
Epoch 74/100 - Validation Loss: 1.0206
Epoch 75/100 - Validation Loss: 1.0169
Epoch 76/100 - Validation Loss: 1.0162
Epoch 77/100 - Validation Loss: 1.0140
Epoch 78/100 - Validation Loss: 1.0112
Epoch 79/100 - Validation Loss: 1.0101
Epoch 80/100 - Validation Loss: 1.0075
Epoch 81/100 - Validation Loss: 1.0059
Epoch 82/100 - Validation Loss: 1.0046
Epoch 83/100 - Validation Loss: 1.0026
Epoch 84/100 - Validation Loss: 0.9997
Epoch 85/100 - Validation Loss: 0.9988
Epoch 86/100 - Validation Loss: 0.9969
Epoch 87/100 - Validation Loss: 0.9957
Epoch 88/100 - Validation Loss: 0.9932
Epoch 89/100 - Validation Loss: 0.9920
Epoch 90/100 - Validation Loss: 0.9899
Epoch 91/100 - Validation Loss: 0.9880
Epoch 92/100 - Validation Loss: 0.9865
Epoch 93/100 - Validation Loss: 0.9855
Epoch 94/100 - Validation Loss: 0.9837
Epoch 95/100 - Validation Loss: 0.9820
Epoch 96/100 - Validation Loss: 0.9803
Epoch 97/100 - Validation Loss: 0.9789
Epoch 98/100 - Validation Loss: 0.9776
Epoch 99/100 - Validation Loss: 0.9755
Epoch 100/100 - Validation Loss: 0.9744
Best AUC: 0.8699275627537679

--- Run 3/5 for shift 0.5 ---
Train Shape: (11710, 1028)
Val Shape: (1302, 1028)
Test Shape: (3254, 1028)
Training Early Fusion Model:
The number of parameters of the model are: 1025
Epoch 1/100 - Validation Loss: 1.2743
Epoch 2/100 - Validation Loss: 1.2660
Epoch 3/100 - Validation Loss: 1.2578
Epoch 4/100 - Validation Loss: 1.2500
Epoch 5/100 - Validation Loss: 1.2422
Epoch 6/100 - Validation Loss: 1.2347
Epoch 7/100 - Validation Loss: 1.2274
Epoch 8/100 - Validation Loss: 1.2202
Epoch 9/100 - Validation Loss: 1.2133
Epoch 10/100 - Validation Loss: 1.2064
Epoch 11/100 - Validation Loss: 1.2001
Epoch 12/100 - Validation Loss: 1.1935
Epoch 13/100 - Validation Loss: 1.1873
Epoch 14/100 - Validation Loss: 1.1810
Epoch 15/100 - Validation Loss: 1.1751
Epoch 16/100 - Validation Loss: 1.1692
Epoch 17/100 - Validation Loss: 1.1636
Epoch 18/100 - Validation Loss: 1.1580
Epoch 19/100 - Validation Loss: 1.1526
Epoch 20/100 - Validation Loss: 1.1472
Epoch 21/100 - Validation Loss: 1.1422
Epoch 22/100 - Validation Loss: 1.1370
Epoch 23/100 - Validation Loss: 1.1321
Epoch 24/100 - Validation Loss: 1.1273
Epoch 25/100 - Validation Loss: 1.1227
Epoch 26/100 - Validation Loss: 1.1182
Epoch 27/100 - Validation Loss: 1.1138
Epoch 28/100 - Validation Loss: 1.1094
Epoch 29/100 - Validation Loss: 1.1051
Epoch 30/100 - Validation Loss: 1.1010
Epoch 31/100 - Validation Loss: 1.0969
Epoch 32/100 - Validation Loss: 1.0929
Epoch 33/100 - Validation Loss: 1.0892
Epoch 34/100 - Validation Loss: 1.0853
Epoch 35/100 - Validation Loss: 1.0815
Epoch 36/100 - Validation Loss: 1.0781
Epoch 37/100 - Validation Loss: 1.0745
Epoch 38/100 - Validation Loss: 1.0711
Epoch 39/100 - Validation Loss: 1.0676
Epoch 40/100 - Validation Loss: 1.0644
Epoch 41/100 - Validation Loss: 1.0611
Epoch 42/100 - Validation Loss: 1.0579
Epoch 43/100 - Validation Loss: 1.0549
Epoch 44/100 - Validation Loss: 1.0518
Epoch 45/100 - Validation Loss: 1.0488
Epoch 46/100 - Validation Loss: 1.0460
Epoch 47/100 - Validation Loss: 1.0431
Epoch 48/100 - Validation Loss: 1.0404
Epoch 49/100 - Validation Loss: 1.0376
Epoch 50/100 - Validation Loss: 1.0348
Epoch 51/100 - Validation Loss: 1.0324
Epoch 52/100 - Validation Loss: 1.0296
Epoch 53/100 - Validation Loss: 1.0272
Epoch 54/100 - Validation Loss: 1.0246
Epoch 55/100 - Validation Loss: 1.0224
Epoch 56/100 - Validation Loss: 1.0199
Epoch 57/100 - Validation Loss: 1.0174
Epoch 58/100 - Validation Loss: 1.0153
Epoch 59/100 - Validation Loss: 1.0128
Epoch 60/100 - Validation Loss: 1.0108
Epoch 61/100 - Validation Loss: 1.0086
Epoch 62/100 - Validation Loss: 1.0068
Epoch 63/100 - Validation Loss: 1.0043
Epoch 64/100 - Validation Loss: 1.0023
Epoch 65/100 - Validation Loss: 1.0002
Epoch 66/100 - Validation Loss: 0.9983
Epoch 67/100 - Validation Loss: 0.9963
Epoch 68/100 - Validation Loss: 0.9943
Epoch 69/100 - Validation Loss: 0.9924
Epoch 70/100 - Validation Loss: 0.9908
Epoch 71/100 - Validation Loss: 0.9888
Epoch 72/100 - Validation Loss: 0.9870
Epoch 73/100 - Validation Loss: 0.9853
Epoch 74/100 - Validation Loss: 0.9834
Epoch 75/100 - Validation Loss: 0.9817
Epoch 76/100 - Validation Loss: 0.9801
Epoch 77/100 - Validation Loss: 0.9782
Epoch 78/100 - Validation Loss: 0.9769
Epoch 79/100 - Validation Loss: 0.9750
Epoch 80/100 - Validation Loss: 0.9738
Epoch 81/100 - Validation Loss: 0.9721
Epoch 82/100 - Validation Loss: 0.9703
Epoch 83/100 - Validation Loss: 0.9688
Epoch 84/100 - Validation Loss: 0.9675
Epoch 85/100 - Validation Loss: 0.9661
Epoch 86/100 - Validation Loss: 0.9646
Epoch 87/100 - Validation Loss: 0.9630
Epoch 88/100 - Validation Loss: 0.9616
Epoch 89/100 - Validation Loss: 0.9601
Epoch 90/100 - Validation Loss: 0.9590
Epoch 91/100 - Validation Loss: 0.9576
Epoch 92/100 - Validation Loss: 0.9565
Epoch 93/100 - Validation Loss: 0.9549
Epoch 94/100 - Validation Loss: 0.9538
Epoch 95/100 - Validation Loss: 0.9523
Epoch 96/100 - Validation Loss: 0.9510
Epoch 97/100 - Validation Loss: 0.9499
Epoch 98/100 - Validation Loss: 0.9489
Epoch 99/100 - Validation Loss: 0.9477
Epoch 100/100 - Validation Loss: 0.9461
Best AUC: 0.8698621496309609

--- Run 4/5 for shift 0.5 ---
Train Shape: (11710, 1028)
Val Shape: (1302, 1028)
Test Shape: (3254, 1028)
Training Early Fusion Model:
The number of parameters of the model are: 1025
Epoch 1/100 - Validation Loss: 1.4463
Epoch 2/100 - Validation Loss: 1.4355
Epoch 3/100 - Validation Loss: 1.4276
Epoch 4/100 - Validation Loss: 1.4162
Epoch 5/100 - Validation Loss: 1.4058
Epoch 6/100 - Validation Loss: 1.3957
Epoch 7/100 - Validation Loss: 1.3850
Epoch 8/100 - Validation Loss: 1.3752
Epoch 9/100 - Validation Loss: 1.3664
Epoch 10/100 - Validation Loss: 1.3572
Epoch 11/100 - Validation Loss: 1.3468
Epoch 12/100 - Validation Loss: 1.3394
Epoch 13/100 - Validation Loss: 1.3277
Epoch 14/100 - Validation Loss: 1.3223
Epoch 15/100 - Validation Loss: 1.3126
Epoch 16/100 - Validation Loss: 1.3035
Epoch 17/100 - Validation Loss: 1.2966
Epoch 18/100 - Validation Loss: 1.2898
Epoch 19/100 - Validation Loss: 1.2822
Epoch 20/100 - Validation Loss: 1.2739
Epoch 21/100 - Validation Loss: 1.2686
Epoch 22/100 - Validation Loss: 1.2592
Epoch 23/100 - Validation Loss: 1.2535
Epoch 24/100 - Validation Loss: 1.2461
Epoch 25/100 - Validation Loss: 1.2391
Epoch 26/100 - Validation Loss: 1.2338
Epoch 27/100 - Validation Loss: 1.2270
Epoch 28/100 - Validation Loss: 1.2204
Epoch 29/100 - Validation Loss: 1.2157
Epoch 30/100 - Validation Loss: 1.2105
Epoch 31/100 - Validation Loss: 1.2022
Epoch 32/100 - Validation Loss: 1.1978
Epoch 33/100 - Validation Loss: 1.1915
Epoch 34/100 - Validation Loss: 1.1873
Epoch 35/100 - Validation Loss: 1.1821
Epoch 36/100 - Validation Loss: 1.1770
Epoch 37/100 - Validation Loss: 1.1717
Epoch 38/100 - Validation Loss: 1.1664
Epoch 39/100 - Validation Loss: 1.1625
Epoch 40/100 - Validation Loss: 1.1556
Epoch 41/100 - Validation Loss: 1.1541
Epoch 42/100 - Validation Loss: 1.1482
Epoch 43/100 - Validation Loss: 1.1427
Epoch 44/100 - Validation Loss: 1.1380
Epoch 45/100 - Validation Loss: 1.1343
Epoch 46/100 - Validation Loss: 1.1307
Epoch 47/100 - Validation Loss: 1.1259
Epoch 48/100 - Validation Loss: 1.1222
Epoch 49/100 - Validation Loss: 1.1180
Epoch 50/100 - Validation Loss: 1.1138
Epoch 51/100 - Validation Loss: 1.1097
Epoch 52/100 - Validation Loss: 1.1065
Epoch 53/100 - Validation Loss: 1.1035
Epoch 54/100 - Validation Loss: 1.0997
Epoch 55/100 - Validation Loss: 1.0948
Epoch 56/100 - Validation Loss: 1.0919
Epoch 57/100 - Validation Loss: 1.0890
Epoch 58/100 - Validation Loss: 1.0858
Epoch 59/100 - Validation Loss: 1.0820
Epoch 60/100 - Validation Loss: 1.0780
Epoch 61/100 - Validation Loss: 1.0757
Epoch 62/100 - Validation Loss: 1.0725
Epoch 63/100 - Validation Loss: 1.0694
Epoch 64/100 - Validation Loss: 1.0663
Epoch 65/100 - Validation Loss: 1.0637
Epoch 66/100 - Validation Loss: 1.0600
Epoch 67/100 - Validation Loss: 1.0568
Epoch 68/100 - Validation Loss: 1.0543
Epoch 69/100 - Validation Loss: 1.0524
Epoch 70/100 - Validation Loss: 1.0484
Epoch 71/100 - Validation Loss: 1.0458
Epoch 72/100 - Validation Loss: 1.0439
Epoch 73/100 - Validation Loss: 1.0409
Epoch 74/100 - Validation Loss: 1.0371
Epoch 75/100 - Validation Loss: 1.0363
Epoch 76/100 - Validation Loss: 1.0335
Epoch 77/100 - Validation Loss: 1.0304
Epoch 78/100 - Validation Loss: 1.0288
Epoch 79/100 - Validation Loss: 1.0256
Epoch 80/100 - Validation Loss: 1.0239
Epoch 81/100 - Validation Loss: 1.0213
Epoch 82/100 - Validation Loss: 1.0194
Epoch 83/100 - Validation Loss: 1.0167
Epoch 84/100 - Validation Loss: 1.0136
Epoch 85/100 - Validation Loss: 1.0125
Epoch 86/100 - Validation Loss: 1.0104
Epoch 87/100 - Validation Loss: 1.0081
Epoch 88/100 - Validation Loss: 1.0067
Epoch 89/100 - Validation Loss: 1.0033
Epoch 90/100 - Validation Loss: 1.0021
Epoch 91/100 - Validation Loss: 0.9989
Epoch 92/100 - Validation Loss: 0.9977
Epoch 93/100 - Validation Loss: 0.9963
Epoch 94/100 - Validation Loss: 0.9937
Epoch 95/100 - Validation Loss: 0.9922
Epoch 96/100 - Validation Loss: 0.9892
Epoch 97/100 - Validation Loss: 0.9873
Epoch 98/100 - Validation Loss: 0.9860
Epoch 99/100 - Validation Loss: 0.9842
Epoch 100/100 - Validation Loss: 0.9836
Best AUC: 0.8680041054521838

--- Run 5/5 for shift 0.5 ---
Train Shape: (11710, 1028)
Val Shape: (1302, 1028)
Test Shape: (3254, 1028)
Training Early Fusion Model:
The number of parameters of the model are: 1025
Epoch 1/100 - Validation Loss: 1.3063
Epoch 2/100 - Validation Loss: 1.2982
Epoch 3/100 - Validation Loss: 1.2895
Epoch 4/100 - Validation Loss: 1.2816
Epoch 5/100 - Validation Loss: 1.2736
Epoch 6/100 - Validation Loss: 1.2659
Epoch 7/100 - Validation Loss: 1.2585
Epoch 8/100 - Validation Loss: 1.2510
Epoch 9/100 - Validation Loss: 1.2437
Epoch 10/100 - Validation Loss: 1.2369
Epoch 11/100 - Validation Loss: 1.2301
Epoch 12/100 - Validation Loss: 1.2231
Epoch 13/100 - Validation Loss: 1.2163
Epoch 14/100 - Validation Loss: 1.2103
Epoch 15/100 - Validation Loss: 1.2046
Epoch 16/100 - Validation Loss: 1.1979
Epoch 17/100 - Validation Loss: 1.1919
Epoch 18/100 - Validation Loss: 1.1865
Epoch 19/100 - Validation Loss: 1.1809
Epoch 20/100 - Validation Loss: 1.1751
Epoch 21/100 - Validation Loss: 1.1703
Epoch 22/100 - Validation Loss: 1.1647
Epoch 23/100 - Validation Loss: 1.1596
Epoch 24/100 - Validation Loss: 1.1550
Epoch 25/100 - Validation Loss: 1.1500
Epoch 26/100 - Validation Loss: 1.1451
Epoch 27/100 - Validation Loss: 1.1406
Epoch 28/100 - Validation Loss: 1.1358
Epoch 29/100 - Validation Loss: 1.1316
Epoch 30/100 - Validation Loss: 1.1276
Epoch 31/100 - Validation Loss: 1.1232
Epoch 32/100 - Validation Loss: 1.1187
Epoch 33/100 - Validation Loss: 1.1147
Epoch 34/100 - Validation Loss: 1.1107
Epoch 35/100 - Validation Loss: 1.1068
Epoch 36/100 - Validation Loss: 1.1034
Epoch 37/100 - Validation Loss: 1.0995
Epoch 38/100 - Validation Loss: 1.0956
Epoch 39/100 - Validation Loss: 1.0922
Epoch 40/100 - Validation Loss: 1.0888
Epoch 41/100 - Validation Loss: 1.0856
Epoch 42/100 - Validation Loss: 1.0821
Epoch 43/100 - Validation Loss: 1.0787
Epoch 44/100 - Validation Loss: 1.0752
Epoch 45/100 - Validation Loss: 1.0727
Epoch 46/100 - Validation Loss: 1.0697
Epoch 47/100 - Validation Loss: 1.0664
Epoch 48/100 - Validation Loss: 1.0635
Epoch 49/100 - Validation Loss: 1.0604
Epoch 50/100 - Validation Loss: 1.0583
Epoch 51/100 - Validation Loss: 1.0549
Epoch 52/100 - Validation Loss: 1.0522
Epoch 53/100 - Validation Loss: 1.0501
Epoch 54/100 - Validation Loss: 1.0472
Epoch 55/100 - Validation Loss: 1.0445
Epoch 56/100 - Validation Loss: 1.0422
Epoch 57/100 - Validation Loss: 1.0404
Epoch 58/100 - Validation Loss: 1.0374
Epoch 59/100 - Validation Loss: 1.0349
Epoch 60/100 - Validation Loss: 1.0325
Epoch 61/100 - Validation Loss: 1.0306
Epoch 62/100 - Validation Loss: 1.0292
Epoch 63/100 - Validation Loss: 1.0261
Epoch 64/100 - Validation Loss: 1.0236
Epoch 65/100 - Validation Loss: 1.0223
Epoch 66/100 - Validation Loss: 1.0197
Epoch 67/100 - Validation Loss: 1.0180
Epoch 68/100 - Validation Loss: 1.0156
Epoch 69/100 - Validation Loss: 1.0142
Epoch 70/100 - Validation Loss: 1.0121
Epoch 71/100 - Validation Loss: 1.0104
Epoch 72/100 - Validation Loss: 1.0081
Epoch 73/100 - Validation Loss: 1.0061
Epoch 74/100 - Validation Loss: 1.0046
Epoch 75/100 - Validation Loss: 1.0029
Epoch 76/100 - Validation Loss: 1.0011
Epoch 77/100 - Validation Loss: 0.9995
Epoch 78/100 - Validation Loss: 0.9976
Epoch 79/100 - Validation Loss: 0.9964
Epoch 80/100 - Validation Loss: 0.9945
Epoch 81/100 - Validation Loss: 0.9933
Epoch 82/100 - Validation Loss: 0.9912
Epoch 83/100 - Validation Loss: 0.9898
Epoch 84/100 - Validation Loss: 0.9882
Epoch 85/100 - Validation Loss: 0.9865
Epoch 86/100 - Validation Loss: 0.9851
Epoch 87/100 - Validation Loss: 0.9842
Epoch 88/100 - Validation Loss: 0.9822
Epoch 89/100 - Validation Loss: 0.9811
Epoch 90/100 - Validation Loss: 0.9795
Epoch 91/100 - Validation Loss: 0.9785
Epoch 92/100 - Validation Loss: 0.9764
Epoch 93/100 - Validation Loss: 0.9752
Epoch 94/100 - Validation Loss: 0.9743
Epoch 95/100 - Validation Loss: 0.9726
Epoch 96/100 - Validation Loss: 0.9713
Epoch 97/100 - Validation Loss: 0.9702
Epoch 98/100 - Validation Loss: 0.9688
Epoch 99/100 - Validation Loss: 0.9679
Epoch 100/100 - Validation Loss: 0.9664
Best AUC: 0.8682034597312143
##################################################  Shift 0.6  ##################################################
Subsampling 16266 data points to 5000 for cleaner visualization.

--- Run 1/5 for shift 0.6 ---
Train Shape: (11710, 1028)
Val Shape: (1302, 1028)
Test Shape: (3254, 1028)
Training Early Fusion Model:
The number of parameters of the model are: 1025
Epoch 1/100 - Validation Loss: 1.3902
Epoch 2/100 - Validation Loss: 1.3790
Epoch 3/100 - Validation Loss: 1.3683
Epoch 4/100 - Validation Loss: 1.3596
Epoch 5/100 - Validation Loss: 1.3505
Epoch 6/100 - Validation Loss: 1.3401
Epoch 7/100 - Validation Loss: 1.3307
Epoch 8/100 - Validation Loss: 1.3234
Epoch 9/100 - Validation Loss: 1.3131
Epoch 10/100 - Validation Loss: 1.3045
Epoch 11/100 - Validation Loss: 1.2963
Epoch 12/100 - Validation Loss: 1.2875
Epoch 13/100 - Validation Loss: 1.2787
Epoch 14/100 - Validation Loss: 1.2719
Epoch 15/100 - Validation Loss: 1.2649
Epoch 16/100 - Validation Loss: 1.2564
Epoch 17/100 - Validation Loss: 1.2493
Epoch 18/100 - Validation Loss: 1.2414
Epoch 19/100 - Validation Loss: 1.2344
Epoch 20/100 - Validation Loss: 1.2269
Epoch 21/100 - Validation Loss: 1.2217
Epoch 22/100 - Validation Loss: 1.2138
Epoch 23/100 - Validation Loss: 1.2072
Epoch 24/100 - Validation Loss: 1.2001
Epoch 25/100 - Validation Loss: 1.1948
Epoch 26/100 - Validation Loss: 1.1877
Epoch 27/100 - Validation Loss: 1.1828
Epoch 28/100 - Validation Loss: 1.1772
Epoch 29/100 - Validation Loss: 1.1704
Epoch 30/100 - Validation Loss: 1.1651
Epoch 31/100 - Validation Loss: 1.1592
Epoch 32/100 - Validation Loss: 1.1544
Epoch 33/100 - Validation Loss: 1.1490
Epoch 34/100 - Validation Loss: 1.1436
Epoch 35/100 - Validation Loss: 1.1390
Epoch 36/100 - Validation Loss: 1.1333
Epoch 37/100 - Validation Loss: 1.1289
Epoch 38/100 - Validation Loss: 1.1234
Epoch 39/100 - Validation Loss: 1.1189
Epoch 40/100 - Validation Loss: 1.1145
Epoch 41/100 - Validation Loss: 1.1098
Epoch 42/100 - Validation Loss: 1.1054
Epoch 43/100 - Validation Loss: 1.1012
Epoch 44/100 - Validation Loss: 1.0966
Epoch 45/100 - Validation Loss: 1.0924
Epoch 46/100 - Validation Loss: 1.0881
Epoch 47/100 - Validation Loss: 1.0843
Epoch 48/100 - Validation Loss: 1.0811
Epoch 49/100 - Validation Loss: 1.0763
Epoch 50/100 - Validation Loss: 1.0725
Epoch 51/100 - Validation Loss: 1.0689
Epoch 52/100 - Validation Loss: 1.0650
Epoch 53/100 - Validation Loss: 1.0617
Epoch 54/100 - Validation Loss: 1.0581
Epoch 55/100 - Validation Loss: 1.0540
Epoch 56/100 - Validation Loss: 1.0518
Epoch 57/100 - Validation Loss: 1.0480
Epoch 58/100 - Validation Loss: 1.0448
Epoch 59/100 - Validation Loss: 1.0415
Epoch 60/100 - Validation Loss: 1.0378
Epoch 61/100 - Validation Loss: 1.0343
Epoch 62/100 - Validation Loss: 1.0324
Epoch 63/100 - Validation Loss: 1.0284
Epoch 64/100 - Validation Loss: 1.0261
Epoch 65/100 - Validation Loss: 1.0234
Epoch 66/100 - Validation Loss: 1.0200
Epoch 67/100 - Validation Loss: 1.0169
Epoch 68/100 - Validation Loss: 1.0141
Epoch 69/100 - Validation Loss: 1.0117
Epoch 70/100 - Validation Loss: 1.0085
Epoch 71/100 - Validation Loss: 1.0057
Epoch 72/100 - Validation Loss: 1.0039
Epoch 73/100 - Validation Loss: 1.0007
Epoch 74/100 - Validation Loss: 0.9984
Epoch 75/100 - Validation Loss: 0.9958
Epoch 76/100 - Validation Loss: 0.9933
Epoch 77/100 - Validation Loss: 0.9908
Epoch 78/100 - Validation Loss: 0.9890
Epoch 79/100 - Validation Loss: 0.9859
Epoch 80/100 - Validation Loss: 0.9832
Epoch 81/100 - Validation Loss: 0.9811
Epoch 82/100 - Validation Loss: 0.9799
Epoch 83/100 - Validation Loss: 0.9768
Epoch 84/100 - Validation Loss: 0.9748
Epoch 85/100 - Validation Loss: 0.9722
Epoch 86/100 - Validation Loss: 0.9705
Epoch 87/100 - Validation Loss: 0.9684
Epoch 88/100 - Validation Loss: 0.9659
Epoch 89/100 - Validation Loss: 0.9639
Epoch 90/100 - Validation Loss: 0.9623
Epoch 91/100 - Validation Loss: 0.9600
Epoch 92/100 - Validation Loss: 0.9577
Epoch 93/100 - Validation Loss: 0.9560
Epoch 94/100 - Validation Loss: 0.9545
Epoch 95/100 - Validation Loss: 0.9520
Epoch 96/100 - Validation Loss: 0.9501
Epoch 97/100 - Validation Loss: 0.9482
Epoch 98/100 - Validation Loss: 0.9462
Epoch 99/100 - Validation Loss: 0.9449
Epoch 100/100 - Validation Loss: 0.9428
Best AUC: 0.8690429281405697

--- Run 2/5 for shift 0.6 ---
Train Shape: (11710, 1028)
Val Shape: (1302, 1028)
Test Shape: (3254, 1028)
Training Early Fusion Model:
The number of parameters of the model are: 1025
Epoch 1/100 - Validation Loss: 1.3557
Epoch 2/100 - Validation Loss: 1.3450
Epoch 3/100 - Validation Loss: 1.3363
Epoch 4/100 - Validation Loss: 1.3271
Epoch 5/100 - Validation Loss: 1.3181
Epoch 6/100 - Validation Loss: 1.3094
Epoch 7/100 - Validation Loss: 1.3012
Epoch 8/100 - Validation Loss: 1.2937
Epoch 9/100 - Validation Loss: 1.2858
Epoch 10/100 - Validation Loss: 1.2784
Epoch 11/100 - Validation Loss: 1.2700
Epoch 12/100 - Validation Loss: 1.2626
Epoch 13/100 - Validation Loss: 1.2557
Epoch 14/100 - Validation Loss: 1.2497
Epoch 15/100 - Validation Loss: 1.2418
Epoch 16/100 - Validation Loss: 1.2356
Epoch 17/100 - Validation Loss: 1.2297
Epoch 18/100 - Validation Loss: 1.2221
Epoch 19/100 - Validation Loss: 1.2164
Epoch 20/100 - Validation Loss: 1.2107
Epoch 21/100 - Validation Loss: 1.2047
Epoch 22/100 - Validation Loss: 1.1995
Epoch 23/100 - Validation Loss: 1.1928
Epoch 24/100 - Validation Loss: 1.1882
Epoch 25/100 - Validation Loss: 1.1823
Epoch 26/100 - Validation Loss: 1.1773
Epoch 27/100 - Validation Loss: 1.1718
Epoch 28/100 - Validation Loss: 1.1669
Epoch 29/100 - Validation Loss: 1.1617
Epoch 30/100 - Validation Loss: 1.1569
Epoch 31/100 - Validation Loss: 1.1520
Epoch 32/100 - Validation Loss: 1.1482
Epoch 33/100 - Validation Loss: 1.1429
Epoch 34/100 - Validation Loss: 1.1395
Epoch 35/100 - Validation Loss: 1.1344
Epoch 36/100 - Validation Loss: 1.1291
Epoch 37/100 - Validation Loss: 1.1266
Epoch 38/100 - Validation Loss: 1.1218
Epoch 39/100 - Validation Loss: 1.1179
Epoch 40/100 - Validation Loss: 1.1138
Epoch 41/100 - Validation Loss: 1.1101
Epoch 42/100 - Validation Loss: 1.1073
Epoch 43/100 - Validation Loss: 1.1024
Epoch 44/100 - Validation Loss: 1.0997
Epoch 45/100 - Validation Loss: 1.0951
Epoch 46/100 - Validation Loss: 1.0922
Epoch 47/100 - Validation Loss: 1.0891
Epoch 48/100 - Validation Loss: 1.0856
Epoch 49/100 - Validation Loss: 1.0822
Epoch 50/100 - Validation Loss: 1.0786
Epoch 51/100 - Validation Loss: 1.0763
Epoch 52/100 - Validation Loss: 1.0713
Epoch 53/100 - Validation Loss: 1.0690
Epoch 54/100 - Validation Loss: 1.0667
Epoch 55/100 - Validation Loss: 1.0639
Epoch 56/100 - Validation Loss: 1.0608
Epoch 57/100 - Validation Loss: 1.0585
Epoch 58/100 - Validation Loss: 1.0550
Epoch 59/100 - Validation Loss: 1.0527
Epoch 60/100 - Validation Loss: 1.0502
Epoch 61/100 - Validation Loss: 1.0479
Epoch 62/100 - Validation Loss: 1.0453
Epoch 63/100 - Validation Loss: 1.0432
Epoch 64/100 - Validation Loss: 1.0391
Epoch 65/100 - Validation Loss: 1.0371
Epoch 66/100 - Validation Loss: 1.0351
Epoch 67/100 - Validation Loss: 1.0336
Epoch 68/100 - Validation Loss: 1.0303
Epoch 69/100 - Validation Loss: 1.0284
Epoch 70/100 - Validation Loss: 1.0261
Epoch 71/100 - Validation Loss: 1.0234
Epoch 72/100 - Validation Loss: 1.0218
Epoch 73/100 - Validation Loss: 1.0191
Epoch 74/100 - Validation Loss: 1.0181
Epoch 75/100 - Validation Loss: 1.0143
Epoch 76/100 - Validation Loss: 1.0137
Epoch 77/100 - Validation Loss: 1.0115
Epoch 78/100 - Validation Loss: 1.0087
Epoch 79/100 - Validation Loss: 1.0076
Epoch 80/100 - Validation Loss: 1.0050
Epoch 81/100 - Validation Loss: 1.0035
Epoch 82/100 - Validation Loss: 1.0022
Epoch 83/100 - Validation Loss: 1.0001
Epoch 84/100 - Validation Loss: 0.9972
Epoch 85/100 - Validation Loss: 0.9964
Epoch 86/100 - Validation Loss: 0.9944
Epoch 87/100 - Validation Loss: 0.9933
Epoch 88/100 - Validation Loss: 0.9907
Epoch 89/100 - Validation Loss: 0.9895
Epoch 90/100 - Validation Loss: 0.9874
Epoch 91/100 - Validation Loss: 0.9856
Epoch 92/100 - Validation Loss: 0.9841
Epoch 93/100 - Validation Loss: 0.9831
Epoch 94/100 - Validation Loss: 0.9813
Epoch 95/100 - Validation Loss: 0.9796
Epoch 96/100 - Validation Loss: 0.9780
Epoch 97/100 - Validation Loss: 0.9766
Epoch 98/100 - Validation Loss: 0.9753
Epoch 99/100 - Validation Loss: 0.9731
Epoch 100/100 - Validation Loss: 0.9720
Best AUC: 0.8700926530160901

--- Run 3/5 for shift 0.6 ---
Train Shape: (11710, 1028)
Val Shape: (1302, 1028)
Test Shape: (3254, 1028)
Training Early Fusion Model:
The number of parameters of the model are: 1025
Epoch 1/100 - Validation Loss: 1.2742
Epoch 2/100 - Validation Loss: 1.2657
Epoch 3/100 - Validation Loss: 1.2574
Epoch 4/100 - Validation Loss: 1.2495
Epoch 5/100 - Validation Loss: 1.2416
Epoch 6/100 - Validation Loss: 1.2340
Epoch 7/100 - Validation Loss: 1.2265
Epoch 8/100 - Validation Loss: 1.2193
Epoch 9/100 - Validation Loss: 1.2123
Epoch 10/100 - Validation Loss: 1.2053
Epoch 11/100 - Validation Loss: 1.1989
Epoch 12/100 - Validation Loss: 1.1922
Epoch 13/100 - Validation Loss: 1.1859
Epoch 14/100 - Validation Loss: 1.1796
Epoch 15/100 - Validation Loss: 1.1736
Epoch 16/100 - Validation Loss: 1.1677
Epoch 17/100 - Validation Loss: 1.1620
Epoch 18/100 - Validation Loss: 1.1564
Epoch 19/100 - Validation Loss: 1.1509
Epoch 20/100 - Validation Loss: 1.1455
Epoch 21/100 - Validation Loss: 1.1404
Epoch 22/100 - Validation Loss: 1.1352
Epoch 23/100 - Validation Loss: 1.1303
Epoch 24/100 - Validation Loss: 1.1254
Epoch 25/100 - Validation Loss: 1.1208
Epoch 26/100 - Validation Loss: 1.1162
Epoch 27/100 - Validation Loss: 1.1118
Epoch 28/100 - Validation Loss: 1.1074
Epoch 29/100 - Validation Loss: 1.1031
Epoch 30/100 - Validation Loss: 1.0989
Epoch 31/100 - Validation Loss: 1.0948
Epoch 32/100 - Validation Loss: 1.0908
Epoch 33/100 - Validation Loss: 1.0870
Epoch 34/100 - Validation Loss: 1.0831
Epoch 35/100 - Validation Loss: 1.0794
Epoch 36/100 - Validation Loss: 1.0759
Epoch 37/100 - Validation Loss: 1.0723
Epoch 38/100 - Validation Loss: 1.0689
Epoch 39/100 - Validation Loss: 1.0654
Epoch 40/100 - Validation Loss: 1.0622
Epoch 41/100 - Validation Loss: 1.0589
Epoch 42/100 - Validation Loss: 1.0556
Epoch 43/100 - Validation Loss: 1.0526
Epoch 44/100 - Validation Loss: 1.0495
Epoch 45/100 - Validation Loss: 1.0465
Epoch 46/100 - Validation Loss: 1.0437
Epoch 47/100 - Validation Loss: 1.0408
Epoch 48/100 - Validation Loss: 1.0381
Epoch 49/100 - Validation Loss: 1.0353
Epoch 50/100 - Validation Loss: 1.0325
Epoch 51/100 - Validation Loss: 1.0301
Epoch 52/100 - Validation Loss: 1.0273
Epoch 53/100 - Validation Loss: 1.0249
Epoch 54/100 - Validation Loss: 1.0223
Epoch 55/100 - Validation Loss: 1.0201
Epoch 56/100 - Validation Loss: 1.0176
Epoch 57/100 - Validation Loss: 1.0151
Epoch 58/100 - Validation Loss: 1.0130
Epoch 59/100 - Validation Loss: 1.0105
Epoch 60/100 - Validation Loss: 1.0085
Epoch 61/100 - Validation Loss: 1.0063
Epoch 62/100 - Validation Loss: 1.0045
Epoch 63/100 - Validation Loss: 1.0020
Epoch 64/100 - Validation Loss: 1.0000
Epoch 65/100 - Validation Loss: 0.9979
Epoch 66/100 - Validation Loss: 0.9960
Epoch 67/100 - Validation Loss: 0.9940
Epoch 68/100 - Validation Loss: 0.9920
Epoch 69/100 - Validation Loss: 0.9901
Epoch 70/100 - Validation Loss: 0.9885
Epoch 71/100 - Validation Loss: 0.9865
Epoch 72/100 - Validation Loss: 0.9848
Epoch 73/100 - Validation Loss: 0.9830
Epoch 74/100 - Validation Loss: 0.9811
Epoch 75/100 - Validation Loss: 0.9794
Epoch 76/100 - Validation Loss: 0.9779
Epoch 77/100 - Validation Loss: 0.9760
Epoch 78/100 - Validation Loss: 0.9746
Epoch 79/100 - Validation Loss: 0.9727
Epoch 80/100 - Validation Loss: 0.9716
Epoch 81/100 - Validation Loss: 0.9699
Epoch 82/100 - Validation Loss: 0.9681
Epoch 83/100 - Validation Loss: 0.9666
Epoch 84/100 - Validation Loss: 0.9652
Epoch 85/100 - Validation Loss: 0.9639
Epoch 86/100 - Validation Loss: 0.9624
Epoch 87/100 - Validation Loss: 0.9608
Epoch 88/100 - Validation Loss: 0.9594
Epoch 89/100 - Validation Loss: 0.9579
Epoch 90/100 - Validation Loss: 0.9568
Epoch 91/100 - Validation Loss: 0.9554
Epoch 92/100 - Validation Loss: 0.9543
Epoch 93/100 - Validation Loss: 0.9527
Epoch 94/100 - Validation Loss: 0.9516
Epoch 95/100 - Validation Loss: 0.9501
Epoch 96/100 - Validation Loss: 0.9488
Epoch 97/100 - Validation Loss: 0.9477
Epoch 98/100 - Validation Loss: 0.9467
Epoch 99/100 - Validation Loss: 0.9455
Epoch 100/100 - Validation Loss: 0.9439
Best AUC: 0.8700988828373097

--- Run 4/5 for shift 0.6 ---
Train Shape: (11710, 1028)
Val Shape: (1302, 1028)
Test Shape: (3254, 1028)
Training Early Fusion Model:
The number of parameters of the model are: 1025
Epoch 1/100 - Validation Loss: 1.4462
Epoch 2/100 - Validation Loss: 1.4351
Epoch 3/100 - Validation Loss: 1.4272
Epoch 4/100 - Validation Loss: 1.4156
Epoch 5/100 - Validation Loss: 1.4051
Epoch 6/100 - Validation Loss: 1.3947
Epoch 7/100 - Validation Loss: 1.3839
Epoch 8/100 - Validation Loss: 1.3740
Epoch 9/100 - Validation Loss: 1.3651
Epoch 10/100 - Validation Loss: 1.3557
Epoch 11/100 - Validation Loss: 1.3453
Epoch 12/100 - Validation Loss: 1.3378
Epoch 13/100 - Validation Loss: 1.3260
Epoch 14/100 - Validation Loss: 1.3205
Epoch 15/100 - Validation Loss: 1.3107
Epoch 16/100 - Validation Loss: 1.3015
Epoch 17/100 - Validation Loss: 1.2946
Epoch 18/100 - Validation Loss: 1.2876
Epoch 19/100 - Validation Loss: 1.2800
Epoch 20/100 - Validation Loss: 1.2716
Epoch 21/100 - Validation Loss: 1.2663
Epoch 22/100 - Validation Loss: 1.2568
Epoch 23/100 - Validation Loss: 1.2511
Epoch 24/100 - Validation Loss: 1.2435
Epoch 25/100 - Validation Loss: 1.2365
Epoch 26/100 - Validation Loss: 1.2312
Epoch 27/100 - Validation Loss: 1.2243
Epoch 28/100 - Validation Loss: 1.2177
Epoch 29/100 - Validation Loss: 1.2130
Epoch 30/100 - Validation Loss: 1.2077
Epoch 31/100 - Validation Loss: 1.1994
Epoch 32/100 - Validation Loss: 1.1949
Epoch 33/100 - Validation Loss: 1.1887
Epoch 34/100 - Validation Loss: 1.1844
Epoch 35/100 - Validation Loss: 1.1792
Epoch 36/100 - Validation Loss: 1.1740
Epoch 37/100 - Validation Loss: 1.1687
Epoch 38/100 - Validation Loss: 1.1634
Epoch 39/100 - Validation Loss: 1.1596
Epoch 40/100 - Validation Loss: 1.1526
Epoch 41/100 - Validation Loss: 1.1512
Epoch 42/100 - Validation Loss: 1.1452
Epoch 43/100 - Validation Loss: 1.1397
Epoch 44/100 - Validation Loss: 1.1350
Epoch 45/100 - Validation Loss: 1.1312
Epoch 46/100 - Validation Loss: 1.1276
Epoch 47/100 - Validation Loss: 1.1229
Epoch 48/100 - Validation Loss: 1.1192
Epoch 49/100 - Validation Loss: 1.1150
Epoch 50/100 - Validation Loss: 1.1107
Epoch 51/100 - Validation Loss: 1.1066
Epoch 52/100 - Validation Loss: 1.1034
Epoch 53/100 - Validation Loss: 1.1004
Epoch 54/100 - Validation Loss: 1.0966
Epoch 55/100 - Validation Loss: 1.0918
Epoch 56/100 - Validation Loss: 1.0888
Epoch 57/100 - Validation Loss: 1.0860
Epoch 58/100 - Validation Loss: 1.0828
Epoch 59/100 - Validation Loss: 1.0790
Epoch 60/100 - Validation Loss: 1.0749
Epoch 61/100 - Validation Loss: 1.0726
Epoch 62/100 - Validation Loss: 1.0694
Epoch 63/100 - Validation Loss: 1.0663
Epoch 64/100 - Validation Loss: 1.0633
Epoch 65/100 - Validation Loss: 1.0606
Epoch 66/100 - Validation Loss: 1.0570
Epoch 67/100 - Validation Loss: 1.0538
Epoch 68/100 - Validation Loss: 1.0512
Epoch 69/100 - Validation Loss: 1.0494
Epoch 70/100 - Validation Loss: 1.0453
Epoch 71/100 - Validation Loss: 1.0428
Epoch 72/100 - Validation Loss: 1.0409
Epoch 73/100 - Validation Loss: 1.0378
Epoch 74/100 - Validation Loss: 1.0341
Epoch 75/100 - Validation Loss: 1.0333
Epoch 76/100 - Validation Loss: 1.0305
Epoch 77/100 - Validation Loss: 1.0274
Epoch 78/100 - Validation Loss: 1.0258
Epoch 79/100 - Validation Loss: 1.0226
Epoch 80/100 - Validation Loss: 1.0209
Epoch 81/100 - Validation Loss: 1.0184
Epoch 82/100 - Validation Loss: 1.0164
Epoch 83/100 - Validation Loss: 1.0137
Epoch 84/100 - Validation Loss: 1.0106
Epoch 85/100 - Validation Loss: 1.0095
Epoch 86/100 - Validation Loss: 1.0074
Epoch 87/100 - Validation Loss: 1.0052
Epoch 88/100 - Validation Loss: 1.0038
Epoch 89/100 - Validation Loss: 1.0003
Epoch 90/100 - Validation Loss: 0.9991
Epoch 91/100 - Validation Loss: 0.9960
Epoch 92/100 - Validation Loss: 0.9948
Epoch 93/100 - Validation Loss: 0.9934
Epoch 94/100 - Validation Loss: 0.9909
Epoch 95/100 - Validation Loss: 0.9894
Epoch 96/100 - Validation Loss: 0.9863
Epoch 97/100 - Validation Loss: 0.9844
Epoch 98/100 - Validation Loss: 0.9831
Epoch 99/100 - Validation Loss: 0.9813
Epoch 100/100 - Validation Loss: 0.9807
Best AUC: 0.8682003448206045

--- Run 5/5 for shift 0.6 ---
Train Shape: (11710, 1028)
Val Shape: (1302, 1028)
Test Shape: (3254, 1028)
Training Early Fusion Model:
The number of parameters of the model are: 1025
Epoch 1/100 - Validation Loss: 1.3062
Epoch 2/100 - Validation Loss: 1.2979
Epoch 3/100 - Validation Loss: 1.2891
Epoch 4/100 - Validation Loss: 1.2811
Epoch 5/100 - Validation Loss: 1.2730
Epoch 6/100 - Validation Loss: 1.2652
Epoch 7/100 - Validation Loss: 1.2576
Epoch 8/100 - Validation Loss: 1.2501
Epoch 9/100 - Validation Loss: 1.2427
Epoch 10/100 - Validation Loss: 1.2359
Epoch 11/100 - Validation Loss: 1.2289
Epoch 12/100 - Validation Loss: 1.2219
Epoch 13/100 - Validation Loss: 1.2150
Epoch 14/100 - Validation Loss: 1.2089
Epoch 15/100 - Validation Loss: 1.2032
Epoch 16/100 - Validation Loss: 1.1964
Epoch 17/100 - Validation Loss: 1.1904
Epoch 18/100 - Validation Loss: 1.1850
Epoch 19/100 - Validation Loss: 1.1792
Epoch 20/100 - Validation Loss: 1.1734
Epoch 21/100 - Validation Loss: 1.1686
Epoch 22/100 - Validation Loss: 1.1630
Epoch 23/100 - Validation Loss: 1.1578
Epoch 24/100 - Validation Loss: 1.1532
Epoch 25/100 - Validation Loss: 1.1482
Epoch 26/100 - Validation Loss: 1.1432
Epoch 27/100 - Validation Loss: 1.1387
Epoch 28/100 - Validation Loss: 1.1339
Epoch 29/100 - Validation Loss: 1.1297
Epoch 30/100 - Validation Loss: 1.1256
Epoch 31/100 - Validation Loss: 1.1212
Epoch 32/100 - Validation Loss: 1.1167
Epoch 33/100 - Validation Loss: 1.1126
Epoch 34/100 - Validation Loss: 1.1087
Epoch 35/100 - Validation Loss: 1.1048
Epoch 36/100 - Validation Loss: 1.1014
Epoch 37/100 - Validation Loss: 1.0975
Epoch 38/100 - Validation Loss: 1.0936
Epoch 39/100 - Validation Loss: 1.0901
Epoch 40/100 - Validation Loss: 1.0867
Epoch 41/100 - Validation Loss: 1.0835
Epoch 42/100 - Validation Loss: 1.0800
Epoch 43/100 - Validation Loss: 1.0766
Epoch 44/100 - Validation Loss: 1.0731
Epoch 45/100 - Validation Loss: 1.0706
Epoch 46/100 - Validation Loss: 1.0676
Epoch 47/100 - Validation Loss: 1.0643
Epoch 48/100 - Validation Loss: 1.0614
Epoch 49/100 - Validation Loss: 1.0583
Epoch 50/100 - Validation Loss: 1.0562
Epoch 51/100 - Validation Loss: 1.0528
Epoch 52/100 - Validation Loss: 1.0501
Epoch 53/100 - Validation Loss: 1.0480
Epoch 54/100 - Validation Loss: 1.0451
Epoch 55/100 - Validation Loss: 1.0424
Epoch 56/100 - Validation Loss: 1.0401
Epoch 57/100 - Validation Loss: 1.0383
Epoch 58/100 - Validation Loss: 1.0353
Epoch 59/100 - Validation Loss: 1.0328
Epoch 60/100 - Validation Loss: 1.0304
Epoch 61/100 - Validation Loss: 1.0285
Epoch 62/100 - Validation Loss: 1.0272
Epoch 63/100 - Validation Loss: 1.0240
Epoch 64/100 - Validation Loss: 1.0215
Epoch 65/100 - Validation Loss: 1.0202
Epoch 66/100 - Validation Loss: 1.0177
Epoch 67/100 - Validation Loss: 1.0159
Epoch 68/100 - Validation Loss: 1.0135
Epoch 69/100 - Validation Loss: 1.0121
Epoch 70/100 - Validation Loss: 1.0100
Epoch 71/100 - Validation Loss: 1.0083
Epoch 72/100 - Validation Loss: 1.0061
Epoch 73/100 - Validation Loss: 1.0041
Epoch 74/100 - Validation Loss: 1.0027
Epoch 75/100 - Validation Loss: 1.0009
Epoch 76/100 - Validation Loss: 0.9992
Epoch 77/100 - Validation Loss: 0.9976
Epoch 78/100 - Validation Loss: 0.9956
Epoch 79/100 - Validation Loss: 0.9945
Epoch 80/100 - Validation Loss: 0.9925
Epoch 81/100 - Validation Loss: 0.9913
Epoch 82/100 - Validation Loss: 0.9892
Epoch 83/100 - Validation Loss: 0.9879
Epoch 84/100 - Validation Loss: 0.9863
Epoch 85/100 - Validation Loss: 0.9846
Epoch 86/100 - Validation Loss: 0.9832
Epoch 87/100 - Validation Loss: 0.9823
Epoch 88/100 - Validation Loss: 0.9803
Epoch 89/100 - Validation Loss: 0.9792
Epoch 90/100 - Validation Loss: 0.9776
Epoch 91/100 - Validation Loss: 0.9767
Epoch 92/100 - Validation Loss: 0.9745
Epoch 93/100 - Validation Loss: 0.9733
Epoch 94/100 - Validation Loss: 0.9724
Epoch 95/100 - Validation Loss: 0.9708
Epoch 96/100 - Validation Loss: 0.9694
Epoch 97/100 - Validation Loss: 0.9684
Epoch 98/100 - Validation Loss: 0.9669
Epoch 99/100 - Validation Loss: 0.9660
Epoch 100/100 - Validation Loss: 0.9645
Best AUC: 0.8684246183845139
##################################################  Shift 0.7  ##################################################
Subsampling 16266 data points to 5000 for cleaner visualization.

--- Run 1/5 for shift 0.7 ---
Train Shape: (11710, 1028)
Val Shape: (1302, 1028)
Test Shape: (3254, 1028)
Training Early Fusion Model:
The number of parameters of the model are: 1025
Epoch 1/100 - Validation Loss: 1.3901
Epoch 2/100 - Validation Loss: 1.3787
Epoch 3/100 - Validation Loss: 1.3680
Epoch 4/100 - Validation Loss: 1.3591
Epoch 5/100 - Validation Loss: 1.3499
Epoch 6/100 - Validation Loss: 1.3394
Epoch 7/100 - Validation Loss: 1.3299
Epoch 8/100 - Validation Loss: 1.3225
Epoch 9/100 - Validation Loss: 1.3121
Epoch 10/100 - Validation Loss: 1.3035
Epoch 11/100 - Validation Loss: 1.2951
Epoch 12/100 - Validation Loss: 1.2863
Epoch 13/100 - Validation Loss: 1.2774
Epoch 14/100 - Validation Loss: 1.2706
Epoch 15/100 - Validation Loss: 1.2635
Epoch 16/100 - Validation Loss: 1.2549
Epoch 17/100 - Validation Loss: 1.2477
Epoch 18/100 - Validation Loss: 1.2398
Epoch 19/100 - Validation Loss: 1.2328
Epoch 20/100 - Validation Loss: 1.2252
Epoch 21/100 - Validation Loss: 1.2200
Epoch 22/100 - Validation Loss: 1.2120
Epoch 23/100 - Validation Loss: 1.2053
Epoch 24/100 - Validation Loss: 1.1982
Epoch 25/100 - Validation Loss: 1.1928
Epoch 26/100 - Validation Loss: 1.1857
Epoch 27/100 - Validation Loss: 1.1807
Epoch 28/100 - Validation Loss: 1.1752
Epoch 29/100 - Validation Loss: 1.1683
Epoch 30/100 - Validation Loss: 1.1630
Epoch 31/100 - Validation Loss: 1.1571
Epoch 32/100 - Validation Loss: 1.1523
Epoch 33/100 - Validation Loss: 1.1468
Epoch 34/100 - Validation Loss: 1.1414
Epoch 35/100 - Validation Loss: 1.1367
Epoch 36/100 - Validation Loss: 1.1310
Epoch 37/100 - Validation Loss: 1.1266
Epoch 38/100 - Validation Loss: 1.1211
Epoch 39/100 - Validation Loss: 1.1166
Epoch 40/100 - Validation Loss: 1.1122
Epoch 41/100 - Validation Loss: 1.1075
Epoch 42/100 - Validation Loss: 1.1030
Epoch 43/100 - Validation Loss: 1.0988
Epoch 44/100 - Validation Loss: 1.0943
Epoch 45/100 - Validation Loss: 1.0900
Epoch 46/100 - Validation Loss: 1.0857
Epoch 47/100 - Validation Loss: 1.0819
Epoch 48/100 - Validation Loss: 1.0787
Epoch 49/100 - Validation Loss: 1.0738
Epoch 50/100 - Validation Loss: 1.0701
Epoch 51/100 - Validation Loss: 1.0665
Epoch 52/100 - Validation Loss: 1.0625
Epoch 53/100 - Validation Loss: 1.0593
Epoch 54/100 - Validation Loss: 1.0556
Epoch 55/100 - Validation Loss: 1.0515
Epoch 56/100 - Validation Loss: 1.0493
Epoch 57/100 - Validation Loss: 1.0455
Epoch 58/100 - Validation Loss: 1.0424
Epoch 59/100 - Validation Loss: 1.0390
Epoch 60/100 - Validation Loss: 1.0354
Epoch 61/100 - Validation Loss: 1.0318
Epoch 62/100 - Validation Loss: 1.0300
Epoch 63/100 - Validation Loss: 1.0259
Epoch 64/100 - Validation Loss: 1.0236
Epoch 65/100 - Validation Loss: 1.0209
Epoch 66/100 - Validation Loss: 1.0176
Epoch 67/100 - Validation Loss: 1.0144
Epoch 68/100 - Validation Loss: 1.0116
Epoch 69/100 - Validation Loss: 1.0092
Epoch 70/100 - Validation Loss: 1.0060
Epoch 71/100 - Validation Loss: 1.0033
Epoch 72/100 - Validation Loss: 1.0014
Epoch 73/100 - Validation Loss: 0.9983
Epoch 74/100 - Validation Loss: 0.9960
Epoch 75/100 - Validation Loss: 0.9934
Epoch 76/100 - Validation Loss: 0.9908
Epoch 77/100 - Validation Loss: 0.9883
Epoch 78/100 - Validation Loss: 0.9865
Epoch 79/100 - Validation Loss: 0.9834
Epoch 80/100 - Validation Loss: 0.9808
Epoch 81/100 - Validation Loss: 0.9787
Epoch 82/100 - Validation Loss: 0.9774
Epoch 83/100 - Validation Loss: 0.9743
Epoch 84/100 - Validation Loss: 0.9723
Epoch 85/100 - Validation Loss: 0.9698
Epoch 86/100 - Validation Loss: 0.9681
Epoch 87/100 - Validation Loss: 0.9660
Epoch 88/100 - Validation Loss: 0.9634
Epoch 89/100 - Validation Loss: 0.9615
Epoch 90/100 - Validation Loss: 0.9599
Epoch 91/100 - Validation Loss: 0.9576
Epoch 92/100 - Validation Loss: 0.9553
Epoch 93/100 - Validation Loss: 0.9536
Epoch 94/100 - Validation Loss: 0.9521
Epoch 95/100 - Validation Loss: 0.9496
Epoch 96/100 - Validation Loss: 0.9477
Epoch 97/100 - Validation Loss: 0.9458
Epoch 98/100 - Validation Loss: 0.9438
Epoch 99/100 - Validation Loss: 0.9425
Epoch 100/100 - Validation Loss: 0.9404
Best AUC: 0.86914104782478

--- Run 2/5 for shift 0.7 ---
Train Shape: (11710, 1028)
Val Shape: (1302, 1028)
Test Shape: (3254, 1028)
Training Early Fusion Model:
The number of parameters of the model are: 1025
Epoch 1/100 - Validation Loss: 1.3555
Epoch 2/100 - Validation Loss: 1.3447
Epoch 3/100 - Validation Loss: 1.3359
Epoch 4/100 - Validation Loss: 1.3266
Epoch 5/100 - Validation Loss: 1.3176
Epoch 6/100 - Validation Loss: 1.3088
Epoch 7/100 - Validation Loss: 1.3004
Epoch 8/100 - Validation Loss: 1.2928
Epoch 9/100 - Validation Loss: 1.2849
Epoch 10/100 - Validation Loss: 1.2774
Epoch 11/100 - Validation Loss: 1.2689
Epoch 12/100 - Validation Loss: 1.2615
Epoch 13/100 - Validation Loss: 1.2545
Epoch 14/100 - Validation Loss: 1.2485
Epoch 15/100 - Validation Loss: 1.2405
Epoch 16/100 - Validation Loss: 1.2343
Epoch 17/100 - Validation Loss: 1.2283
Epoch 18/100 - Validation Loss: 1.2207
Epoch 19/100 - Validation Loss: 1.2149
Epoch 20/100 - Validation Loss: 1.2092
Epoch 21/100 - Validation Loss: 1.2031
Epoch 22/100 - Validation Loss: 1.1979
Epoch 23/100 - Validation Loss: 1.1912
Epoch 24/100 - Validation Loss: 1.1866
Epoch 25/100 - Validation Loss: 1.1806
Epoch 26/100 - Validation Loss: 1.1755
Epoch 27/100 - Validation Loss: 1.1701
Epoch 28/100 - Validation Loss: 1.1651
Epoch 29/100 - Validation Loss: 1.1599
Epoch 30/100 - Validation Loss: 1.1551
Epoch 31/100 - Validation Loss: 1.1501
Epoch 32/100 - Validation Loss: 1.1464
Epoch 33/100 - Validation Loss: 1.1410
Epoch 34/100 - Validation Loss: 1.1377
Epoch 35/100 - Validation Loss: 1.1325
Epoch 36/100 - Validation Loss: 1.1272
Epoch 37/100 - Validation Loss: 1.1247
Epoch 38/100 - Validation Loss: 1.1198
Epoch 39/100 - Validation Loss: 1.1159
Epoch 40/100 - Validation Loss: 1.1119
Epoch 41/100 - Validation Loss: 1.1081
Epoch 42/100 - Validation Loss: 1.1054
Epoch 43/100 - Validation Loss: 1.1004
Epoch 44/100 - Validation Loss: 1.0977
Epoch 45/100 - Validation Loss: 1.0931
Epoch 46/100 - Validation Loss: 1.0902
Epoch 47/100 - Validation Loss: 1.0871
Epoch 48/100 - Validation Loss: 1.0836
Epoch 49/100 - Validation Loss: 1.0802
Epoch 50/100 - Validation Loss: 1.0766
Epoch 51/100 - Validation Loss: 1.0744
Epoch 52/100 - Validation Loss: 1.0693
Epoch 53/100 - Validation Loss: 1.0670
Epoch 54/100 - Validation Loss: 1.0647
Epoch 55/100 - Validation Loss: 1.0619
Epoch 56/100 - Validation Loss: 1.0588
Epoch 57/100 - Validation Loss: 1.0565
Epoch 58/100 - Validation Loss: 1.0531
Epoch 59/100 - Validation Loss: 1.0507
Epoch 60/100 - Validation Loss: 1.0482
Epoch 61/100 - Validation Loss: 1.0460
Epoch 62/100 - Validation Loss: 1.0433
Epoch 63/100 - Validation Loss: 1.0412
Epoch 64/100 - Validation Loss: 1.0371
Epoch 65/100 - Validation Loss: 1.0351
Epoch 66/100 - Validation Loss: 1.0332
Epoch 67/100 - Validation Loss: 1.0316
Epoch 68/100 - Validation Loss: 1.0283
Epoch 69/100 - Validation Loss: 1.0265
Epoch 70/100 - Validation Loss: 1.0241
Epoch 71/100 - Validation Loss: 1.0215
Epoch 72/100 - Validation Loss: 1.0199
Epoch 73/100 - Validation Loss: 1.0172
Epoch 74/100 - Validation Loss: 1.0162
Epoch 75/100 - Validation Loss: 1.0124
Epoch 76/100 - Validation Loss: 1.0118
Epoch 77/100 - Validation Loss: 1.0096
Epoch 78/100 - Validation Loss: 1.0068
Epoch 79/100 - Validation Loss: 1.0057
Epoch 80/100 - Validation Loss: 1.0031
Epoch 81/100 - Validation Loss: 1.0016
Epoch 82/100 - Validation Loss: 1.0003
Epoch 83/100 - Validation Loss: 0.9982
Epoch 84/100 - Validation Loss: 0.9953
Epoch 85/100 - Validation Loss: 0.9945
Epoch 86/100 - Validation Loss: 0.9926
Epoch 87/100 - Validation Loss: 0.9914
Epoch 88/100 - Validation Loss: 0.9889
Epoch 89/100 - Validation Loss: 0.9877
Epoch 90/100 - Validation Loss: 0.9856
Epoch 91/100 - Validation Loss: 0.9837
Epoch 92/100 - Validation Loss: 0.9823
Epoch 93/100 - Validation Loss: 0.9813
Epoch 94/100 - Validation Loss: 0.9795
Epoch 95/100 - Validation Loss: 0.9778
Epoch 96/100 - Validation Loss: 0.9761
Epoch 97/100 - Validation Loss: 0.9748
Epoch 98/100 - Validation Loss: 0.9735
Epoch 99/100 - Validation Loss: 0.9713
Epoch 100/100 - Validation Loss: 0.9702
Best AUC: 0.870136261764628

--- Run 3/5 for shift 0.7 ---
Train Shape: (11710, 1028)
Val Shape: (1302, 1028)
Test Shape: (3254, 1028)
Training Early Fusion Model:
The number of parameters of the model are: 1025
Epoch 1/100 - Validation Loss: 1.2741
Epoch 2/100 - Validation Loss: 1.2655
Epoch 3/100 - Validation Loss: 1.2571
Epoch 4/100 - Validation Loss: 1.2491
Epoch 5/100 - Validation Loss: 1.2411
Epoch 6/100 - Validation Loss: 1.2334
Epoch 7/100 - Validation Loss: 1.2259
Epoch 8/100 - Validation Loss: 1.2185
Epoch 9/100 - Validation Loss: 1.2114
Epoch 10/100 - Validation Loss: 1.2044
Epoch 11/100 - Validation Loss: 1.1980
Epoch 12/100 - Validation Loss: 1.1912
Epoch 13/100 - Validation Loss: 1.1849
Epoch 14/100 - Validation Loss: 1.1785
Epoch 15/100 - Validation Loss: 1.1725
Epoch 16/100 - Validation Loss: 1.1665
Epoch 17/100 - Validation Loss: 1.1607
Epoch 18/100 - Validation Loss: 1.1550
Epoch 19/100 - Validation Loss: 1.1495
Epoch 20/100 - Validation Loss: 1.1441
Epoch 21/100 - Validation Loss: 1.1390
Epoch 22/100 - Validation Loss: 1.1337
Epoch 23/100 - Validation Loss: 1.1288
Epoch 24/100 - Validation Loss: 1.1239
Epoch 25/100 - Validation Loss: 1.1193
Epoch 26/100 - Validation Loss: 1.1146
Epoch 27/100 - Validation Loss: 1.1102
Epoch 28/100 - Validation Loss: 1.1057
Epoch 29/100 - Validation Loss: 1.1014
Epoch 30/100 - Validation Loss: 1.0972
Epoch 31/100 - Validation Loss: 1.0931
Epoch 32/100 - Validation Loss: 1.0891
Epoch 33/100 - Validation Loss: 1.0853
Epoch 34/100 - Validation Loss: 1.0814
Epoch 35/100 - Validation Loss: 1.0776
Epoch 36/100 - Validation Loss: 1.0742
Epoch 37/100 - Validation Loss: 1.0705
Epoch 38/100 - Validation Loss: 1.0672
Epoch 39/100 - Validation Loss: 1.0636
Epoch 40/100 - Validation Loss: 1.0604
Epoch 41/100 - Validation Loss: 1.0571
Epoch 42/100 - Validation Loss: 1.0538
Epoch 43/100 - Validation Loss: 1.0508
Epoch 44/100 - Validation Loss: 1.0477
Epoch 45/100 - Validation Loss: 1.0447
Epoch 46/100 - Validation Loss: 1.0419
Epoch 47/100 - Validation Loss: 1.0390
Epoch 48/100 - Validation Loss: 1.0362
Epoch 49/100 - Validation Loss: 1.0335
Epoch 50/100 - Validation Loss: 1.0307
Epoch 51/100 - Validation Loss: 1.0283
Epoch 52/100 - Validation Loss: 1.0254
Epoch 53/100 - Validation Loss: 1.0230
Epoch 54/100 - Validation Loss: 1.0205
Epoch 55/100 - Validation Loss: 1.0183
Epoch 56/100 - Validation Loss: 1.0158
Epoch 57/100 - Validation Loss: 1.0133
Epoch 58/100 - Validation Loss: 1.0112
Epoch 59/100 - Validation Loss: 1.0087
Epoch 60/100 - Validation Loss: 1.0066
Epoch 61/100 - Validation Loss: 1.0045
Epoch 62/100 - Validation Loss: 1.0026
Epoch 63/100 - Validation Loss: 1.0002
Epoch 64/100 - Validation Loss: 0.9982
Epoch 65/100 - Validation Loss: 0.9961
Epoch 66/100 - Validation Loss: 0.9942
Epoch 67/100 - Validation Loss: 0.9922
Epoch 68/100 - Validation Loss: 0.9902
Epoch 69/100 - Validation Loss: 0.9883
Epoch 70/100 - Validation Loss: 0.9867
Epoch 71/100 - Validation Loss: 0.9847
Epoch 72/100 - Validation Loss: 0.9830
Epoch 73/100 - Validation Loss: 0.9812
Epoch 74/100 - Validation Loss: 0.9793
Epoch 75/100 - Validation Loss: 0.9776
Epoch 76/100 - Validation Loss: 0.9761
Epoch 77/100 - Validation Loss: 0.9742
Epoch 78/100 - Validation Loss: 0.9728
Epoch 79/100 - Validation Loss: 0.9710
Epoch 80/100 - Validation Loss: 0.9698
Epoch 81/100 - Validation Loss: 0.9681
Epoch 82/100 - Validation Loss: 0.9663
Epoch 83/100 - Validation Loss: 0.9648
Epoch 84/100 - Validation Loss: 0.9635
Epoch 85/100 - Validation Loss: 0.9621
Epoch 86/100 - Validation Loss: 0.9606
Epoch 87/100 - Validation Loss: 0.9591
Epoch 88/100 - Validation Loss: 0.9576
Epoch 89/100 - Validation Loss: 0.9562
Epoch 90/100 - Validation Loss: 0.9550
Epoch 91/100 - Validation Loss: 0.9537
Epoch 92/100 - Validation Loss: 0.9525
Epoch 93/100 - Validation Loss: 0.9509
Epoch 94/100 - Validation Loss: 0.9499
Epoch 95/100 - Validation Loss: 0.9484
Epoch 96/100 - Validation Loss: 0.9471
Epoch 97/100 - Validation Loss: 0.9460
Epoch 98/100 - Validation Loss: 0.9450
Epoch 99/100 - Validation Loss: 0.9438
Epoch 100/100 - Validation Loss: 0.9422
Best AUC: 0.8701720832366412

--- Run 4/5 for shift 0.7 ---
Train Shape: (11710, 1028)
Val Shape: (1302, 1028)
Test Shape: (3254, 1028)
Training Early Fusion Model:
The number of parameters of the model are: 1025
Epoch 1/100 - Validation Loss: 1.4460
Epoch 2/100 - Validation Loss: 1.4349
Epoch 3/100 - Validation Loss: 1.4268
Epoch 4/100 - Validation Loss: 1.4151
Epoch 5/100 - Validation Loss: 1.4044
Epoch 6/100 - Validation Loss: 1.3940
Epoch 7/100 - Validation Loss: 1.3831
Epoch 8/100 - Validation Loss: 1.3731
Epoch 9/100 - Validation Loss: 1.3640
Epoch 10/100 - Validation Loss: 1.3546
Epoch 11/100 - Validation Loss: 1.3440
Epoch 12/100 - Validation Loss: 1.3365
Epoch 13/100 - Validation Loss: 1.3246
Epoch 14/100 - Validation Loss: 1.3190
Epoch 15/100 - Validation Loss: 1.3092
Epoch 16/100 - Validation Loss: 1.2999
Epoch 17/100 - Validation Loss: 1.2929
Epoch 18/100 - Validation Loss: 1.2859
Epoch 19/100 - Validation Loss: 1.2782
Epoch 20/100 - Validation Loss: 1.2698
Epoch 21/100 - Validation Loss: 1.2644
Epoch 22/100 - Validation Loss: 1.2549
Epoch 23/100 - Validation Loss: 1.2491
Epoch 24/100 - Validation Loss: 1.2416
Epoch 25/100 - Validation Loss: 1.2345
Epoch 26/100 - Validation Loss: 1.2292
Epoch 27/100 - Validation Loss: 1.2223
Epoch 28/100 - Validation Loss: 1.2156
Epoch 29/100 - Validation Loss: 1.2109
Epoch 30/100 - Validation Loss: 1.2056
Epoch 31/100 - Validation Loss: 1.1972
Epoch 32/100 - Validation Loss: 1.1927
Epoch 33/100 - Validation Loss: 1.1865
Epoch 34/100 - Validation Loss: 1.1822
Epoch 35/100 - Validation Loss: 1.1770
Epoch 36/100 - Validation Loss: 1.1717
Epoch 37/100 - Validation Loss: 1.1664
Epoch 38/100 - Validation Loss: 1.1611
Epoch 39/100 - Validation Loss: 1.1572
Epoch 40/100 - Validation Loss: 1.1502
Epoch 41/100 - Validation Loss: 1.1488
Epoch 42/100 - Validation Loss: 1.1428
Epoch 43/100 - Validation Loss: 1.1373
Epoch 44/100 - Validation Loss: 1.1326
Epoch 45/100 - Validation Loss: 1.1289
Epoch 46/100 - Validation Loss: 1.1252
Epoch 47/100 - Validation Loss: 1.1205
Epoch 48/100 - Validation Loss: 1.1168
Epoch 49/100 - Validation Loss: 1.1126
Epoch 50/100 - Validation Loss: 1.1083
Epoch 51/100 - Validation Loss: 1.1042
Epoch 52/100 - Validation Loss: 1.1010
Epoch 53/100 - Validation Loss: 1.0980
Epoch 54/100 - Validation Loss: 1.0942
Epoch 55/100 - Validation Loss: 1.0894
Epoch 56/100 - Validation Loss: 1.0864
Epoch 57/100 - Validation Loss: 1.0836
Epoch 58/100 - Validation Loss: 1.0804
Epoch 59/100 - Validation Loss: 1.0766
Epoch 60/100 - Validation Loss: 1.0725
Epoch 61/100 - Validation Loss: 1.0702
Epoch 62/100 - Validation Loss: 1.0670
Epoch 63/100 - Validation Loss: 1.0639
Epoch 64/100 - Validation Loss: 1.0609
Epoch 65/100 - Validation Loss: 1.0582
Epoch 66/100 - Validation Loss: 1.0546
Epoch 67/100 - Validation Loss: 1.0514
Epoch 68/100 - Validation Loss: 1.0489
Epoch 69/100 - Validation Loss: 1.0470
Epoch 70/100 - Validation Loss: 1.0430
Epoch 71/100 - Validation Loss: 1.0404
Epoch 72/100 - Validation Loss: 1.0385
Epoch 73/100 - Validation Loss: 1.0355
Epoch 74/100 - Validation Loss: 1.0318
Epoch 75/100 - Validation Loss: 1.0309
Epoch 76/100 - Validation Loss: 1.0282
Epoch 77/100 - Validation Loss: 1.0251
Epoch 78/100 - Validation Loss: 1.0235
Epoch 79/100 - Validation Loss: 1.0203
Epoch 80/100 - Validation Loss: 1.0186
Epoch 81/100 - Validation Loss: 1.0161
Epoch 82/100 - Validation Loss: 1.0141
Epoch 83/100 - Validation Loss: 1.0114
Epoch 84/100 - Validation Loss: 1.0083
Epoch 85/100 - Validation Loss: 1.0072
Epoch 86/100 - Validation Loss: 1.0051
Epoch 87/100 - Validation Loss: 1.0029
Epoch 88/100 - Validation Loss: 1.0015
Epoch 89/100 - Validation Loss: 0.9981
Epoch 90/100 - Validation Loss: 0.9969
Epoch 91/100 - Validation Loss: 0.9937
Epoch 92/100 - Validation Loss: 0.9926
Epoch 93/100 - Validation Loss: 0.9911
Epoch 94/100 - Validation Loss: 0.9886
Epoch 95/100 - Validation Loss: 0.9871
Epoch 96/100 - Validation Loss: 0.9841
Epoch 97/100 - Validation Loss: 0.9822
Epoch 98/100 - Validation Loss: 0.9809
Epoch 99/100 - Validation Loss: 0.9791
Epoch 100/100 - Validation Loss: 0.9785
Best AUC: 0.8682408386585327

--- Run 5/5 for shift 0.7 ---
Train Shape: (11710, 1028)
Val Shape: (1302, 1028)
Test Shape: (3254, 1028)
Training Early Fusion Model:
The number of parameters of the model are: 1025
Epoch 1/100 - Validation Loss: 1.3061
Epoch 2/100 - Validation Loss: 1.2977
Epoch 3/100 - Validation Loss: 1.2888
Epoch 4/100 - Validation Loss: 1.2808
Epoch 5/100 - Validation Loss: 1.2725
Epoch 6/100 - Validation Loss: 1.2647
Epoch 7/100 - Validation Loss: 1.2570
Epoch 8/100 - Validation Loss: 1.2493
Epoch 9/100 - Validation Loss: 1.2420
Epoch 10/100 - Validation Loss: 1.2350
Epoch 11/100 - Validation Loss: 1.2280
Epoch 12/100 - Validation Loss: 1.2209
Epoch 13/100 - Validation Loss: 1.2140
Epoch 14/100 - Validation Loss: 1.2079
Epoch 15/100 - Validation Loss: 1.2021
Epoch 16/100 - Validation Loss: 1.1952
Epoch 17/100 - Validation Loss: 1.1892
Epoch 18/100 - Validation Loss: 1.1837
Epoch 19/100 - Validation Loss: 1.1780
Epoch 20/100 - Validation Loss: 1.1721
Epoch 21/100 - Validation Loss: 1.1672
Epoch 22/100 - Validation Loss: 1.1616
Epoch 23/100 - Validation Loss: 1.1564
Epoch 24/100 - Validation Loss: 1.1518
Epoch 25/100 - Validation Loss: 1.1468
Epoch 26/100 - Validation Loss: 1.1418
Epoch 27/100 - Validation Loss: 1.1372
Epoch 28/100 - Validation Loss: 1.1324
Epoch 29/100 - Validation Loss: 1.1282
Epoch 30/100 - Validation Loss: 1.1241
Epoch 31/100 - Validation Loss: 1.1197
Epoch 32/100 - Validation Loss: 1.1152
Epoch 33/100 - Validation Loss: 1.1111
Epoch 34/100 - Validation Loss: 1.1071
Epoch 35/100 - Validation Loss: 1.1032
Epoch 36/100 - Validation Loss: 1.0998
Epoch 37/100 - Validation Loss: 1.0959
Epoch 38/100 - Validation Loss: 1.0920
Epoch 39/100 - Validation Loss: 1.0885
Epoch 40/100 - Validation Loss: 1.0851
Epoch 41/100 - Validation Loss: 1.0819
Epoch 42/100 - Validation Loss: 1.0784
Epoch 43/100 - Validation Loss: 1.0750
Epoch 44/100 - Validation Loss: 1.0715
Epoch 45/100 - Validation Loss: 1.0690
Epoch 46/100 - Validation Loss: 1.0660
Epoch 47/100 - Validation Loss: 1.0626
Epoch 48/100 - Validation Loss: 1.0598
Epoch 49/100 - Validation Loss: 1.0567
Epoch 50/100 - Validation Loss: 1.0546
Epoch 51/100 - Validation Loss: 1.0512
Epoch 52/100 - Validation Loss: 1.0485
Epoch 53/100 - Validation Loss: 1.0464
Epoch 54/100 - Validation Loss: 1.0435
Epoch 55/100 - Validation Loss: 1.0408
Epoch 56/100 - Validation Loss: 1.0385
Epoch 57/100 - Validation Loss: 1.0367
Epoch 58/100 - Validation Loss: 1.0337
Epoch 59/100 - Validation Loss: 1.0312
Epoch 60/100 - Validation Loss: 1.0289
Epoch 61/100 - Validation Loss: 1.0270
Epoch 62/100 - Validation Loss: 1.0256
Epoch 63/100 - Validation Loss: 1.0225
Epoch 64/100 - Validation Loss: 1.0200
Epoch 65/100 - Validation Loss: 1.0187
Epoch 66/100 - Validation Loss: 1.0161
Epoch 67/100 - Validation Loss: 1.0144
Epoch 68/100 - Validation Loss: 1.0120
Epoch 69/100 - Validation Loss: 1.0106
Epoch 70/100 - Validation Loss: 1.0085
Epoch 71/100 - Validation Loss: 1.0068
Epoch 72/100 - Validation Loss: 1.0046
Epoch 73/100 - Validation Loss: 1.0026
Epoch 74/100 - Validation Loss: 1.0012
Epoch 75/100 - Validation Loss: 0.9994
Epoch 76/100 - Validation Loss: 0.9977
Epoch 77/100 - Validation Loss: 0.9961
Epoch 78/100 - Validation Loss: 0.9941
Epoch 79/100 - Validation Loss: 0.9930
Epoch 80/100 - Validation Loss: 0.9911
Epoch 81/100 - Validation Loss: 0.9899
Epoch 82/100 - Validation Loss: 0.9878
Epoch 83/100 - Validation Loss: 0.9864
Epoch 84/100 - Validation Loss: 0.9848
Epoch 85/100 - Validation Loss: 0.9831
Epoch 86/100 - Validation Loss: 0.9818
Epoch 87/100 - Validation Loss: 0.9808
Epoch 88/100 - Validation Loss: 0.9788
Epoch 89/100 - Validation Loss: 0.9778
Epoch 90/100 - Validation Loss: 0.9761
Epoch 91/100 - Validation Loss: 0.9753
Epoch 92/100 - Validation Loss: 0.9731
Epoch 93/100 - Validation Loss: 0.9719
Epoch 94/100 - Validation Loss: 0.9711
Epoch 95/100 - Validation Loss: 0.9694
Epoch 96/100 - Validation Loss: 0.9680
Epoch 97/100 - Validation Loss: 0.9670
Epoch 98/100 - Validation Loss: 0.9656
Epoch 99/100 - Validation Loss: 0.9647
Epoch 100/100 - Validation Loss: 0.9632
Best AUC: 0.8685274104346391
##################################################  Shift 0.8  ##################################################
Subsampling 16266 data points to 5000 for cleaner visualization.

--- Run 1/5 for shift 0.8 ---
Train Shape: (11710, 1028)
Val Shape: (1302, 1028)
Test Shape: (3254, 1028)
Training Early Fusion Model:
The number of parameters of the model are: 1025
Epoch 1/100 - Validation Loss: 1.3900
Epoch 2/100 - Validation Loss: 1.3786
Epoch 3/100 - Validation Loss: 1.3677
Epoch 4/100 - Validation Loss: 1.3588
Epoch 5/100 - Validation Loss: 1.3495
Epoch 6/100 - Validation Loss: 1.3389
Epoch 7/100 - Validation Loss: 1.3293
Epoch 8/100 - Validation Loss: 1.3219
Epoch 9/100 - Validation Loss: 1.3114
Epoch 10/100 - Validation Loss: 1.3027
Epoch 11/100 - Validation Loss: 1.2943
Epoch 12/100 - Validation Loss: 1.2854
Epoch 13/100 - Validation Loss: 1.2765
Epoch 14/100 - Validation Loss: 1.2696
Epoch 15/100 - Validation Loss: 1.2624
Epoch 16/100 - Validation Loss: 1.2538
Epoch 17/100 - Validation Loss: 1.2466
Epoch 18/100 - Validation Loss: 1.2386
Epoch 19/100 - Validation Loss: 1.2315
Epoch 20/100 - Validation Loss: 1.2239
Epoch 21/100 - Validation Loss: 1.2187
Epoch 22/100 - Validation Loss: 1.2107
Epoch 23/100 - Validation Loss: 1.2040
Epoch 24/100 - Validation Loss: 1.1968
Epoch 25/100 - Validation Loss: 1.1914
Epoch 26/100 - Validation Loss: 1.1843
Epoch 27/100 - Validation Loss: 1.1793
Epoch 28/100 - Validation Loss: 1.1737
Epoch 29/100 - Validation Loss: 1.1668
Epoch 30/100 - Validation Loss: 1.1615
Epoch 31/100 - Validation Loss: 1.1555
Epoch 32/100 - Validation Loss: 1.1507
Epoch 33/100 - Validation Loss: 1.1452
Epoch 34/100 - Validation Loss: 1.1398
Epoch 35/100 - Validation Loss: 1.1351
Epoch 36/100 - Validation Loss: 1.1294
Epoch 37/100 - Validation Loss: 1.1249
Epoch 38/100 - Validation Loss: 1.1194
Epoch 39/100 - Validation Loss: 1.1149
Epoch 40/100 - Validation Loss: 1.1105
Epoch 41/100 - Validation Loss: 1.1057
Epoch 42/100 - Validation Loss: 1.1013
Epoch 43/100 - Validation Loss: 1.0971
Epoch 44/100 - Validation Loss: 1.0925
Epoch 45/100 - Validation Loss: 1.0882
Epoch 46/100 - Validation Loss: 1.0839
Epoch 47/100 - Validation Loss: 1.0802
Epoch 48/100 - Validation Loss: 1.0769
Epoch 49/100 - Validation Loss: 1.0721
Epoch 50/100 - Validation Loss: 1.0683
Epoch 51/100 - Validation Loss: 1.0647
Epoch 52/100 - Validation Loss: 1.0607
Epoch 53/100 - Validation Loss: 1.0575
Epoch 54/100 - Validation Loss: 1.0538
Epoch 55/100 - Validation Loss: 1.0498
Epoch 56/100 - Validation Loss: 1.0476
Epoch 57/100 - Validation Loss: 1.0437
Epoch 58/100 - Validation Loss: 1.0406
Epoch 59/100 - Validation Loss: 1.0372
Epoch 60/100 - Validation Loss: 1.0336
Epoch 61/100 - Validation Loss: 1.0300
Epoch 62/100 - Validation Loss: 1.0282
Epoch 63/100 - Validation Loss: 1.0241
Epoch 64/100 - Validation Loss: 1.0218
Epoch 65/100 - Validation Loss: 1.0191
Epoch 66/100 - Validation Loss: 1.0157
Epoch 67/100 - Validation Loss: 1.0126
Epoch 68/100 - Validation Loss: 1.0098
Epoch 69/100 - Validation Loss: 1.0074
Epoch 70/100 - Validation Loss: 1.0042
Epoch 71/100 - Validation Loss: 1.0015
Epoch 72/100 - Validation Loss: 0.9996
Epoch 73/100 - Validation Loss: 0.9965
Epoch 74/100 - Validation Loss: 0.9942
Epoch 75/100 - Validation Loss: 0.9916
Epoch 76/100 - Validation Loss: 0.9890
Epoch 77/100 - Validation Loss: 0.9865
Epoch 78/100 - Validation Loss: 0.9847
Epoch 79/100 - Validation Loss: 0.9816
Epoch 80/100 - Validation Loss: 0.9790
Epoch 81/100 - Validation Loss: 0.9769
Epoch 82/100 - Validation Loss: 0.9756
Epoch 83/100 - Validation Loss: 0.9725
Epoch 84/100 - Validation Loss: 0.9705
Epoch 85/100 - Validation Loss: 0.9680
Epoch 86/100 - Validation Loss: 0.9663
Epoch 87/100 - Validation Loss: 0.9642
Epoch 88/100 - Validation Loss: 0.9617
Epoch 89/100 - Validation Loss: 0.9597
Epoch 90/100 - Validation Loss: 0.9581
Epoch 91/100 - Validation Loss: 0.9558
Epoch 92/100 - Validation Loss: 0.9535
Epoch 93/100 - Validation Loss: 0.9518
Epoch 94/100 - Validation Loss: 0.9503
Epoch 95/100 - Validation Loss: 0.9478
Epoch 96/100 - Validation Loss: 0.9459
Epoch 97/100 - Validation Loss: 0.9440
Epoch 98/100 - Validation Loss: 0.9420
Epoch 99/100 - Validation Loss: 0.9408
Epoch 100/100 - Validation Loss: 0.9387
Best AUC: 0.8691535074672194

--- Run 2/5 for shift 0.8 ---
Train Shape: (11710, 1028)
Val Shape: (1302, 1028)
Test Shape: (3254, 1028)
Training Early Fusion Model:
The number of parameters of the model are: 1025
Epoch 1/100 - Validation Loss: 1.3554
Epoch 2/100 - Validation Loss: 1.3445
Epoch 3/100 - Validation Loss: 1.3356
Epoch 4/100 - Validation Loss: 1.3263
Epoch 5/100 - Validation Loss: 1.3171
Epoch 6/100 - Validation Loss: 1.3083
Epoch 7/100 - Validation Loss: 1.2999
Epoch 8/100 - Validation Loss: 1.2922
Epoch 9/100 - Validation Loss: 1.2842
Epoch 10/100 - Validation Loss: 1.2767
Epoch 11/100 - Validation Loss: 1.2682
Epoch 12/100 - Validation Loss: 1.2607
Epoch 13/100 - Validation Loss: 1.2536
Epoch 14/100 - Validation Loss: 1.2476
Epoch 15/100 - Validation Loss: 1.2396
Epoch 16/100 - Validation Loss: 1.2333
Epoch 17/100 - Validation Loss: 1.2273
Epoch 18/100 - Validation Loss: 1.2196
Epoch 19/100 - Validation Loss: 1.2138
Epoch 20/100 - Validation Loss: 1.2081
Epoch 21/100 - Validation Loss: 1.2020
Epoch 22/100 - Validation Loss: 1.1967
Epoch 23/100 - Validation Loss: 1.1900
Epoch 24/100 - Validation Loss: 1.1853
Epoch 25/100 - Validation Loss: 1.1794
Epoch 26/100 - Validation Loss: 1.1743
Epoch 27/100 - Validation Loss: 1.1688
Epoch 28/100 - Validation Loss: 1.1639
Epoch 29/100 - Validation Loss: 1.1586
Epoch 30/100 - Validation Loss: 1.1537
Epoch 31/100 - Validation Loss: 1.1488
Epoch 32/100 - Validation Loss: 1.1450
Epoch 33/100 - Validation Loss: 1.1397
Epoch 34/100 - Validation Loss: 1.1363
Epoch 35/100 - Validation Loss: 1.1311
Epoch 36/100 - Validation Loss: 1.1258
Epoch 37/100 - Validation Loss: 1.1233
Epoch 38/100 - Validation Loss: 1.1184
Epoch 39/100 - Validation Loss: 1.1145
Epoch 40/100 - Validation Loss: 1.1105
Epoch 41/100 - Validation Loss: 1.1067
Epoch 42/100 - Validation Loss: 1.1039
Epoch 43/100 - Validation Loss: 1.0990
Epoch 44/100 - Validation Loss: 1.0963
Epoch 45/100 - Validation Loss: 1.0917
Epoch 46/100 - Validation Loss: 1.0888
Epoch 47/100 - Validation Loss: 1.0857
Epoch 48/100 - Validation Loss: 1.0822
Epoch 49/100 - Validation Loss: 1.0787
Epoch 50/100 - Validation Loss: 1.0751
Epoch 51/100 - Validation Loss: 1.0729
Epoch 52/100 - Validation Loss: 1.0678
Epoch 53/100 - Validation Loss: 1.0656
Epoch 54/100 - Validation Loss: 1.0633
Epoch 55/100 - Validation Loss: 1.0605
Epoch 56/100 - Validation Loss: 1.0573
Epoch 57/100 - Validation Loss: 1.0550
Epoch 58/100 - Validation Loss: 1.0516
Epoch 59/100 - Validation Loss: 1.0493
Epoch 60/100 - Validation Loss: 1.0468
Epoch 61/100 - Validation Loss: 1.0445
Epoch 62/100 - Validation Loss: 1.0419
Epoch 63/100 - Validation Loss: 1.0398
Epoch 64/100 - Validation Loss: 1.0357
Epoch 65/100 - Validation Loss: 1.0337
Epoch 66/100 - Validation Loss: 1.0318
Epoch 67/100 - Validation Loss: 1.0302
Epoch 68/100 - Validation Loss: 1.0269
Epoch 69/100 - Validation Loss: 1.0251
Epoch 70/100 - Validation Loss: 1.0227
Epoch 71/100 - Validation Loss: 1.0200
Epoch 72/100 - Validation Loss: 1.0185
Epoch 73/100 - Validation Loss: 1.0158
Epoch 74/100 - Validation Loss: 1.0148
Epoch 75/100 - Validation Loss: 1.0110
Epoch 76/100 - Validation Loss: 1.0104
Epoch 77/100 - Validation Loss: 1.0082
Epoch 78/100 - Validation Loss: 1.0054
Epoch 79/100 - Validation Loss: 1.0043
Epoch 80/100 - Validation Loss: 1.0017
Epoch 81/100 - Validation Loss: 1.0002
Epoch 82/100 - Validation Loss: 0.9989
Epoch 83/100 - Validation Loss: 0.9969
Epoch 84/100 - Validation Loss: 0.9940
Epoch 85/100 - Validation Loss: 0.9932
Epoch 86/100 - Validation Loss: 0.9912
Epoch 87/100 - Validation Loss: 0.9901
Epoch 88/100 - Validation Loss: 0.9875
Epoch 89/100 - Validation Loss: 0.9864
Epoch 90/100 - Validation Loss: 0.9843
Epoch 91/100 - Validation Loss: 0.9824
Epoch 92/100 - Validation Loss: 0.9810
Epoch 93/100 - Validation Loss: 0.9800
Epoch 94/100 - Validation Loss: 0.9782
Epoch 95/100 - Validation Loss: 0.9765
Epoch 96/100 - Validation Loss: 0.9748
Epoch 97/100 - Validation Loss: 0.9735
Epoch 98/100 - Validation Loss: 0.9722
Epoch 99/100 - Validation Loss: 0.9700
Epoch 100/100 - Validation Loss: 0.9690
Best AUC: 0.8701814279684708

--- Run 3/5 for shift 0.8 ---
Train Shape: (11710, 1028)
Val Shape: (1302, 1028)
Test Shape: (3254, 1028)
Training Early Fusion Model:
The number of parameters of the model are: 1025
Epoch 1/100 - Validation Loss: 1.2740
Epoch 2/100 - Validation Loss: 1.2653
Epoch 3/100 - Validation Loss: 1.2569
Epoch 4/100 - Validation Loss: 1.2488
Epoch 5/100 - Validation Loss: 1.2407
Epoch 6/100 - Validation Loss: 1.2329
Epoch 7/100 - Validation Loss: 1.2254
Epoch 8/100 - Validation Loss: 1.2180
Epoch 9/100 - Validation Loss: 1.2108
Epoch 10/100 - Validation Loss: 1.2038
Epoch 11/100 - Validation Loss: 1.1973
Epoch 12/100 - Validation Loss: 1.1904
Epoch 13/100 - Validation Loss: 1.1841
Epoch 14/100 - Validation Loss: 1.1776
Epoch 15/100 - Validation Loss: 1.1716
Epoch 16/100 - Validation Loss: 1.1656
Epoch 17/100 - Validation Loss: 1.1598
Epoch 18/100 - Validation Loss: 1.1541
Epoch 19/100 - Validation Loss: 1.1485
Epoch 20/100 - Validation Loss: 1.1431
Epoch 21/100 - Validation Loss: 1.1379
Epoch 22/100 - Validation Loss: 1.1326
Epoch 23/100 - Validation Loss: 1.1277
Epoch 24/100 - Validation Loss: 1.1228
Epoch 25/100 - Validation Loss: 1.1181
Epoch 26/100 - Validation Loss: 1.1134
Epoch 27/100 - Validation Loss: 1.1090
Epoch 28/100 - Validation Loss: 1.1045
Epoch 29/100 - Validation Loss: 1.1002
Epoch 30/100 - Validation Loss: 1.0960
Epoch 31/100 - Validation Loss: 1.0919
Epoch 32/100 - Validation Loss: 1.0878
Epoch 33/100 - Validation Loss: 1.0841
Epoch 34/100 - Validation Loss: 1.0801
Epoch 35/100 - Validation Loss: 1.0763
Epoch 36/100 - Validation Loss: 1.0729
Epoch 37/100 - Validation Loss: 1.0692
Epoch 38/100 - Validation Loss: 1.0658
Epoch 39/100 - Validation Loss: 1.0623
Epoch 40/100 - Validation Loss: 1.0591
Epoch 41/100 - Validation Loss: 1.0557
Epoch 42/100 - Validation Loss: 1.0525
Epoch 43/100 - Validation Loss: 1.0495
Epoch 44/100 - Validation Loss: 1.0464
Epoch 45/100 - Validation Loss: 1.0433
Epoch 46/100 - Validation Loss: 1.0405
Epoch 47/100 - Validation Loss: 1.0377
Epoch 48/100 - Validation Loss: 1.0349
Epoch 49/100 - Validation Loss: 1.0321
Epoch 50/100 - Validation Loss: 1.0294
Epoch 51/100 - Validation Loss: 1.0269
Epoch 52/100 - Validation Loss: 1.0241
Epoch 53/100 - Validation Loss: 1.0217
Epoch 54/100 - Validation Loss: 1.0191
Epoch 55/100 - Validation Loss: 1.0169
Epoch 56/100 - Validation Loss: 1.0144
Epoch 57/100 - Validation Loss: 1.0119
Epoch 58/100 - Validation Loss: 1.0098
Epoch 59/100 - Validation Loss: 1.0073
Epoch 60/100 - Validation Loss: 1.0052
Epoch 61/100 - Validation Loss: 1.0031
Epoch 62/100 - Validation Loss: 1.0013
Epoch 63/100 - Validation Loss: 0.9988
Epoch 64/100 - Validation Loss: 0.9968
Epoch 65/100 - Validation Loss: 0.9947
Epoch 66/100 - Validation Loss: 0.9929
Epoch 67/100 - Validation Loss: 0.9908
Epoch 68/100 - Validation Loss: 0.9889
Epoch 69/100 - Validation Loss: 0.9869
Epoch 70/100 - Validation Loss: 0.9853
Epoch 71/100 - Validation Loss: 0.9833
Epoch 72/100 - Validation Loss: 0.9816
Epoch 73/100 - Validation Loss: 0.9799
Epoch 74/100 - Validation Loss: 0.9780
Epoch 75/100 - Validation Loss: 0.9763
Epoch 76/100 - Validation Loss: 0.9747
Epoch 77/100 - Validation Loss: 0.9728
Epoch 78/100 - Validation Loss: 0.9715
Epoch 79/100 - Validation Loss: 0.9696
Epoch 80/100 - Validation Loss: 0.9685
Epoch 81/100 - Validation Loss: 0.9668
Epoch 82/100 - Validation Loss: 0.9650
Epoch 83/100 - Validation Loss: 0.9635
Epoch 84/100 - Validation Loss: 0.9622
Epoch 85/100 - Validation Loss: 0.9608
Epoch 86/100 - Validation Loss: 0.9593
Epoch 87/100 - Validation Loss: 0.9577
Epoch 88/100 - Validation Loss: 0.9563
Epoch 89/100 - Validation Loss: 0.9548
Epoch 90/100 - Validation Loss: 0.9537
Epoch 91/100 - Validation Loss: 0.9523
Epoch 92/100 - Validation Loss: 0.9512
Epoch 93/100 - Validation Loss: 0.9496
Epoch 94/100 - Validation Loss: 0.9486
Epoch 95/100 - Validation Loss: 0.9471
Epoch 96/100 - Validation Loss: 0.9458
Epoch 97/100 - Validation Loss: 0.9447
Epoch 98/100 - Validation Loss: 0.9437
Epoch 99/100 - Validation Loss: 0.9425
Epoch 100/100 - Validation Loss: 0.9409
Best AUC: 0.8701938876109103

--- Run 4/5 for shift 0.8 ---
Train Shape: (11710, 1028)
Val Shape: (1302, 1028)
Test Shape: (3254, 1028)
Training Early Fusion Model:
The number of parameters of the model are: 1025
Epoch 1/100 - Validation Loss: 1.4459
Epoch 2/100 - Validation Loss: 1.4347
Epoch 3/100 - Validation Loss: 1.4265
Epoch 4/100 - Validation Loss: 1.4147
Epoch 5/100 - Validation Loss: 1.4040
Epoch 6/100 - Validation Loss: 1.3934
Epoch 7/100 - Validation Loss: 1.3824
Epoch 8/100 - Validation Loss: 1.3724
Epoch 9/100 - Validation Loss: 1.3633
Epoch 10/100 - Validation Loss: 1.3538
Epoch 11/100 - Validation Loss: 1.3431
Epoch 12/100 - Validation Loss: 1.3355
Epoch 13/100 - Validation Loss: 1.3235
Epoch 14/100 - Validation Loss: 1.3180
Epoch 15/100 - Validation Loss: 1.3081
Epoch 16/100 - Validation Loss: 1.2988
Epoch 17/100 - Validation Loss: 1.2917
Epoch 18/100 - Validation Loss: 1.2847
Epoch 19/100 - Validation Loss: 1.2769
Epoch 20/100 - Validation Loss: 1.2685
Epoch 21/100 - Validation Loss: 1.2631
Epoch 22/100 - Validation Loss: 1.2535
Epoch 23/100 - Validation Loss: 1.2477
Epoch 24/100 - Validation Loss: 1.2401
Epoch 25/100 - Validation Loss: 1.2330
Epoch 26/100 - Validation Loss: 1.2277
Epoch 27/100 - Validation Loss: 1.2207
Epoch 28/100 - Validation Loss: 1.2141
Epoch 29/100 - Validation Loss: 1.2093
Epoch 30/100 - Validation Loss: 1.2040
Epoch 31/100 - Validation Loss: 1.1956
Epoch 32/100 - Validation Loss: 1.1911
Epoch 33/100 - Validation Loss: 1.1848
Epoch 34/100 - Validation Loss: 1.1805
Epoch 35/100 - Validation Loss: 1.1753
Epoch 36/100 - Validation Loss: 1.1701
Epoch 37/100 - Validation Loss: 1.1647
Epoch 38/100 - Validation Loss: 1.1594
Epoch 39/100 - Validation Loss: 1.1555
Epoch 40/100 - Validation Loss: 1.1485
Epoch 41/100 - Validation Loss: 1.1471
Epoch 42/100 - Validation Loss: 1.1411
Epoch 43/100 - Validation Loss: 1.1356
Epoch 44/100 - Validation Loss: 1.1309
Epoch 45/100 - Validation Loss: 1.1271
Epoch 46/100 - Validation Loss: 1.1235
Epoch 47/100 - Validation Loss: 1.1188
Epoch 48/100 - Validation Loss: 1.1151
Epoch 49/100 - Validation Loss: 1.1108
Epoch 50/100 - Validation Loss: 1.1066
Epoch 51/100 - Validation Loss: 1.1025
Epoch 52/100 - Validation Loss: 1.0993
Epoch 53/100 - Validation Loss: 1.0963
Epoch 54/100 - Validation Loss: 1.0924
Epoch 55/100 - Validation Loss: 1.0876
Epoch 56/100 - Validation Loss: 1.0847
Epoch 57/100 - Validation Loss: 1.0818
Epoch 58/100 - Validation Loss: 1.0786
Epoch 59/100 - Validation Loss: 1.0748
Epoch 60/100 - Validation Loss: 1.0708
Epoch 61/100 - Validation Loss: 1.0685
Epoch 62/100 - Validation Loss: 1.0653
Epoch 63/100 - Validation Loss: 1.0622
Epoch 64/100 - Validation Loss: 1.0592
Epoch 65/100 - Validation Loss: 1.0565
Epoch 66/100 - Validation Loss: 1.0529
Epoch 67/100 - Validation Loss: 1.0497
Epoch 68/100 - Validation Loss: 1.0472
Epoch 69/100 - Validation Loss: 1.0453
Epoch 70/100 - Validation Loss: 1.0413
Epoch 71/100 - Validation Loss: 1.0387
Epoch 72/100 - Validation Loss: 1.0368
Epoch 73/100 - Validation Loss: 1.0338
Epoch 74/100 - Validation Loss: 1.0301
Epoch 75/100 - Validation Loss: 1.0292
Epoch 76/100 - Validation Loss: 1.0265
Epoch 77/100 - Validation Loss: 1.0234
Epoch 78/100 - Validation Loss: 1.0218
Epoch 79/100 - Validation Loss: 1.0186
Epoch 80/100 - Validation Loss: 1.0169
Epoch 81/100 - Validation Loss: 1.0144
Epoch 82/100 - Validation Loss: 1.0125
Epoch 83/100 - Validation Loss: 1.0098
Epoch 84/100 - Validation Loss: 1.0067
Epoch 85/100 - Validation Loss: 1.0056
Epoch 86/100 - Validation Loss: 1.0035
Epoch 87/100 - Validation Loss: 1.0013
Epoch 88/100 - Validation Loss: 0.9999
Epoch 89/100 - Validation Loss: 0.9964
Epoch 90/100 - Validation Loss: 0.9953
Epoch 91/100 - Validation Loss: 0.9921
Epoch 92/100 - Validation Loss: 0.9910
Epoch 93/100 - Validation Loss: 0.9895
Epoch 94/100 - Validation Loss: 0.9870
Epoch 95/100 - Validation Loss: 0.9855
Epoch 96/100 - Validation Loss: 0.9825
Epoch 97/100 - Validation Loss: 0.9806
Epoch 98/100 - Validation Loss: 0.9793
Epoch 99/100 - Validation Loss: 0.9775
Epoch 100/100 - Validation Loss: 0.9769
Best AUC: 0.8682486259350572

--- Run 5/5 for shift 0.8 ---
Train Shape: (11710, 1028)
Val Shape: (1302, 1028)
Test Shape: (3254, 1028)
Training Early Fusion Model:
The number of parameters of the model are: 1025
Epoch 1/100 - Validation Loss: 1.3060
Epoch 2/100 - Validation Loss: 1.2976
Epoch 3/100 - Validation Loss: 1.2886
Epoch 4/100 - Validation Loss: 1.2805
Epoch 5/100 - Validation Loss: 1.2722
Epoch 6/100 - Validation Loss: 1.2643
Epoch 7/100 - Validation Loss: 1.2566
Epoch 8/100 - Validation Loss: 1.2488
Epoch 9/100 - Validation Loss: 1.2414
Epoch 10/100 - Validation Loss: 1.2344
Epoch 11/100 - Validation Loss: 1.2274
Epoch 12/100 - Validation Loss: 1.2202
Epoch 13/100 - Validation Loss: 1.2133
Epoch 14/100 - Validation Loss: 1.2071
Epoch 15/100 - Validation Loss: 1.2013
Epoch 16/100 - Validation Loss: 1.1944
Epoch 17/100 - Validation Loss: 1.1883
Epoch 18/100 - Validation Loss: 1.1829
Epoch 19/100 - Validation Loss: 1.1771
Epoch 20/100 - Validation Loss: 1.1712
Epoch 21/100 - Validation Loss: 1.1663
Epoch 22/100 - Validation Loss: 1.1606
Epoch 23/100 - Validation Loss: 1.1554
Epoch 24/100 - Validation Loss: 1.1508
Epoch 25/100 - Validation Loss: 1.1457
Epoch 26/100 - Validation Loss: 1.1407
Epoch 27/100 - Validation Loss: 1.1362
Epoch 28/100 - Validation Loss: 1.1313
Epoch 29/100 - Validation Loss: 1.1271
Epoch 30/100 - Validation Loss: 1.1230
Epoch 31/100 - Validation Loss: 1.1186
Epoch 32/100 - Validation Loss: 1.1141
Epoch 33/100 - Validation Loss: 1.1100
Epoch 34/100 - Validation Loss: 1.1060
Epoch 35/100 - Validation Loss: 1.1021
Epoch 36/100 - Validation Loss: 1.0987
Epoch 37/100 - Validation Loss: 1.0948
Epoch 38/100 - Validation Loss: 1.0908
Epoch 39/100 - Validation Loss: 1.0874
Epoch 40/100 - Validation Loss: 1.0840
Epoch 41/100 - Validation Loss: 1.0808
Epoch 42/100 - Validation Loss: 1.0773
Epoch 43/100 - Validation Loss: 1.0739
Epoch 44/100 - Validation Loss: 1.0704
Epoch 45/100 - Validation Loss: 1.0679
Epoch 46/100 - Validation Loss: 1.0648
Epoch 47/100 - Validation Loss: 1.0615
Epoch 48/100 - Validation Loss: 1.0586
Epoch 49/100 - Validation Loss: 1.0556
Epoch 50/100 - Validation Loss: 1.0535
Epoch 51/100 - Validation Loss: 1.0501
Epoch 52/100 - Validation Loss: 1.0474
Epoch 53/100 - Validation Loss: 1.0453
Epoch 54/100 - Validation Loss: 1.0424
Epoch 55/100 - Validation Loss: 1.0397
Epoch 56/100 - Validation Loss: 1.0374
Epoch 57/100 - Validation Loss: 1.0356
Epoch 58/100 - Validation Loss: 1.0326
Epoch 59/100 - Validation Loss: 1.0302
Epoch 60/100 - Validation Loss: 1.0278
Epoch 61/100 - Validation Loss: 1.0259
Epoch 62/100 - Validation Loss: 1.0245
Epoch 63/100 - Validation Loss: 1.0214
Epoch 64/100 - Validation Loss: 1.0189
Epoch 65/100 - Validation Loss: 1.0176
Epoch 66/100 - Validation Loss: 1.0151
Epoch 67/100 - Validation Loss: 1.0134
Epoch 68/100 - Validation Loss: 1.0110
Epoch 69/100 - Validation Loss: 1.0096
Epoch 70/100 - Validation Loss: 1.0075
Epoch 71/100 - Validation Loss: 1.0058
Epoch 72/100 - Validation Loss: 1.0036
Epoch 73/100 - Validation Loss: 1.0016
Epoch 74/100 - Validation Loss: 1.0001
Epoch 75/100 - Validation Loss: 0.9984
Epoch 76/100 - Validation Loss: 0.9967
Epoch 77/100 - Validation Loss: 0.9951
Epoch 78/100 - Validation Loss: 0.9931
Epoch 79/100 - Validation Loss: 0.9920
Epoch 80/100 - Validation Loss: 0.9901
Epoch 81/100 - Validation Loss: 0.9889
Epoch 82/100 - Validation Loss: 0.9868
Epoch 83/100 - Validation Loss: 0.9855
Epoch 84/100 - Validation Loss: 0.9838
Epoch 85/100 - Validation Loss: 0.9822
Epoch 86/100 - Validation Loss: 0.9808
Epoch 87/100 - Validation Loss: 0.9799
Epoch 88/100 - Validation Loss: 0.9779
Epoch 89/100 - Validation Loss: 0.9769
Epoch 90/100 - Validation Loss: 0.9752
Epoch 91/100 - Validation Loss: 0.9743
Epoch 92/100 - Validation Loss: 0.9721
Epoch 93/100 - Validation Loss: 0.9710
Epoch 94/100 - Validation Loss: 0.9701
Epoch 95/100 - Validation Loss: 0.9685
Epoch 96/100 - Validation Loss: 0.9671
Epoch 97/100 - Validation Loss: 0.9661
Epoch 98/100 - Validation Loss: 0.9647
Epoch 99/100 - Validation Loss: 0.9638
Epoch 100/100 - Validation Loss: 0.9623
Best AUC: 0.868465112222442
##################################################  Shift 0.9  ##################################################
Subsampling 16266 data points to 5000 for cleaner visualization.

--- Run 1/5 for shift 0.9 ---
Train Shape: (11710, 1028)
Val Shape: (1302, 1028)
Test Shape: (3254, 1028)
Training Early Fusion Model:
The number of parameters of the model are: 1025
Epoch 1/100 - Validation Loss: 1.3900
Epoch 2/100 - Validation Loss: 1.3785
Epoch 3/100 - Validation Loss: 1.3675
Epoch 4/100 - Validation Loss: 1.3586
Epoch 5/100 - Validation Loss: 1.3492
Epoch 6/100 - Validation Loss: 1.3386
Epoch 7/100 - Validation Loss: 1.3290
Epoch 8/100 - Validation Loss: 1.3215
Epoch 9/100 - Validation Loss: 1.3110
Epoch 10/100 - Validation Loss: 1.3022
Epoch 11/100 - Validation Loss: 1.2938
Epoch 12/100 - Validation Loss: 1.2848
Epoch 13/100 - Validation Loss: 1.2759
Epoch 14/100 - Validation Loss: 1.2690
Epoch 15/100 - Validation Loss: 1.2618
Epoch 16/100 - Validation Loss: 1.2531
Epoch 17/100 - Validation Loss: 1.2459
Epoch 18/100 - Validation Loss: 1.2379
Epoch 19/100 - Validation Loss: 1.2308
Epoch 20/100 - Validation Loss: 1.2232
Epoch 21/100 - Validation Loss: 1.2179
Epoch 22/100 - Validation Loss: 1.2098
Epoch 23/100 - Validation Loss: 1.2031
Epoch 24/100 - Validation Loss: 1.1959
Epoch 25/100 - Validation Loss: 1.1905
Epoch 26/100 - Validation Loss: 1.1834
Epoch 27/100 - Validation Loss: 1.1784
Epoch 28/100 - Validation Loss: 1.1728
Epoch 29/100 - Validation Loss: 1.1659
Epoch 30/100 - Validation Loss: 1.1605
Epoch 31/100 - Validation Loss: 1.1546
Epoch 32/100 - Validation Loss: 1.1497
Epoch 33/100 - Validation Loss: 1.1442
Epoch 34/100 - Validation Loss: 1.1388
Epoch 35/100 - Validation Loss: 1.1341
Epoch 36/100 - Validation Loss: 1.1284
Epoch 37/100 - Validation Loss: 1.1239
Epoch 38/100 - Validation Loss: 1.1184
Epoch 39/100 - Validation Loss: 1.1138
Epoch 40/100 - Validation Loss: 1.1094
Epoch 41/100 - Validation Loss: 1.1047
Epoch 42/100 - Validation Loss: 1.1003
Epoch 43/100 - Validation Loss: 1.0960
Epoch 44/100 - Validation Loss: 1.0915
Epoch 45/100 - Validation Loss: 1.0872
Epoch 46/100 - Validation Loss: 1.0829
Epoch 47/100 - Validation Loss: 1.0791
Epoch 48/100 - Validation Loss: 1.0758
Epoch 49/100 - Validation Loss: 1.0710
Epoch 50/100 - Validation Loss: 1.0672
Epoch 51/100 - Validation Loss: 1.0636
Epoch 52/100 - Validation Loss: 1.0596
Epoch 53/100 - Validation Loss: 1.0564
Epoch 54/100 - Validation Loss: 1.0527
Epoch 55/100 - Validation Loss: 1.0487
Epoch 56/100 - Validation Loss: 1.0465
Epoch 57/100 - Validation Loss: 1.0426
Epoch 58/100 - Validation Loss: 1.0395
Epoch 59/100 - Validation Loss: 1.0361
Epoch 60/100 - Validation Loss: 1.0325
Epoch 61/100 - Validation Loss: 1.0289
Epoch 62/100 - Validation Loss: 1.0271
Epoch 63/100 - Validation Loss: 1.0230
Epoch 64/100 - Validation Loss: 1.0207
Epoch 65/100 - Validation Loss: 1.0180
Epoch 66/100 - Validation Loss: 1.0146
Epoch 67/100 - Validation Loss: 1.0115
Epoch 68/100 - Validation Loss: 1.0087
Epoch 69/100 - Validation Loss: 1.0063
Epoch 70/100 - Validation Loss: 1.0031
Epoch 71/100 - Validation Loss: 1.0004
Epoch 72/100 - Validation Loss: 0.9985
Epoch 73/100 - Validation Loss: 0.9953
Epoch 74/100 - Validation Loss: 0.9931
Epoch 75/100 - Validation Loss: 0.9904
Epoch 76/100 - Validation Loss: 0.9879
Epoch 77/100 - Validation Loss: 0.9854
Epoch 78/100 - Validation Loss: 0.9836
Epoch 79/100 - Validation Loss: 0.9805
Epoch 80/100 - Validation Loss: 0.9779
Epoch 81/100 - Validation Loss: 0.9758
Epoch 82/100 - Validation Loss: 0.9745
Epoch 83/100 - Validation Loss: 0.9714
Epoch 84/100 - Validation Loss: 0.9694
Epoch 85/100 - Validation Loss: 0.9669
Epoch 86/100 - Validation Loss: 0.9652
Epoch 87/100 - Validation Loss: 0.9631
Epoch 88/100 - Validation Loss: 0.9606
Epoch 89/100 - Validation Loss: 0.9586
Epoch 90/100 - Validation Loss: 0.9570
Epoch 91/100 - Validation Loss: 0.9547
Epoch 92/100 - Validation Loss: 0.9524
Epoch 93/100 - Validation Loss: 0.9507
Epoch 94/100 - Validation Loss: 0.9492
Epoch 95/100 - Validation Loss: 0.9467
Epoch 96/100 - Validation Loss: 0.9448
Epoch 97/100 - Validation Loss: 0.9429
Epoch 98/100 - Validation Loss: 0.9409
Epoch 99/100 - Validation Loss: 0.9397
Epoch 100/100 - Validation Loss: 0.9376
Best AUC: 0.8691036688974618

--- Run 2/5 for shift 0.9 ---
Train Shape: (11710, 1028)
Val Shape: (1302, 1028)
Test Shape: (3254, 1028)
Training Early Fusion Model:
The number of parameters of the model are: 1025
Epoch 1/100 - Validation Loss: 1.3553
Epoch 2/100 - Validation Loss: 1.3444
Epoch 3/100 - Validation Loss: 1.3354
Epoch 4/100 - Validation Loss: 1.3260
Epoch 5/100 - Validation Loss: 1.3169
Epoch 6/100 - Validation Loss: 1.3080
Epoch 7/100 - Validation Loss: 1.2995
Epoch 8/100 - Validation Loss: 1.2918
Epoch 9/100 - Validation Loss: 1.2838
Epoch 10/100 - Validation Loss: 1.2763
Epoch 11/100 - Validation Loss: 1.2677
Epoch 12/100 - Validation Loss: 1.2602
Epoch 13/100 - Validation Loss: 1.2531
Epoch 14/100 - Validation Loss: 1.2470
Epoch 15/100 - Validation Loss: 1.2390
Epoch 16/100 - Validation Loss: 1.2327
Epoch 17/100 - Validation Loss: 1.2267
Epoch 18/100 - Validation Loss: 1.2189
Epoch 19/100 - Validation Loss: 1.2131
Epoch 20/100 - Validation Loss: 1.2074
Epoch 21/100 - Validation Loss: 1.2013
Epoch 22/100 - Validation Loss: 1.1960
Epoch 23/100 - Validation Loss: 1.1892
Epoch 24/100 - Validation Loss: 1.1846
Epoch 25/100 - Validation Loss: 1.1786
Epoch 26/100 - Validation Loss: 1.1735
Epoch 27/100 - Validation Loss: 1.1680
Epoch 28/100 - Validation Loss: 1.1631
Epoch 29/100 - Validation Loss: 1.1578
Epoch 30/100 - Validation Loss: 1.1529
Epoch 31/100 - Validation Loss: 1.1480
Epoch 32/100 - Validation Loss: 1.1442
Epoch 33/100 - Validation Loss: 1.1388
Epoch 34/100 - Validation Loss: 1.1355
Epoch 35/100 - Validation Loss: 1.1303
Epoch 36/100 - Validation Loss: 1.1249
Epoch 37/100 - Validation Loss: 1.1224
Epoch 38/100 - Validation Loss: 1.1175
Epoch 39/100 - Validation Loss: 1.1136
Epoch 40/100 - Validation Loss: 1.1096
Epoch 41/100 - Validation Loss: 1.1058
Epoch 42/100 - Validation Loss: 1.1031
Epoch 43/100 - Validation Loss: 1.0981
Epoch 44/100 - Validation Loss: 1.0954
Epoch 45/100 - Validation Loss: 1.0908
Epoch 46/100 - Validation Loss: 1.0879
Epoch 47/100 - Validation Loss: 1.0848
Epoch 48/100 - Validation Loss: 1.0813
Epoch 49/100 - Validation Loss: 1.0778
Epoch 50/100 - Validation Loss: 1.0742
Epoch 51/100 - Validation Loss: 1.0720
Epoch 52/100 - Validation Loss: 1.0669
Epoch 53/100 - Validation Loss: 1.0647
Epoch 54/100 - Validation Loss: 1.0624
Epoch 55/100 - Validation Loss: 1.0596
Epoch 56/100 - Validation Loss: 1.0564
Epoch 57/100 - Validation Loss: 1.0541
Epoch 58/100 - Validation Loss: 1.0507
Epoch 59/100 - Validation Loss: 1.0484
Epoch 60/100 - Validation Loss: 1.0459
Epoch 61/100 - Validation Loss: 1.0436
Epoch 62/100 - Validation Loss: 1.0410
Epoch 63/100 - Validation Loss: 1.0389
Epoch 64/100 - Validation Loss: 1.0348
Epoch 65/100 - Validation Loss: 1.0328
Epoch 66/100 - Validation Loss: 1.0309
Epoch 67/100 - Validation Loss: 1.0293
Epoch 68/100 - Validation Loss: 1.0260
Epoch 69/100 - Validation Loss: 1.0242
Epoch 70/100 - Validation Loss: 1.0218
Epoch 71/100 - Validation Loss: 1.0192
Epoch 72/100 - Validation Loss: 1.0176
Epoch 73/100 - Validation Loss: 1.0149
Epoch 74/100 - Validation Loss: 1.0139
Epoch 75/100 - Validation Loss: 1.0102
Epoch 76/100 - Validation Loss: 1.0095
Epoch 77/100 - Validation Loss: 1.0073
Epoch 78/100 - Validation Loss: 1.0045
Epoch 79/100 - Validation Loss: 1.0035
Epoch 80/100 - Validation Loss: 1.0009
Epoch 81/100 - Validation Loss: 0.9994
Epoch 82/100 - Validation Loss: 0.9981
Epoch 83/100 - Validation Loss: 0.9960
Epoch 84/100 - Validation Loss: 0.9931
Epoch 85/100 - Validation Loss: 0.9923
Epoch 86/100 - Validation Loss: 0.9904
Epoch 87/100 - Validation Loss: 0.9892
Epoch 88/100 - Validation Loss: 0.9867
Epoch 89/100 - Validation Loss: 0.9855
Epoch 90/100 - Validation Loss: 0.9834
Epoch 91/100 - Validation Loss: 0.9816
Epoch 92/100 - Validation Loss: 0.9801
Epoch 93/100 - Validation Loss: 0.9792
Epoch 94/100 - Validation Loss: 0.9774
Epoch 95/100 - Validation Loss: 0.9757
Epoch 96/100 - Validation Loss: 0.9740
Epoch 97/100 - Validation Loss: 0.9726
Epoch 98/100 - Validation Loss: 0.9714
Epoch 99/100 - Validation Loss: 0.9692
Epoch 100/100 - Validation Loss: 0.9681
Best AUC: 0.8700770784630407

--- Run 3/5 for shift 0.9 ---
Train Shape: (11710, 1028)
Val Shape: (1302, 1028)
Test Shape: (3254, 1028)
Training Early Fusion Model:
The number of parameters of the model are: 1025
Epoch 1/100 - Validation Loss: 1.2739
Epoch 2/100 - Validation Loss: 1.2652
Epoch 3/100 - Validation Loss: 1.2567
Epoch 4/100 - Validation Loss: 1.2486
Epoch 5/100 - Validation Loss: 1.2404
Epoch 6/100 - Validation Loss: 1.2326
Epoch 7/100 - Validation Loss: 1.2250
Epoch 8/100 - Validation Loss: 1.2176
Epoch 9/100 - Validation Loss: 1.2104
Epoch 10/100 - Validation Loss: 1.2033
Epoch 11/100 - Validation Loss: 1.1968
Epoch 12/100 - Validation Loss: 1.1899
Epoch 13/100 - Validation Loss: 1.1835
Epoch 14/100 - Validation Loss: 1.1771
Epoch 15/100 - Validation Loss: 1.1710
Epoch 16/100 - Validation Loss: 1.1650
Epoch 17/100 - Validation Loss: 1.1591
Epoch 18/100 - Validation Loss: 1.1534
Epoch 19/100 - Validation Loss: 1.1479
Epoch 20/100 - Validation Loss: 1.1424
Epoch 21/100 - Validation Loss: 1.1372
Epoch 22/100 - Validation Loss: 1.1319
Epoch 23/100 - Validation Loss: 1.1269
Epoch 24/100 - Validation Loss: 1.1220
Epoch 25/100 - Validation Loss: 1.1173
Epoch 26/100 - Validation Loss: 1.1127
Epoch 27/100 - Validation Loss: 1.1082
Epoch 28/100 - Validation Loss: 1.1037
Epoch 29/100 - Validation Loss: 1.0994
Epoch 30/100 - Validation Loss: 1.0952
Epoch 31/100 - Validation Loss: 1.0910
Epoch 32/100 - Validation Loss: 1.0870
Epoch 33/100 - Validation Loss: 1.0832
Epoch 34/100 - Validation Loss: 1.0793
Epoch 35/100 - Validation Loss: 1.0755
Epoch 36/100 - Validation Loss: 1.0720
Epoch 37/100 - Validation Loss: 1.0683
Epoch 38/100 - Validation Loss: 1.0650
Epoch 39/100 - Validation Loss: 1.0614
Epoch 40/100 - Validation Loss: 1.0582
Epoch 41/100 - Validation Loss: 1.0549
Epoch 42/100 - Validation Loss: 1.0516
Epoch 43/100 - Validation Loss: 1.0486
Epoch 44/100 - Validation Loss: 1.0455
Epoch 45/100 - Validation Loss: 1.0424
Epoch 46/100 - Validation Loss: 1.0396
Epoch 47/100 - Validation Loss: 1.0367
Epoch 48/100 - Validation Loss: 1.0340
Epoch 49/100 - Validation Loss: 1.0312
Epoch 50/100 - Validation Loss: 1.0284
Epoch 51/100 - Validation Loss: 1.0260
Epoch 52/100 - Validation Loss: 1.0231
Epoch 53/100 - Validation Loss: 1.0207
Epoch 54/100 - Validation Loss: 1.0182
Epoch 55/100 - Validation Loss: 1.0160
Epoch 56/100 - Validation Loss: 1.0134
Epoch 57/100 - Validation Loss: 1.0110
Epoch 58/100 - Validation Loss: 1.0089
Epoch 59/100 - Validation Loss: 1.0064
Epoch 60/100 - Validation Loss: 1.0043
Epoch 61/100 - Validation Loss: 1.0022
Epoch 62/100 - Validation Loss: 1.0003
Epoch 63/100 - Validation Loss: 0.9978
Epoch 64/100 - Validation Loss: 0.9959
Epoch 65/100 - Validation Loss: 0.9938
Epoch 66/100 - Validation Loss: 0.9919
Epoch 67/100 - Validation Loss: 0.9899
Epoch 68/100 - Validation Loss: 0.9879
Epoch 69/100 - Validation Loss: 0.9860
Epoch 70/100 - Validation Loss: 0.9844
Epoch 71/100 - Validation Loss: 0.9824
Epoch 72/100 - Validation Loss: 0.9807
Epoch 73/100 - Validation Loss: 0.9789
Epoch 74/100 - Validation Loss: 0.9770
Epoch 75/100 - Validation Loss: 0.9753
Epoch 76/100 - Validation Loss: 0.9738
Epoch 77/100 - Validation Loss: 0.9719
Epoch 78/100 - Validation Loss: 0.9705
Epoch 79/100 - Validation Loss: 0.9687
Epoch 80/100 - Validation Loss: 0.9675
Epoch 81/100 - Validation Loss: 0.9658
Epoch 82/100 - Validation Loss: 0.9640
Epoch 83/100 - Validation Loss: 0.9626
Epoch 84/100 - Validation Loss: 0.9612
Epoch 85/100 - Validation Loss: 0.9598
Epoch 86/100 - Validation Loss: 0.9584
Epoch 87/100 - Validation Loss: 0.9568
Epoch 88/100 - Validation Loss: 0.9554
Epoch 89/100 - Validation Loss: 0.9539
Epoch 90/100 - Validation Loss: 0.9528
Epoch 91/100 - Validation Loss: 0.9514
Epoch 92/100 - Validation Loss: 0.9503
Epoch 93/100 - Validation Loss: 0.9487
Epoch 94/100 - Validation Loss: 0.9477
Epoch 95/100 - Validation Loss: 0.9462
Epoch 96/100 - Validation Loss: 0.9449
Epoch 97/100 - Validation Loss: 0.9437
Epoch 98/100 - Validation Loss: 0.9428
Epoch 99/100 - Validation Loss: 0.9416
Epoch 100/100 - Validation Loss: 0.9400
Best AUC: 0.8701674108707265

--- Run 4/5 for shift 0.9 ---
Train Shape: (11710, 1028)
Val Shape: (1302, 1028)
Test Shape: (3254, 1028)
Training Early Fusion Model:
The number of parameters of the model are: 1025
Epoch 1/100 - Validation Loss: 1.4459
Epoch 2/100 - Validation Loss: 1.4346
Epoch 3/100 - Validation Loss: 1.4264
Epoch 4/100 - Validation Loss: 1.4144
Epoch 5/100 - Validation Loss: 1.4037
Epoch 6/100 - Validation Loss: 1.3931
Epoch 7/100 - Validation Loss: 1.3820
Epoch 8/100 - Validation Loss: 1.3720
Epoch 9/100 - Validation Loss: 1.3628
Epoch 10/100 - Validation Loss: 1.3533
Epoch 11/100 - Validation Loss: 1.3426
Epoch 12/100 - Validation Loss: 1.3349
Epoch 13/100 - Validation Loss: 1.3229
Epoch 14/100 - Validation Loss: 1.3173
Epoch 15/100 - Validation Loss: 1.3074
Epoch 16/100 - Validation Loss: 1.2980
Epoch 17/100 - Validation Loss: 1.2910
Epoch 18/100 - Validation Loss: 1.2839
Epoch 19/100 - Validation Loss: 1.2762
Epoch 20/100 - Validation Loss: 1.2676
Epoch 21/100 - Validation Loss: 1.2622
Epoch 22/100 - Validation Loss: 1.2526
Epoch 23/100 - Validation Loss: 1.2468
Epoch 24/100 - Validation Loss: 1.2392
Epoch 25/100 - Validation Loss: 1.2321
Epoch 26/100 - Validation Loss: 1.2268
Epoch 27/100 - Validation Loss: 1.2198
Epoch 28/100 - Validation Loss: 1.2131
Epoch 29/100 - Validation Loss: 1.2084
Epoch 30/100 - Validation Loss: 1.2030
Epoch 31/100 - Validation Loss: 1.1946
Epoch 32/100 - Validation Loss: 1.1901
Epoch 33/100 - Validation Loss: 1.1838
Epoch 34/100 - Validation Loss: 1.1795
Epoch 35/100 - Validation Loss: 1.1743
Epoch 36/100 - Validation Loss: 1.1691
Epoch 37/100 - Validation Loss: 1.1637
Epoch 38/100 - Validation Loss: 1.1583
Epoch 39/100 - Validation Loss: 1.1545
Epoch 40/100 - Validation Loss: 1.1475
Epoch 41/100 - Validation Loss: 1.1461
Epoch 42/100 - Validation Loss: 1.1401
Epoch 43/100 - Validation Loss: 1.1345
Epoch 44/100 - Validation Loss: 1.1298
Epoch 45/100 - Validation Loss: 1.1261
Epoch 46/100 - Validation Loss: 1.1225
Epoch 47/100 - Validation Loss: 1.1177
Epoch 48/100 - Validation Loss: 1.1140
Epoch 49/100 - Validation Loss: 1.1098
Epoch 50/100 - Validation Loss: 1.1055
Epoch 51/100 - Validation Loss: 1.1014
Epoch 52/100 - Validation Loss: 1.0982
Epoch 53/100 - Validation Loss: 1.0952
Epoch 54/100 - Validation Loss: 1.0914
Epoch 55/100 - Validation Loss: 1.0866
Epoch 56/100 - Validation Loss: 1.0836
Epoch 57/100 - Validation Loss: 1.0808
Epoch 58/100 - Validation Loss: 1.0776
Epoch 59/100 - Validation Loss: 1.0738
Epoch 60/100 - Validation Loss: 1.0698
Epoch 61/100 - Validation Loss: 1.0675
Epoch 62/100 - Validation Loss: 1.0642
Epoch 63/100 - Validation Loss: 1.0612
Epoch 64/100 - Validation Loss: 1.0581
Epoch 65/100 - Validation Loss: 1.0555
Epoch 66/100 - Validation Loss: 1.0518
Epoch 67/100 - Validation Loss: 1.0487
Epoch 68/100 - Validation Loss: 1.0461
Epoch 69/100 - Validation Loss: 1.0443
Epoch 70/100 - Validation Loss: 1.0402
Epoch 71/100 - Validation Loss: 1.0377
Epoch 72/100 - Validation Loss: 1.0358
Epoch 73/100 - Validation Loss: 1.0328
Epoch 74/100 - Validation Loss: 1.0291
Epoch 75/100 - Validation Loss: 1.0282
Epoch 76/100 - Validation Loss: 1.0255
Epoch 77/100 - Validation Loss: 1.0224
Epoch 78/100 - Validation Loss: 1.0208
Epoch 79/100 - Validation Loss: 1.0176
Epoch 80/100 - Validation Loss: 1.0159
Epoch 81/100 - Validation Loss: 1.0134
Epoch 82/100 - Validation Loss: 1.0115
Epoch 83/100 - Validation Loss: 1.0088
Epoch 84/100 - Validation Loss: 1.0057
Epoch 85/100 - Validation Loss: 1.0046
Epoch 86/100 - Validation Loss: 1.0025
Epoch 87/100 - Validation Loss: 1.0003
Epoch 88/100 - Validation Loss: 0.9989
Epoch 89/100 - Validation Loss: 0.9955
Epoch 90/100 - Validation Loss: 0.9943
Epoch 91/100 - Validation Loss: 0.9911
Epoch 92/100 - Validation Loss: 0.9900
Epoch 93/100 - Validation Loss: 0.9885
Epoch 94/100 - Validation Loss: 0.9860
Epoch 95/100 - Validation Loss: 0.9845
Epoch 96/100 - Validation Loss: 0.9815
Epoch 97/100 - Validation Loss: 0.9796
Epoch 98/100 - Validation Loss: 0.9784
Epoch 99/100 - Validation Loss: 0.9765
Epoch 100/100 - Validation Loss: 0.9760
Best AUC: 0.868145833884932

--- Run 5/5 for shift 0.9 ---
Train Shape: (11710, 1028)
Val Shape: (1302, 1028)
Test Shape: (3254, 1028)
Training Early Fusion Model:
The number of parameters of the model are: 1025
Epoch 1/100 - Validation Loss: 1.3060
Epoch 2/100 - Validation Loss: 1.2975
Epoch 3/100 - Validation Loss: 1.2885
Epoch 4/100 - Validation Loss: 1.2803
Epoch 5/100 - Validation Loss: 1.2720
Epoch 6/100 - Validation Loss: 1.2640
Epoch 7/100 - Validation Loss: 1.2563
Epoch 8/100 - Validation Loss: 1.2485
Epoch 9/100 - Validation Loss: 1.2411
Epoch 10/100 - Validation Loss: 1.2341
Epoch 11/100 - Validation Loss: 1.2270
Epoch 12/100 - Validation Loss: 1.2198
Epoch 13/100 - Validation Loss: 1.2129
Epoch 14/100 - Validation Loss: 1.2067
Epoch 15/100 - Validation Loss: 1.2008
Epoch 16/100 - Validation Loss: 1.1939
Epoch 17/100 - Validation Loss: 1.1878
Epoch 18/100 - Validation Loss: 1.1824
Epoch 19/100 - Validation Loss: 1.1766
Epoch 20/100 - Validation Loss: 1.1707
Epoch 21/100 - Validation Loss: 1.1658
Epoch 22/100 - Validation Loss: 1.1601
Epoch 23/100 - Validation Loss: 1.1548
Epoch 24/100 - Validation Loss: 1.1502
Epoch 25/100 - Validation Loss: 1.1451
Epoch 26/100 - Validation Loss: 1.1401
Epoch 27/100 - Validation Loss: 1.1356
Epoch 28/100 - Validation Loss: 1.1307
Epoch 29/100 - Validation Loss: 1.1265
Epoch 30/100 - Validation Loss: 1.1224
Epoch 31/100 - Validation Loss: 1.1180
Epoch 32/100 - Validation Loss: 1.1134
Epoch 33/100 - Validation Loss: 1.1093
Epoch 34/100 - Validation Loss: 1.1054
Epoch 35/100 - Validation Loss: 1.1014
Epoch 36/100 - Validation Loss: 1.0981
Epoch 37/100 - Validation Loss: 1.0941
Epoch 38/100 - Validation Loss: 1.0902
Epoch 39/100 - Validation Loss: 1.0868
Epoch 40/100 - Validation Loss: 1.0833
Epoch 41/100 - Validation Loss: 1.0801
Epoch 42/100 - Validation Loss: 1.0766
Epoch 43/100 - Validation Loss: 1.0732
Epoch 44/100 - Validation Loss: 1.0697
Epoch 45/100 - Validation Loss: 1.0672
Epoch 46/100 - Validation Loss: 1.0642
Epoch 47/100 - Validation Loss: 1.0609
Epoch 48/100 - Validation Loss: 1.0580
Epoch 49/100 - Validation Loss: 1.0549
Epoch 50/100 - Validation Loss: 1.0529
Epoch 51/100 - Validation Loss: 1.0494
Epoch 52/100 - Validation Loss: 1.0468
Epoch 53/100 - Validation Loss: 1.0447
Epoch 54/100 - Validation Loss: 1.0418
Epoch 55/100 - Validation Loss: 1.0391
Epoch 56/100 - Validation Loss: 1.0368
Epoch 57/100 - Validation Loss: 1.0350
Epoch 58/100 - Validation Loss: 1.0320
Epoch 59/100 - Validation Loss: 1.0295
Epoch 60/100 - Validation Loss: 1.0272
Epoch 61/100 - Validation Loss: 1.0253
Epoch 62/100 - Validation Loss: 1.0240
Epoch 63/100 - Validation Loss: 1.0208
Epoch 64/100 - Validation Loss: 1.0183
Epoch 65/100 - Validation Loss: 1.0170
Epoch 66/100 - Validation Loss: 1.0145
Epoch 67/100 - Validation Loss: 1.0128
Epoch 68/100 - Validation Loss: 1.0104
Epoch 69/100 - Validation Loss: 1.0090
Epoch 70/100 - Validation Loss: 1.0069
Epoch 71/100 - Validation Loss: 1.0052
Epoch 72/100 - Validation Loss: 1.0030
Epoch 73/100 - Validation Loss: 1.0011
Epoch 74/100 - Validation Loss: 0.9996
Epoch 75/100 - Validation Loss: 0.9978
Epoch 76/100 - Validation Loss: 0.9961
Epoch 77/100 - Validation Loss: 0.9945
Epoch 78/100 - Validation Loss: 0.9926
Epoch 79/100 - Validation Loss: 0.9915
Epoch 80/100 - Validation Loss: 0.9895
Epoch 81/100 - Validation Loss: 0.9883
Epoch 82/100 - Validation Loss: 0.9863
Epoch 83/100 - Validation Loss: 0.9849
Epoch 84/100 - Validation Loss: 0.9833
Epoch 85/100 - Validation Loss: 0.9816
Epoch 86/100 - Validation Loss: 0.9803
Epoch 87/100 - Validation Loss: 0.9794
Epoch 88/100 - Validation Loss: 0.9774
Epoch 89/100 - Validation Loss: 0.9764
Epoch 90/100 - Validation Loss: 0.9747
Epoch 91/100 - Validation Loss: 0.9738
Epoch 92/100 - Validation Loss: 0.9716
Epoch 93/100 - Validation Loss: 0.9705
Epoch 94/100 - Validation Loss: 0.9696
Epoch 95/100 - Validation Loss: 0.9680
Epoch 96/100 - Validation Loss: 0.9666
Epoch 97/100 - Validation Loss: 0.9656
Epoch 98/100 - Validation Loss: 0.9642
Epoch 99/100 - Validation Loss: 0.9633
Epoch 100/100 - Validation Loss: 0.9618
Best AUC: 0.8683638776276217
##################################################  Shift 1  ##################################################
Subsampling 16266 data points to 5000 for cleaner visualization.

--- Run 1/5 for shift 1 ---
Train Shape: (11710, 1028)
Val Shape: (1302, 1028)
Test Shape: (3254, 1028)
Training Early Fusion Model:
The number of parameters of the model are: 1025
Epoch 1/100 - Validation Loss: 1.3900
Epoch 2/100 - Validation Loss: 1.3784
Epoch 3/100 - Validation Loss: 1.3675
Epoch 4/100 - Validation Loss: 1.3585
Epoch 5/100 - Validation Loss: 1.3491
Epoch 6/100 - Validation Loss: 1.3385
Epoch 7/100 - Validation Loss: 1.3289
Epoch 8/100 - Validation Loss: 1.3213
Epoch 9/100 - Validation Loss: 1.3108
Epoch 10/100 - Validation Loss: 1.3021
Epoch 11/100 - Validation Loss: 1.2936
Epoch 12/100 - Validation Loss: 1.2846
Epoch 13/100 - Validation Loss: 1.2757
Epoch 14/100 - Validation Loss: 1.2688
Epoch 15/100 - Validation Loss: 1.2616
Epoch 16/100 - Validation Loss: 1.2529
Epoch 17/100 - Validation Loss: 1.2456
Epoch 18/100 - Validation Loss: 1.2376
Epoch 19/100 - Validation Loss: 1.2305
Epoch 20/100 - Validation Loss: 1.2229
Epoch 21/100 - Validation Loss: 1.2176
Epoch 22/100 - Validation Loss: 1.2095
Epoch 23/100 - Validation Loss: 1.2028
Epoch 24/100 - Validation Loss: 1.1956
Epoch 25/100 - Validation Loss: 1.1902
Epoch 26/100 - Validation Loss: 1.1831
Epoch 27/100 - Validation Loss: 1.1780
Epoch 28/100 - Validation Loss: 1.1724
Epoch 29/100 - Validation Loss: 1.1655
Epoch 30/100 - Validation Loss: 1.1602
Epoch 31/100 - Validation Loss: 1.1542
Epoch 32/100 - Validation Loss: 1.1494
Epoch 33/100 - Validation Loss: 1.1438
Epoch 34/100 - Validation Loss: 1.1385
Epoch 35/100 - Validation Loss: 1.1337
Epoch 36/100 - Validation Loss: 1.1280
Epoch 37/100 - Validation Loss: 1.1235
Epoch 38/100 - Validation Loss: 1.1180
Epoch 39/100 - Validation Loss: 1.1135
Epoch 40/100 - Validation Loss: 1.1091
Epoch 41/100 - Validation Loss: 1.1043
Epoch 42/100 - Validation Loss: 1.0999
Epoch 43/100 - Validation Loss: 1.0956
Epoch 44/100 - Validation Loss: 1.0911
Epoch 45/100 - Validation Loss: 1.0868
Epoch 46/100 - Validation Loss: 1.0825
Epoch 47/100 - Validation Loss: 1.0787
Epoch 48/100 - Validation Loss: 1.0754
Epoch 49/100 - Validation Loss: 1.0706
Epoch 50/100 - Validation Loss: 1.0668
Epoch 51/100 - Validation Loss: 1.0632
Epoch 52/100 - Validation Loss: 1.0592
Epoch 53/100 - Validation Loss: 1.0560
Epoch 54/100 - Validation Loss: 1.0523
Epoch 55/100 - Validation Loss: 1.0483
Epoch 56/100 - Validation Loss: 1.0461
Epoch 57/100 - Validation Loss: 1.0422
Epoch 58/100 - Validation Loss: 1.0391
Epoch 59/100 - Validation Loss: 1.0357
Epoch 60/100 - Validation Loss: 1.0320
Epoch 61/100 - Validation Loss: 1.0285
Epoch 62/100 - Validation Loss: 1.0267
Epoch 63/100 - Validation Loss: 1.0226
Epoch 64/100 - Validation Loss: 1.0203
Epoch 65/100 - Validation Loss: 1.0176
Epoch 66/100 - Validation Loss: 1.0142
Epoch 67/100 - Validation Loss: 1.0111
Epoch 68/100 - Validation Loss: 1.0082
Epoch 69/100 - Validation Loss: 1.0059
Epoch 70/100 - Validation Loss: 1.0027
Epoch 71/100 - Validation Loss: 0.9999
Epoch 72/100 - Validation Loss: 0.9981
Epoch 73/100 - Validation Loss: 0.9949
Epoch 74/100 - Validation Loss: 0.9926
Epoch 75/100 - Validation Loss: 0.9900
Epoch 76/100 - Validation Loss: 0.9875
Epoch 77/100 - Validation Loss: 0.9850
Epoch 78/100 - Validation Loss: 0.9832
Epoch 79/100 - Validation Loss: 0.9801
Epoch 80/100 - Validation Loss: 0.9774
Epoch 81/100 - Validation Loss: 0.9754
Epoch 82/100 - Validation Loss: 0.9741
Epoch 83/100 - Validation Loss: 0.9710
Epoch 84/100 - Validation Loss: 0.9690
Epoch 85/100 - Validation Loss: 0.9664
Epoch 86/100 - Validation Loss: 0.9648
Epoch 87/100 - Validation Loss: 0.9627
Epoch 88/100 - Validation Loss: 0.9601
Epoch 89/100 - Validation Loss: 0.9581
Epoch 90/100 - Validation Loss: 0.9566
Epoch 91/100 - Validation Loss: 0.9543
Epoch 92/100 - Validation Loss: 0.9519
Epoch 93/100 - Validation Loss: 0.9503
Epoch 94/100 - Validation Loss: 0.9488
Epoch 95/100 - Validation Loss: 0.9463
Epoch 96/100 - Validation Loss: 0.9443
Epoch 97/100 - Validation Loss: 0.9425
Epoch 98/100 - Validation Loss: 0.9405
Epoch 99/100 - Validation Loss: 0.9392
Epoch 100/100 - Validation Loss: 0.9371
Best AUC: 0.8689821873836776

--- Run 2/5 for shift 1 ---
Train Shape: (11710, 1028)
Val Shape: (1302, 1028)
Test Shape: (3254, 1028)
Training Early Fusion Model:
The number of parameters of the model are: 1025
Epoch 1/100 - Validation Loss: 1.3552
Epoch 2/100 - Validation Loss: 1.3443
Epoch 3/100 - Validation Loss: 1.3353
Epoch 4/100 - Validation Loss: 1.3259
Epoch 5/100 - Validation Loss: 1.3168
Epoch 6/100 - Validation Loss: 1.3078
Epoch 7/100 - Validation Loss: 1.2994
Epoch 8/100 - Validation Loss: 1.2917
Epoch 9/100 - Validation Loss: 1.2837
Epoch 10/100 - Validation Loss: 1.2761
Epoch 11/100 - Validation Loss: 1.2675
Epoch 12/100 - Validation Loss: 1.2600
Epoch 13/100 - Validation Loss: 1.2529
Epoch 14/100 - Validation Loss: 1.2468
Epoch 15/100 - Validation Loss: 1.2388
Epoch 16/100 - Validation Loss: 1.2325
Epoch 17/100 - Validation Loss: 1.2264
Epoch 18/100 - Validation Loss: 1.2187
Epoch 19/100 - Validation Loss: 1.2129
Epoch 20/100 - Validation Loss: 1.2071
Epoch 21/100 - Validation Loss: 1.2010
Epoch 22/100 - Validation Loss: 1.1957
Epoch 23/100 - Validation Loss: 1.1890
Epoch 24/100 - Validation Loss: 1.1843
Epoch 25/100 - Validation Loss: 1.1783
Epoch 26/100 - Validation Loss: 1.1732
Epoch 27/100 - Validation Loss: 1.1677
Epoch 28/100 - Validation Loss: 1.1628
Epoch 29/100 - Validation Loss: 1.1575
Epoch 30/100 - Validation Loss: 1.1526
Epoch 31/100 - Validation Loss: 1.1477
Epoch 32/100 - Validation Loss: 1.1439
Epoch 33/100 - Validation Loss: 1.1385
Epoch 34/100 - Validation Loss: 1.1351
Epoch 35/100 - Validation Loss: 1.1299
Epoch 36/100 - Validation Loss: 1.1246
Epoch 37/100 - Validation Loss: 1.1221
Epoch 38/100 - Validation Loss: 1.1172
Epoch 39/100 - Validation Loss: 1.1133
Epoch 40/100 - Validation Loss: 1.1093
Epoch 41/100 - Validation Loss: 1.1055
Epoch 42/100 - Validation Loss: 1.1027
Epoch 43/100 - Validation Loss: 1.0978
Epoch 44/100 - Validation Loss: 1.0951
Epoch 45/100 - Validation Loss: 1.0904
Epoch 46/100 - Validation Loss: 1.0875
Epoch 47/100 - Validation Loss: 1.0845
Epoch 48/100 - Validation Loss: 1.0810
Epoch 49/100 - Validation Loss: 1.0775
Epoch 50/100 - Validation Loss: 1.0739
Epoch 51/100 - Validation Loss: 1.0717
Epoch 52/100 - Validation Loss: 1.0666
Epoch 53/100 - Validation Loss: 1.0643
Epoch 54/100 - Validation Loss: 1.0620
Epoch 55/100 - Validation Loss: 1.0592
Epoch 56/100 - Validation Loss: 1.0561
Epoch 57/100 - Validation Loss: 1.0538
Epoch 58/100 - Validation Loss: 1.0504
Epoch 59/100 - Validation Loss: 1.0481
Epoch 60/100 - Validation Loss: 1.0455
Epoch 61/100 - Validation Loss: 1.0433
Epoch 62/100 - Validation Loss: 1.0407
Epoch 63/100 - Validation Loss: 1.0385
Epoch 64/100 - Validation Loss: 1.0345
Epoch 65/100 - Validation Loss: 1.0325
Epoch 66/100 - Validation Loss: 1.0305
Epoch 67/100 - Validation Loss: 1.0290
Epoch 68/100 - Validation Loss: 1.0257
Epoch 69/100 - Validation Loss: 1.0238
Epoch 70/100 - Validation Loss: 1.0215
Epoch 71/100 - Validation Loss: 1.0188
Epoch 72/100 - Validation Loss: 1.0173
Epoch 73/100 - Validation Loss: 1.0146
Epoch 74/100 - Validation Loss: 1.0136
Epoch 75/100 - Validation Loss: 1.0098
Epoch 76/100 - Validation Loss: 1.0092
Epoch 77/100 - Validation Loss: 1.0070
Epoch 78/100 - Validation Loss: 1.0042
Epoch 79/100 - Validation Loss: 1.0032
Epoch 80/100 - Validation Loss: 1.0005
Epoch 81/100 - Validation Loss: 0.9990
Epoch 82/100 - Validation Loss: 0.9977
Epoch 83/100 - Validation Loss: 0.9957
Epoch 84/100 - Validation Loss: 0.9928
Epoch 85/100 - Validation Loss: 0.9920
Epoch 86/100 - Validation Loss: 0.9901
Epoch 87/100 - Validation Loss: 0.9889
Epoch 88/100 - Validation Loss: 0.9864
Epoch 89/100 - Validation Loss: 0.9852
Epoch 90/100 - Validation Loss: 0.9831
Epoch 91/100 - Validation Loss: 0.9812
Epoch 92/100 - Validation Loss: 0.9798
Epoch 93/100 - Validation Loss: 0.9789
Epoch 94/100 - Validation Loss: 0.9770
Epoch 95/100 - Validation Loss: 0.9754
Epoch 96/100 - Validation Loss: 0.9737
Epoch 97/100 - Validation Loss: 0.9723
Epoch 98/100 - Validation Loss: 0.9710
Epoch 99/100 - Validation Loss: 0.9689
Epoch 100/100 - Validation Loss: 0.9678
Best AUC: 0.869946252217427

--- Run 3/5 for shift 1 ---
Train Shape: (11710, 1028)
Val Shape: (1302, 1028)
Test Shape: (3254, 1028)
Training Early Fusion Model:
The number of parameters of the model are: 1025
Epoch 1/100 - Validation Loss: 1.2739
Epoch 2/100 - Validation Loss: 1.2652
Epoch 3/100 - Validation Loss: 1.2567
Epoch 4/100 - Validation Loss: 1.2485
Epoch 5/100 - Validation Loss: 1.2403
Epoch 6/100 - Validation Loss: 1.2325
Epoch 7/100 - Validation Loss: 1.2249
Epoch 8/100 - Validation Loss: 1.2175
Epoch 9/100 - Validation Loss: 1.2103
Epoch 10/100 - Validation Loss: 1.2032
Epoch 11/100 - Validation Loss: 1.1966
Epoch 12/100 - Validation Loss: 1.1898
Epoch 13/100 - Validation Loss: 1.1833
Epoch 14/100 - Validation Loss: 1.1769
Epoch 15/100 - Validation Loss: 1.1708
Epoch 16/100 - Validation Loss: 1.1647
Epoch 17/100 - Validation Loss: 1.1589
Epoch 18/100 - Validation Loss: 1.1532
Epoch 19/100 - Validation Loss: 1.1476
Epoch 20/100 - Validation Loss: 1.1421
Epoch 21/100 - Validation Loss: 1.1369
Epoch 22/100 - Validation Loss: 1.1316
Epoch 23/100 - Validation Loss: 1.1266
Epoch 24/100 - Validation Loss: 1.1217
Epoch 25/100 - Validation Loss: 1.1170
Epoch 26/100 - Validation Loss: 1.1123
Epoch 27/100 - Validation Loss: 1.1079
Epoch 28/100 - Validation Loss: 1.1034
Epoch 29/100 - Validation Loss: 1.0991
Epoch 30/100 - Validation Loss: 1.0948
Epoch 31/100 - Validation Loss: 1.0907
Epoch 32/100 - Validation Loss: 1.0866
Epoch 33/100 - Validation Loss: 1.0829
Epoch 34/100 - Validation Loss: 1.0789
Epoch 35/100 - Validation Loss: 1.0751
Epoch 36/100 - Validation Loss: 1.0717
Epoch 37/100 - Validation Loss: 1.0680
Epoch 38/100 - Validation Loss: 1.0646
Epoch 39/100 - Validation Loss: 1.0610
Epoch 40/100 - Validation Loss: 1.0578
Epoch 41/100 - Validation Loss: 1.0544
Epoch 42/100 - Validation Loss: 1.0512
Epoch 43/100 - Validation Loss: 1.0481
Epoch 44/100 - Validation Loss: 1.0451
Epoch 45/100 - Validation Loss: 1.0420
Epoch 46/100 - Validation Loss: 1.0392
Epoch 47/100 - Validation Loss: 1.0363
Epoch 48/100 - Validation Loss: 1.0335
Epoch 49/100 - Validation Loss: 1.0308
Epoch 50/100 - Validation Loss: 1.0280
Epoch 51/100 - Validation Loss: 1.0255
Epoch 52/100 - Validation Loss: 1.0227
Epoch 53/100 - Validation Loss: 1.0203
Epoch 54/100 - Validation Loss: 1.0177
Epoch 55/100 - Validation Loss: 1.0156
Epoch 56/100 - Validation Loss: 1.0130
Epoch 57/100 - Validation Loss: 1.0105
Epoch 58/100 - Validation Loss: 1.0084
Epoch 59/100 - Validation Loss: 1.0059
Epoch 60/100 - Validation Loss: 1.0039
Epoch 61/100 - Validation Loss: 1.0017
Epoch 62/100 - Validation Loss: 0.9999
Epoch 63/100 - Validation Loss: 0.9974
Epoch 64/100 - Validation Loss: 0.9954
Epoch 65/100 - Validation Loss: 0.9933
Epoch 66/100 - Validation Loss: 0.9914
Epoch 67/100 - Validation Loss: 0.9894
Epoch 68/100 - Validation Loss: 0.9874
Epoch 69/100 - Validation Loss: 0.9855
Epoch 70/100 - Validation Loss: 0.9839
Epoch 71/100 - Validation Loss: 0.9819
Epoch 72/100 - Validation Loss: 0.9802
Epoch 73/100 - Validation Loss: 0.9784
Epoch 74/100 - Validation Loss: 0.9766
Epoch 75/100 - Validation Loss: 0.9748
Epoch 76/100 - Validation Loss: 0.9733
Epoch 77/100 - Validation Loss: 0.9714
Epoch 78/100 - Validation Loss: 0.9701
Epoch 79/100 - Validation Loss: 0.9682
Epoch 80/100 - Validation Loss: 0.9670
Epoch 81/100 - Validation Loss: 0.9653
Epoch 82/100 - Validation Loss: 0.9635
Epoch 83/100 - Validation Loss: 0.9621
Epoch 84/100 - Validation Loss: 0.9607
Epoch 85/100 - Validation Loss: 0.9593
Epoch 86/100 - Validation Loss: 0.9579
Epoch 87/100 - Validation Loss: 0.9563
Epoch 88/100 - Validation Loss: 0.9549
Epoch 89/100 - Validation Loss: 0.9534
Epoch 90/100 - Validation Loss: 0.9523
Epoch 91/100 - Validation Loss: 0.9509
Epoch 92/100 - Validation Loss: 0.9498
Epoch 93/100 - Validation Loss: 0.9482
Epoch 94/100 - Validation Loss: 0.9472
Epoch 95/100 - Validation Loss: 0.9456
Epoch 96/100 - Validation Loss: 0.9444
Epoch 97/100 - Validation Loss: 0.9432
Epoch 98/100 - Validation Loss: 0.9423
Epoch 99/100 - Validation Loss: 0.9411
Epoch 100/100 - Validation Loss: 0.9395
Best AUC: 0.870052159178162

--- Run 4/5 for shift 1 ---
Train Shape: (11710, 1028)
Val Shape: (1302, 1028)
Test Shape: (3254, 1028)
Training Early Fusion Model:
The number of parameters of the model are: 1025
Epoch 1/100 - Validation Loss: 1.4458
Epoch 2/100 - Validation Loss: 1.4345
Epoch 3/100 - Validation Loss: 1.4263
Epoch 4/100 - Validation Loss: 1.4144
Epoch 5/100 - Validation Loss: 1.4036
Epoch 6/100 - Validation Loss: 1.3930
Epoch 7/100 - Validation Loss: 1.3819
Epoch 8/100 - Validation Loss: 1.3718
Epoch 9/100 - Validation Loss: 1.3626
Epoch 10/100 - Validation Loss: 1.3531
Epoch 11/100 - Validation Loss: 1.3424
Epoch 12/100 - Validation Loss: 1.3347
Epoch 13/100 - Validation Loss: 1.3227
Epoch 14/100 - Validation Loss: 1.3171
Epoch 15/100 - Validation Loss: 1.3071
Epoch 16/100 - Validation Loss: 1.2978
Epoch 17/100 - Validation Loss: 1.2907
Epoch 18/100 - Validation Loss: 1.2837
Epoch 19/100 - Validation Loss: 1.2759
Epoch 20/100 - Validation Loss: 1.2674
Epoch 21/100 - Validation Loss: 1.2619
Epoch 22/100 - Validation Loss: 1.2523
Epoch 23/100 - Validation Loss: 1.2465
Epoch 24/100 - Validation Loss: 1.2389
Epoch 25/100 - Validation Loss: 1.2318
Epoch 26/100 - Validation Loss: 1.2264
Epoch 27/100 - Validation Loss: 1.2195
Epoch 28/100 - Validation Loss: 1.2128
Epoch 29/100 - Validation Loss: 1.2080
Epoch 30/100 - Validation Loss: 1.2027
Epoch 31/100 - Validation Loss: 1.1942
Epoch 32/100 - Validation Loss: 1.1898
Epoch 33/100 - Validation Loss: 1.1835
Epoch 34/100 - Validation Loss: 1.1792
Epoch 35/100 - Validation Loss: 1.1739
Epoch 36/100 - Validation Loss: 1.1687
Epoch 37/100 - Validation Loss: 1.1634
Epoch 38/100 - Validation Loss: 1.1580
Epoch 39/100 - Validation Loss: 1.1541
Epoch 40/100 - Validation Loss: 1.1471
Epoch 41/100 - Validation Loss: 1.1457
Epoch 42/100 - Validation Loss: 1.1397
Epoch 43/100 - Validation Loss: 1.1341
Epoch 44/100 - Validation Loss: 1.1295
Epoch 45/100 - Validation Loss: 1.1257
Epoch 46/100 - Validation Loss: 1.1221
Epoch 47/100 - Validation Loss: 1.1173
Epoch 48/100 - Validation Loss: 1.1136
Epoch 49/100 - Validation Loss: 1.1094
Epoch 50/100 - Validation Loss: 1.1051
Epoch 51/100 - Validation Loss: 1.1011
Epoch 52/100 - Validation Loss: 1.0979
Epoch 53/100 - Validation Loss: 1.0948
Epoch 54/100 - Validation Loss: 1.0910
Epoch 55/100 - Validation Loss: 1.0862
Epoch 56/100 - Validation Loss: 1.0833
Epoch 57/100 - Validation Loss: 1.0804
Epoch 58/100 - Validation Loss: 1.0772
Epoch 59/100 - Validation Loss: 1.0734
Epoch 60/100 - Validation Loss: 1.0694
Epoch 61/100 - Validation Loss: 1.0671
Epoch 62/100 - Validation Loss: 1.0639
Epoch 63/100 - Validation Loss: 1.0608
Epoch 64/100 - Validation Loss: 1.0578
Epoch 65/100 - Validation Loss: 1.0551
Epoch 66/100 - Validation Loss: 1.0515
Epoch 67/100 - Validation Loss: 1.0483
Epoch 68/100 - Validation Loss: 1.0458
Epoch 69/100 - Validation Loss: 1.0439
Epoch 70/100 - Validation Loss: 1.0399
Epoch 71/100 - Validation Loss: 1.0373
Epoch 72/100 - Validation Loss: 1.0354
Epoch 73/100 - Validation Loss: 1.0324
Epoch 74/100 - Validation Loss: 1.0287
Epoch 75/100 - Validation Loss: 1.0279
Epoch 76/100 - Validation Loss: 1.0251
Epoch 77/100 - Validation Loss: 1.0220
Epoch 78/100 - Validation Loss: 1.0204
Epoch 79/100 - Validation Loss: 1.0172
Epoch 80/100 - Validation Loss: 1.0156
Epoch 81/100 - Validation Loss: 1.0130
Epoch 82/100 - Validation Loss: 1.0111
Epoch 83/100 - Validation Loss: 1.0084
Epoch 84/100 - Validation Loss: 1.0053
Epoch 85/100 - Validation Loss: 1.0043
Epoch 86/100 - Validation Loss: 1.0022
Epoch 87/100 - Validation Loss: 0.9999
Epoch 88/100 - Validation Loss: 0.9986
Epoch 89/100 - Validation Loss: 0.9951
Epoch 90/100 - Validation Loss: 0.9939
Epoch 91/100 - Validation Loss: 0.9908
Epoch 92/100 - Validation Loss: 0.9897
Epoch 93/100 - Validation Loss: 0.9882
Epoch 94/100 - Validation Loss: 0.9857
Epoch 95/100 - Validation Loss: 0.9842
Epoch 96/100 - Validation Loss: 0.9812
Epoch 97/100 - Validation Loss: 0.9793
Epoch 98/100 - Validation Loss: 0.9780
Epoch 99/100 - Validation Loss: 0.9762
Epoch 100/100 - Validation Loss: 0.9756
Best AUC: 0.8680741909409054

--- Run 5/5 for shift 1 ---
Train Shape: (11710, 1028)
Val Shape: (1302, 1028)
Test Shape: (3254, 1028)
Training Early Fusion Model:
The number of parameters of the model are: 1025
Epoch 1/100 - Validation Loss: 1.3060
Epoch 2/100 - Validation Loss: 1.2975
Epoch 3/100 - Validation Loss: 1.2885
Epoch 4/100 - Validation Loss: 1.2803
Epoch 5/100 - Validation Loss: 1.2719
Epoch 6/100 - Validation Loss: 1.2640
Epoch 7/100 - Validation Loss: 1.2562
Epoch 8/100 - Validation Loss: 1.2485
Epoch 9/100 - Validation Loss: 1.2410
Epoch 10/100 - Validation Loss: 1.2340
Epoch 11/100 - Validation Loss: 1.2269
Epoch 12/100 - Validation Loss: 1.2197
Epoch 13/100 - Validation Loss: 1.2128
Epoch 14/100 - Validation Loss: 1.2065
Epoch 15/100 - Validation Loss: 1.2007
Epoch 16/100 - Validation Loss: 1.1938
Epoch 17/100 - Validation Loss: 1.1877
Epoch 18/100 - Validation Loss: 1.1822
Epoch 19/100 - Validation Loss: 1.1764
Epoch 20/100 - Validation Loss: 1.1705
Epoch 21/100 - Validation Loss: 1.1656
Epoch 22/100 - Validation Loss: 1.1599
Epoch 23/100 - Validation Loss: 1.1547
Epoch 24/100 - Validation Loss: 1.1500
Epoch 25/100 - Validation Loss: 1.1450
Epoch 26/100 - Validation Loss: 1.1400
Epoch 27/100 - Validation Loss: 1.1354
Epoch 28/100 - Validation Loss: 1.1305
Epoch 29/100 - Validation Loss: 1.1263
Epoch 30/100 - Validation Loss: 1.1222
Epoch 31/100 - Validation Loss: 1.1178
Epoch 32/100 - Validation Loss: 1.1133
Epoch 33/100 - Validation Loss: 1.1092
Epoch 34/100 - Validation Loss: 1.1052
Epoch 35/100 - Validation Loss: 1.1013
Epoch 36/100 - Validation Loss: 1.0979
Epoch 37/100 - Validation Loss: 1.0939
Epoch 38/100 - Validation Loss: 1.0900
Epoch 39/100 - Validation Loss: 1.0866
Epoch 40/100 - Validation Loss: 1.0832
Epoch 41/100 - Validation Loss: 1.0800
Epoch 42/100 - Validation Loss: 1.0765
Epoch 43/100 - Validation Loss: 1.0731
Epoch 44/100 - Validation Loss: 1.0696
Epoch 45/100 - Validation Loss: 1.0671
Epoch 46/100 - Validation Loss: 1.0640
Epoch 47/100 - Validation Loss: 1.0607
Epoch 48/100 - Validation Loss: 1.0578
Epoch 49/100 - Validation Loss: 1.0548
Epoch 50/100 - Validation Loss: 1.0527
Epoch 51/100 - Validation Loss: 1.0493
Epoch 52/100 - Validation Loss: 1.0466
Epoch 53/100 - Validation Loss: 1.0445
Epoch 54/100 - Validation Loss: 1.0416
Epoch 55/100 - Validation Loss: 1.0390
Epoch 56/100 - Validation Loss: 1.0366
Epoch 57/100 - Validation Loss: 1.0349
Epoch 58/100 - Validation Loss: 1.0318
Epoch 59/100 - Validation Loss: 1.0294
Epoch 60/100 - Validation Loss: 1.0270
Epoch 61/100 - Validation Loss: 1.0251
Epoch 62/100 - Validation Loss: 1.0238
Epoch 63/100 - Validation Loss: 1.0207
Epoch 64/100 - Validation Loss: 1.0182
Epoch 65/100 - Validation Loss: 1.0169
Epoch 66/100 - Validation Loss: 1.0143
Epoch 67/100 - Validation Loss: 1.0127
Epoch 68/100 - Validation Loss: 1.0103
Epoch 69/100 - Validation Loss: 1.0089
Epoch 70/100 - Validation Loss: 1.0068
Epoch 71/100 - Validation Loss: 1.0051
Epoch 72/100 - Validation Loss: 1.0029
Epoch 73/100 - Validation Loss: 1.0009
Epoch 74/100 - Validation Loss: 0.9995
Epoch 75/100 - Validation Loss: 0.9977
Epoch 76/100 - Validation Loss: 0.9960
Epoch 77/100 - Validation Loss: 0.9944
Epoch 78/100 - Validation Loss: 0.9925
Epoch 79/100 - Validation Loss: 0.9914
Epoch 80/100 - Validation Loss: 0.9894
Epoch 81/100 - Validation Loss: 0.9882
Epoch 82/100 - Validation Loss: 0.9862
Epoch 83/100 - Validation Loss: 0.9848
Epoch 84/100 - Validation Loss: 0.9832
Epoch 85/100 - Validation Loss: 0.9815
Epoch 86/100 - Validation Loss: 0.9802
Epoch 87/100 - Validation Loss: 0.9793
Epoch 88/100 - Validation Loss: 0.9773
Epoch 89/100 - Validation Loss: 0.9763
Epoch 90/100 - Validation Loss: 0.9746
Epoch 91/100 - Validation Loss: 0.9737
Epoch 92/100 - Validation Loss: 0.9715
Epoch 93/100 - Validation Loss: 0.9704
Epoch 94/100 - Validation Loss: 0.9695
Epoch 95/100 - Validation Loss: 0.9679
Epoch 96/100 - Validation Loss: 0.9665
Epoch 97/100 - Validation Loss: 0.9655
Epoch 98/100 - Validation Loss: 0.9641
Epoch 99/100 - Validation Loss: 0.9632
Epoch 100/100 - Validation Loss: 0.9617
Best AUC: 0.8682439535691424
Saved metrics to Images/Alignment_linear_prob/brset/BioMedCLIP/metrics.json

==================================================
Processing Dataset: brset (Multilabel: False) | Backbone: CLIP
==================================================

Loading data from /gpfs/workdir/restrepoda/Embeddings_vlm/brset/embeddings_clip.csv
##################################################  Shift 0  ##################################################
Subsampling 16266 data points to 5000 for cleaner visualization.

--- Run 1/5 for shift 0 ---
Train Shape: (11710, 1028)
Val Shape: (1302, 1028)
Test Shape: (3254, 1028)
Training Early Fusion Model:
The number of parameters of the model are: 1025
Epoch 1/100 - Validation Loss: 1.3950
Epoch 2/100 - Validation Loss: 1.3911
Epoch 3/100 - Validation Loss: 1.3869
Epoch 4/100 - Validation Loss: 1.3842
Epoch 5/100 - Validation Loss: 1.3811
Epoch 6/100 - Validation Loss: 1.3765
Epoch 7/100 - Validation Loss: 1.3726
Epoch 8/100 - Validation Loss: 1.3707
Epoch 9/100 - Validation Loss: 1.3656
Epoch 10/100 - Validation Loss: 1.3621
Epoch 11/100 - Validation Loss: 1.3589
Epoch 12/100 - Validation Loss: 1.3548
Epoch 13/100 - Validation Loss: 1.3506
Epoch 14/100 - Validation Loss: 1.3484
Epoch 15/100 - Validation Loss: 1.3458
Epoch 16/100 - Validation Loss: 1.3415
Epoch 17/100 - Validation Loss: 1.3385
Epoch 18/100 - Validation Loss: 1.3345
Epoch 19/100 - Validation Loss: 1.3314
Epoch 20/100 - Validation Loss: 1.3274
Epoch 21/100 - Validation Loss: 1.3259
Epoch 22/100 - Validation Loss: 1.3215
Epoch 23/100 - Validation Loss: 1.3182
Epoch 24/100 - Validation Loss: 1.3142
Epoch 25/100 - Validation Loss: 1.3122
Epoch 26/100 - Validation Loss: 1.3080
Epoch 27/100 - Validation Loss: 1.3061
Epoch 28/100 - Validation Loss: 1.3036
Epoch 29/100 - Validation Loss: 1.2991
Epoch 30/100 - Validation Loss: 1.2967
Epoch 31/100 - Validation Loss: 1.2933
Epoch 32/100 - Validation Loss: 1.2911
Epoch 33/100 - Validation Loss: 1.2880
Epoch 34/100 - Validation Loss: 1.2852
Epoch 35/100 - Validation Loss: 1.2827
Epoch 36/100 - Validation Loss: 1.2790
Epoch 37/100 - Validation Loss: 1.2766
Epoch 38/100 - Validation Loss: 1.2732
Epoch 39/100 - Validation Loss: 1.2706
Epoch 40/100 - Validation Loss: 1.2678
Epoch 41/100 - Validation Loss: 1.2654
Epoch 42/100 - Validation Loss: 1.2628
Epoch 43/100 - Validation Loss: 1.2600
Epoch 44/100 - Validation Loss: 1.2571
Epoch 45/100 - Validation Loss: 1.2544
Epoch 46/100 - Validation Loss: 1.2516
Epoch 47/100 - Validation Loss: 1.2491
Epoch 48/100 - Validation Loss: 1.2477
Epoch 49/100 - Validation Loss: 1.2441
Epoch 50/100 - Validation Loss: 1.2412
Epoch 51/100 - Validation Loss: 1.2389
Epoch 52/100 - Validation Loss: 1.2363
Epoch 53/100 - Validation Loss: 1.2343
Epoch 54/100 - Validation Loss: 1.2315
Epoch 55/100 - Validation Loss: 1.2281
Epoch 56/100 - Validation Loss: 1.2281
Epoch 57/100 - Validation Loss: 1.2248
Epoch 58/100 - Validation Loss: 1.2227
Epoch 59/100 - Validation Loss: 1.2201
Epoch 60/100 - Validation Loss: 1.2172
Epoch 61/100 - Validation Loss: 1.2143
Epoch 62/100 - Validation Loss: 1.2140
Epoch 63/100 - Validation Loss: 1.2103
Epoch 64/100 - Validation Loss: 1.2089
Epoch 65/100 - Validation Loss: 1.2072
Epoch 66/100 - Validation Loss: 1.2044
Epoch 67/100 - Validation Loss: 1.2016
Epoch 68/100 - Validation Loss: 1.1994
Epoch 69/100 - Validation Loss: 1.1976
Epoch 70/100 - Validation Loss: 1.1948
Epoch 71/100 - Validation Loss: 1.1931
Epoch 72/100 - Validation Loss: 1.1916
Epoch 73/100 - Validation Loss: 1.1891
Epoch 74/100 - Validation Loss: 1.1873
Epoch 75/100 - Validation Loss: 1.1849
Epoch 76/100 - Validation Loss: 1.1828
Epoch 77/100 - Validation Loss: 1.1811
Epoch 78/100 - Validation Loss: 1.1799
Epoch 79/100 - Validation Loss: 1.1766
Epoch 80/100 - Validation Loss: 1.1740
Epoch 81/100 - Validation Loss: 1.1728
Epoch 82/100 - Validation Loss: 1.1721
Epoch 83/100 - Validation Loss: 1.1688
Epoch 84/100 - Validation Loss: 1.1673
Epoch 85/100 - Validation Loss: 1.1648
Epoch 86/100 - Validation Loss: 1.1639
Epoch 87/100 - Validation Loss: 1.1618
Epoch 88/100 - Validation Loss: 1.1593
Epoch 89/100 - Validation Loss: 1.1576
Epoch 90/100 - Validation Loss: 1.1562
Epoch 91/100 - Validation Loss: 1.1542
Epoch 92/100 - Validation Loss: 1.1518
Epoch 93/100 - Validation Loss: 1.1503
Epoch 94/100 - Validation Loss: 1.1491
Epoch 95/100 - Validation Loss: 1.1466
Epoch 96/100 - Validation Loss: 1.1451
Epoch 97/100 - Validation Loss: 1.1429
Epoch 98/100 - Validation Loss: 1.1412
Epoch 99/100 - Validation Loss: 1.1405
Epoch 100/100 - Validation Loss: 1.1376
Best AUC: 0.8722372689709735

--- Run 2/5 for shift 0 ---
Train Shape: (11710, 1028)
Val Shape: (1302, 1028)
Test Shape: (3254, 1028)
Training Early Fusion Model:
The number of parameters of the model are: 1025
Epoch 1/100 - Validation Loss: 1.3615
Epoch 2/100 - Validation Loss: 1.3560
Epoch 3/100 - Validation Loss: 1.3525
Epoch 4/100 - Validation Loss: 1.3484
Epoch 5/100 - Validation Loss: 1.3445
Epoch 6/100 - Validation Loss: 1.3405
Epoch 7/100 - Validation Loss: 1.3368
Epoch 8/100 - Validation Loss: 1.3337
Epoch 9/100 - Validation Loss: 1.3301
Epoch 10/100 - Validation Loss: 1.3269
Epoch 11/100 - Validation Loss: 1.3225
Epoch 12/100 - Validation Loss: 1.3190
Epoch 13/100 - Validation Loss: 1.3158
Epoch 14/100 - Validation Loss: 1.3133
Epoch 15/100 - Validation Loss: 1.3090
Epoch 16/100 - Validation Loss: 1.3061
Epoch 17/100 - Validation Loss: 1.3033
Epoch 18/100 - Validation Loss: 1.2988
Epoch 19/100 - Validation Loss: 1.2961
Epoch 20/100 - Validation Loss: 1.2933
Epoch 21/100 - Validation Loss: 1.2900
Epoch 22/100 - Validation Loss: 1.2875
Epoch 23/100 - Validation Loss: 1.2835
Epoch 24/100 - Validation Loss: 1.2815
Epoch 25/100 - Validation Loss: 1.2779
Epoch 26/100 - Validation Loss: 1.2751
Epoch 27/100 - Validation Loss: 1.2719
Epoch 28/100 - Validation Loss: 1.2690
Epoch 29/100 - Validation Loss: 1.2660
Epoch 30/100 - Validation Loss: 1.2631
Epoch 31/100 - Validation Loss: 1.2600
Epoch 32/100 - Validation Loss: 1.2579
Epoch 33/100 - Validation Loss: 1.2546
Epoch 34/100 - Validation Loss: 1.2526
Epoch 35/100 - Validation Loss: 1.2492
Epoch 36/100 - Validation Loss: 1.2457
Epoch 37/100 - Validation Loss: 1.2444
Epoch 38/100 - Validation Loss: 1.2409
Epoch 39/100 - Validation Loss: 1.2384
Epoch 40/100 - Validation Loss: 1.2358
Epoch 41/100 - Validation Loss: 1.2331
Epoch 42/100 - Validation Loss: 1.2316
Epoch 43/100 - Validation Loss: 1.2277
Epoch 44/100 - Validation Loss: 1.2260
Epoch 45/100 - Validation Loss: 1.2225
Epoch 46/100 - Validation Loss: 1.2206
Epoch 47/100 - Validation Loss: 1.2184
Epoch 48/100 - Validation Loss: 1.2158
Epoch 49/100 - Validation Loss: 1.2133
Epoch 50/100 - Validation Loss: 1.2104
Epoch 51/100 - Validation Loss: 1.2088
Epoch 52/100 - Validation Loss: 1.2046
Epoch 53/100 - Validation Loss: 1.2030
Epoch 54/100 - Validation Loss: 1.2013
Epoch 55/100 - Validation Loss: 1.1992
Epoch 56/100 - Validation Loss: 1.1966
Epoch 57/100 - Validation Loss: 1.1948
Epoch 58/100 - Validation Loss: 1.1918
Epoch 59/100 - Validation Loss: 1.1897
Epoch 60/100 - Validation Loss: 1.1878
Epoch 61/100 - Validation Loss: 1.1861
Epoch 62/100 - Validation Loss: 1.1842
Epoch 63/100 - Validation Loss: 1.1817
Epoch 64/100 - Validation Loss: 1.1783
Epoch 65/100 - Validation Loss: 1.1768
Epoch 66/100 - Validation Loss: 1.1745
Epoch 67/100 - Validation Loss: 1.1731
Epoch 68/100 - Validation Loss: 1.1704
Epoch 69/100 - Validation Loss: 1.1691
Epoch 70/100 - Validation Loss: 1.1667
Epoch 71/100 - Validation Loss: 1.1641
Epoch 72/100 - Validation Loss: 1.1624
Epoch 73/100 - Validation Loss: 1.1604
Epoch 74/100 - Validation Loss: 1.1595
Epoch 75/100 - Validation Loss: 1.1556
Epoch 76/100 - Validation Loss: 1.1547
Epoch 77/100 - Validation Loss: 1.1528
Epoch 78/100 - Validation Loss: 1.1499
Epoch 79/100 - Validation Loss: 1.1489
Epoch 80/100 - Validation Loss: 1.1462
Epoch 81/100 - Validation Loss: 1.1447
Epoch 82/100 - Validation Loss: 1.1435
Epoch 83/100 - Validation Loss: 1.1414
Epoch 84/100 - Validation Loss: 1.1383
Epoch 85/100 - Validation Loss: 1.1375
Epoch 86/100 - Validation Loss: 1.1354
Epoch 87/100 - Validation Loss: 1.1341
Epoch 88/100 - Validation Loss: 1.1314
Epoch 89/100 - Validation Loss: 1.1304
Epoch 90/100 - Validation Loss: 1.1279
Epoch 91/100 - Validation Loss: 1.1259
Epoch 92/100 - Validation Loss: 1.1246
Epoch 93/100 - Validation Loss: 1.1227
Epoch 94/100 - Validation Loss: 1.1214
Epoch 95/100 - Validation Loss: 1.1194
Epoch 96/100 - Validation Loss: 1.1174
Epoch 97/100 - Validation Loss: 1.1157
Epoch 98/100 - Validation Loss: 1.1145
Epoch 99/100 - Validation Loss: 1.1122
Epoch 100/100 - Validation Loss: 1.1108
Best AUC: 0.872866480914164

--- Run 3/5 for shift 0 ---
Train Shape: (11710, 1028)
Val Shape: (1302, 1028)
Test Shape: (3254, 1028)
Training Early Fusion Model:
The number of parameters of the model are: 1025
Epoch 1/100 - Validation Loss: 1.2790
Epoch 2/100 - Validation Loss: 1.2751
Epoch 3/100 - Validation Loss: 1.2711
Epoch 4/100 - Validation Loss: 1.2675
Epoch 5/100 - Validation Loss: 1.2636
Epoch 6/100 - Validation Loss: 1.2599
Epoch 7/100 - Validation Loss: 1.2562
Epoch 8/100 - Validation Loss: 1.2526
Epoch 9/100 - Validation Loss: 1.2492
Epoch 10/100 - Validation Loss: 1.2456
Epoch 11/100 - Validation Loss: 1.2424
Epoch 12/100 - Validation Loss: 1.2386
Epoch 13/100 - Validation Loss: 1.2354
Epoch 14/100 - Validation Loss: 1.2318
Epoch 15/100 - Validation Loss: 1.2287
Epoch 16/100 - Validation Loss: 1.2253
Epoch 17/100 - Validation Loss: 1.2220
Epoch 18/100 - Validation Loss: 1.2188
Epoch 19/100 - Validation Loss: 1.2157
Epoch 20/100 - Validation Loss: 1.2124
Epoch 21/100 - Validation Loss: 1.2096
Epoch 22/100 - Validation Loss: 1.2063
Epoch 23/100 - Validation Loss: 1.2032
Epoch 24/100 - Validation Loss: 1.2001
Epoch 25/100 - Validation Loss: 1.1973
Epoch 26/100 - Validation Loss: 1.1944
Epoch 27/100 - Validation Loss: 1.1913
Epoch 28/100 - Validation Loss: 1.1885
Epoch 29/100 - Validation Loss: 1.1858
Epoch 30/100 - Validation Loss: 1.1827
Epoch 31/100 - Validation Loss: 1.1800
Epoch 32/100 - Validation Loss: 1.1772
Epoch 33/100 - Validation Loss: 1.1744
Epoch 34/100 - Validation Loss: 1.1718
Epoch 35/100 - Validation Loss: 1.1691
Epoch 36/100 - Validation Loss: 1.1663
Epoch 37/100 - Validation Loss: 1.1638
Epoch 38/100 - Validation Loss: 1.1610
Epoch 39/100 - Validation Loss: 1.1585
Epoch 40/100 - Validation Loss: 1.1559
Epoch 41/100 - Validation Loss: 1.1534
Epoch 42/100 - Validation Loss: 1.1510
Epoch 43/100 - Validation Loss: 1.1483
Epoch 44/100 - Validation Loss: 1.1459
Epoch 45/100 - Validation Loss: 1.1435
Epoch 46/100 - Validation Loss: 1.1410
Epoch 47/100 - Validation Loss: 1.1386
Epoch 48/100 - Validation Loss: 1.1361
Epoch 49/100 - Validation Loss: 1.1338
Epoch 50/100 - Validation Loss: 1.1314
Epoch 51/100 - Validation Loss: 1.1291
Epoch 52/100 - Validation Loss: 1.1270
Epoch 53/100 - Validation Loss: 1.1245
Epoch 54/100 - Validation Loss: 1.1222
Epoch 55/100 - Validation Loss: 1.1199
Epoch 56/100 - Validation Loss: 1.1177
Epoch 57/100 - Validation Loss: 1.1156
Epoch 58/100 - Validation Loss: 1.1133
Epoch 59/100 - Validation Loss: 1.1113
Epoch 60/100 - Validation Loss: 1.1089
Epoch 61/100 - Validation Loss: 1.1068
Epoch 62/100 - Validation Loss: 1.1046
Epoch 63/100 - Validation Loss: 1.1027
Epoch 64/100 - Validation Loss: 1.1004
Epoch 65/100 - Validation Loss: 1.0984
Epoch 66/100 - Validation Loss: 1.0962
Epoch 67/100 - Validation Loss: 1.0942
Epoch 68/100 - Validation Loss: 1.0922
Epoch 69/100 - Validation Loss: 1.0902
Epoch 70/100 - Validation Loss: 1.0881
Epoch 71/100 - Validation Loss: 1.0861
Epoch 72/100 - Validation Loss: 1.0841
Epoch 73/100 - Validation Loss: 1.0822
Epoch 74/100 - Validation Loss: 1.0803
Epoch 75/100 - Validation Loss: 1.0784
Epoch 76/100 - Validation Loss: 1.0764
Epoch 77/100 - Validation Loss: 1.0747
Epoch 78/100 - Validation Loss: 1.0727
Epoch 79/100 - Validation Loss: 1.0709
Epoch 80/100 - Validation Loss: 1.0689
Epoch 81/100 - Validation Loss: 1.0671
Epoch 82/100 - Validation Loss: 1.0654
Epoch 83/100 - Validation Loss: 1.0635
Epoch 84/100 - Validation Loss: 1.0616
Epoch 85/100 - Validation Loss: 1.0599
Epoch 86/100 - Validation Loss: 1.0581
Epoch 87/100 - Validation Loss: 1.0564
Epoch 88/100 - Validation Loss: 1.0546
Epoch 89/100 - Validation Loss: 1.0530
Epoch 90/100 - Validation Loss: 1.0512
Epoch 91/100 - Validation Loss: 1.0495
Epoch 92/100 - Validation Loss: 1.0477
Epoch 93/100 - Validation Loss: 1.0461
Epoch 94/100 - Validation Loss: 1.0444
Epoch 95/100 - Validation Loss: 1.0428
Epoch 96/100 - Validation Loss: 1.0411
Epoch 97/100 - Validation Loss: 1.0395
Epoch 98/100 - Validation Loss: 1.0378
Epoch 99/100 - Validation Loss: 1.0362
Epoch 100/100 - Validation Loss: 1.0347
Best AUC: 0.8732636320169201

--- Run 4/5 for shift 0 ---
Train Shape: (11710, 1028)
Val Shape: (1302, 1028)
Test Shape: (3254, 1028)
Training Early Fusion Model:
The number of parameters of the model are: 1025
Epoch 1/100 - Validation Loss: 1.4495
Epoch 2/100 - Validation Loss: 1.4471
Epoch 3/100 - Validation Loss: 1.4461
Epoch 4/100 - Validation Loss: 1.4410
Epoch 5/100 - Validation Loss: 1.4369
Epoch 6/100 - Validation Loss: 1.4327
Epoch 7/100 - Validation Loss: 1.4277
Epoch 8/100 - Validation Loss: 1.4236
Epoch 9/100 - Validation Loss: 1.4202
Epoch 10/100 - Validation Loss: 1.4162
Epoch 11/100 - Validation Loss: 1.4109
Epoch 12/100 - Validation Loss: 1.4085
Epoch 13/100 - Validation Loss: 1.4014
Epoch 14/100 - Validation Loss: 1.4005
Epoch 15/100 - Validation Loss: 1.3952
Epoch 16/100 - Validation Loss: 1.3905
Epoch 17/100 - Validation Loss: 1.3876
Epoch 18/100 - Validation Loss: 1.3847
Epoch 19/100 - Validation Loss: 1.3812
Epoch 20/100 - Validation Loss: 1.3765
Epoch 21/100 - Validation Loss: 1.3748
Epoch 22/100 - Validation Loss: 1.3684
Epoch 23/100 - Validation Loss: 1.3661
Epoch 24/100 - Validation Loss: 1.3618
Epoch 25/100 - Validation Loss: 1.3579
Epoch 26/100 - Validation Loss: 1.3556
Epoch 27/100 - Validation Loss: 1.3519
Epoch 28/100 - Validation Loss: 1.3480
Epoch 29/100 - Validation Loss: 1.3461
Epoch 30/100 - Validation Loss: 1.3431
Epoch 31/100 - Validation Loss: 1.3373
Epoch 32/100 - Validation Loss: 1.3353
Epoch 33/100 - Validation Loss: 1.3311
Epoch 34/100 - Validation Loss: 1.3293
Epoch 35/100 - Validation Loss: 1.3266
Epoch 36/100 - Validation Loss: 1.3234
Epoch 37/100 - Validation Loss: 1.3199
Epoch 38/100 - Validation Loss: 1.3168
Epoch 39/100 - Validation Loss: 1.3142
Epoch 40/100 - Validation Loss: 1.3084
Epoch 41/100 - Validation Loss: 1.3097
Epoch 42/100 - Validation Loss: 1.3052
Epoch 43/100 - Validation Loss: 1.3008
Epoch 44/100 - Validation Loss: 1.2978
Epoch 45/100 - Validation Loss: 1.2955
Epoch 46/100 - Validation Loss: 1.2931
Epoch 47/100 - Validation Loss: 1.2898
Epoch 48/100 - Validation Loss: 1.2872
Epoch 49/100 - Validation Loss: 1.2844
Epoch 50/100 - Validation Loss: 1.2811
Epoch 51/100 - Validation Loss: 1.2781
Epoch 52/100 - Validation Loss: 1.2759
Epoch 53/100 - Validation Loss: 1.2743
Epoch 54/100 - Validation Loss: 1.2713
Epoch 55/100 - Validation Loss: 1.2667
Epoch 56/100 - Validation Loss: 1.2647
Epoch 57/100 - Validation Loss: 1.2632
Epoch 58/100 - Validation Loss: 1.2609
Epoch 59/100 - Validation Loss: 1.2574
Epoch 60/100 - Validation Loss: 1.2543
Epoch 61/100 - Validation Loss: 1.2522
Epoch 62/100 - Validation Loss: 1.2504
Epoch 63/100 - Validation Loss: 1.2473
Epoch 64/100 - Validation Loss: 1.2447
Epoch 65/100 - Validation Loss: 1.2430
Epoch 66/100 - Validation Loss: 1.2399
Epoch 67/100 - Validation Loss: 1.2370
Epoch 68/100 - Validation Loss: 1.2342
Epoch 69/100 - Validation Loss: 1.2333
Epoch 70/100 - Validation Loss: 1.2295
Epoch 71/100 - Validation Loss: 1.2279
Epoch 72/100 - Validation Loss: 1.2259
Epoch 73/100 - Validation Loss: 1.2239
Epoch 74/100 - Validation Loss: 1.2197
Epoch 75/100 - Validation Loss: 1.2195
Epoch 76/100 - Validation Loss: 1.2169
Epoch 77/100 - Validation Loss: 1.2134
Epoch 78/100 - Validation Loss: 1.2123
Epoch 79/100 - Validation Loss: 1.2097
Epoch 80/100 - Validation Loss: 1.2075
Epoch 81/100 - Validation Loss: 1.2060
Epoch 82/100 - Validation Loss: 1.2037
Epoch 83/100 - Validation Loss: 1.2018
Epoch 84/100 - Validation Loss: 1.1979
Epoch 85/100 - Validation Loss: 1.1969
Epoch 86/100 - Validation Loss: 1.1952
Epoch 87/100 - Validation Loss: 1.1928
Epoch 88/100 - Validation Loss: 1.1918
Epoch 89/100 - Validation Loss: 1.1884
Epoch 90/100 - Validation Loss: 1.1869
Epoch 91/100 - Validation Loss: 1.1834
Epoch 92/100 - Validation Loss: 1.1827
Epoch 93/100 - Validation Loss: 1.1816
Epoch 94/100 - Validation Loss: 1.1786
Epoch 95/100 - Validation Loss: 1.1770
Epoch 96/100 - Validation Loss: 1.1739
Epoch 97/100 - Validation Loss: 1.1720
Epoch 98/100 - Validation Loss: 1.1704
Epoch 99/100 - Validation Loss: 1.1688
Epoch 100/100 - Validation Loss: 1.1686
Best AUC: 0.8738321032032182

--- Run 5/5 for shift 0 ---
Train Shape: (11710, 1028)
Val Shape: (1302, 1028)
Test Shape: (3254, 1028)
Training Early Fusion Model:
The number of parameters of the model are: 1025
Epoch 1/100 - Validation Loss: 1.3126
Epoch 2/100 - Validation Loss: 1.3087
Epoch 3/100 - Validation Loss: 1.3047
Epoch 4/100 - Validation Loss: 1.3010
Epoch 5/100 - Validation Loss: 1.2972
Epoch 6/100 - Validation Loss: 1.2937
Epoch 7/100 - Validation Loss: 1.2901
Epoch 8/100 - Validation Loss: 1.2865
Epoch 9/100 - Validation Loss: 1.2828
Epoch 10/100 - Validation Loss: 1.2795
Epoch 11/100 - Validation Loss: 1.2760
Epoch 12/100 - Validation Loss: 1.2724
Epoch 13/100 - Validation Loss: 1.2690
Epoch 14/100 - Validation Loss: 1.2658
Epoch 15/100 - Validation Loss: 1.2630
Epoch 16/100 - Validation Loss: 1.2592
Epoch 17/100 - Validation Loss: 1.2559
Epoch 18/100 - Validation Loss: 1.2530
Epoch 19/100 - Validation Loss: 1.2498
Epoch 20/100 - Validation Loss: 1.2465
Epoch 21/100 - Validation Loss: 1.2438
Epoch 22/100 - Validation Loss: 1.2406
Epoch 23/100 - Validation Loss: 1.2376
Epoch 24/100 - Validation Loss: 1.2349
Epoch 25/100 - Validation Loss: 1.2319
Epoch 26/100 - Validation Loss: 1.2289
Epoch 27/100 - Validation Loss: 1.2261
Epoch 28/100 - Validation Loss: 1.2231
Epoch 29/100 - Validation Loss: 1.2205
Epoch 30/100 - Validation Loss: 1.2178
Epoch 31/100 - Validation Loss: 1.2151
Epoch 32/100 - Validation Loss: 1.2121
Epoch 33/100 - Validation Loss: 1.2093
Epoch 34/100 - Validation Loss: 1.2067
Epoch 35/100 - Validation Loss: 1.2040
Epoch 36/100 - Validation Loss: 1.2016
Epoch 37/100 - Validation Loss: 1.1989
Epoch 38/100 - Validation Loss: 1.1961
Epoch 39/100 - Validation Loss: 1.1936
Epoch 40/100 - Validation Loss: 1.1911
Epoch 41/100 - Validation Loss: 1.1887
Epoch 42/100 - Validation Loss: 1.1861
Epoch 43/100 - Validation Loss: 1.1836
Epoch 44/100 - Validation Loss: 1.1810
Epoch 45/100 - Validation Loss: 1.1789
Epoch 46/100 - Validation Loss: 1.1766
Epoch 47/100 - Validation Loss: 1.1741
Epoch 48/100 - Validation Loss: 1.1716
Epoch 49/100 - Validation Loss: 1.1693
Epoch 50/100 - Validation Loss: 1.1675
Epoch 51/100 - Validation Loss: 1.1647
Epoch 52/100 - Validation Loss: 1.1625
Epoch 53/100 - Validation Loss: 1.1606
Epoch 54/100 - Validation Loss: 1.1583
Epoch 55/100 - Validation Loss: 1.1559
Epoch 56/100 - Validation Loss: 1.1538
Epoch 57/100 - Validation Loss: 1.1523
Epoch 58/100 - Validation Loss: 1.1496
Epoch 59/100 - Validation Loss: 1.1476
Epoch 60/100 - Validation Loss: 1.1453
Epoch 61/100 - Validation Loss: 1.1436
Epoch 62/100 - Validation Loss: 1.1421
Epoch 63/100 - Validation Loss: 1.1395
Epoch 64/100 - Validation Loss: 1.1372
Epoch 65/100 - Validation Loss: 1.1358
Epoch 66/100 - Validation Loss: 1.1335
Epoch 67/100 - Validation Loss: 1.1317
Epoch 68/100 - Validation Loss: 1.1295
Epoch 69/100 - Validation Loss: 1.1280
Epoch 70/100 - Validation Loss: 1.1259
Epoch 71/100 - Validation Loss: 1.1242
Epoch 72/100 - Validation Loss: 1.1221
Epoch 73/100 - Validation Loss: 1.1202
Epoch 74/100 - Validation Loss: 1.1185
Epoch 75/100 - Validation Loss: 1.1169
Epoch 76/100 - Validation Loss: 1.1150
Epoch 77/100 - Validation Loss: 1.1133
Epoch 78/100 - Validation Loss: 1.1113
Epoch 79/100 - Validation Loss: 1.1102
Epoch 80/100 - Validation Loss: 1.1079
Epoch 81/100 - Validation Loss: 1.1066
Epoch 82/100 - Validation Loss: 1.1045
Epoch 83/100 - Validation Loss: 1.1030
Epoch 84/100 - Validation Loss: 1.1012
Epoch 85/100 - Validation Loss: 1.0996
Epoch 86/100 - Validation Loss: 1.0980
Epoch 87/100 - Validation Loss: 1.0967
Epoch 88/100 - Validation Loss: 1.0947
Epoch 89/100 - Validation Loss: 1.0933
Epoch 90/100 - Validation Loss: 1.0916
Epoch 91/100 - Validation Loss: 1.0901
Epoch 92/100 - Validation Loss: 1.0883
Epoch 93/100 - Validation Loss: 1.0867
Epoch 94/100 - Validation Loss: 1.0855
Epoch 95/100 - Validation Loss: 1.0837
Epoch 96/100 - Validation Loss: 1.0822
Epoch 97/100 - Validation Loss: 1.0809
Epoch 98/100 - Validation Loss: 1.0792
Epoch 99/100 - Validation Loss: 1.0779
Epoch 100/100 - Validation Loss: 1.0763
Best AUC: 0.8737635751698015
##################################################  Shift 0.1  ##################################################
Subsampling 16266 data points to 5000 for cleaner visualization.

--- Run 1/5 for shift 0.1 ---
Train Shape: (11710, 1028)
Val Shape: (1302, 1028)
Test Shape: (3254, 1028)
Training Early Fusion Model:
The number of parameters of the model are: 1025
Epoch 1/100 - Validation Loss: 1.3949
Epoch 2/100 - Validation Loss: 1.3908
Epoch 3/100 - Validation Loss: 1.3865
Epoch 4/100 - Validation Loss: 1.3836
Epoch 5/100 - Validation Loss: 1.3804
Epoch 6/100 - Validation Loss: 1.3756
Epoch 7/100 - Validation Loss: 1.3716
Epoch 8/100 - Validation Loss: 1.3696
Epoch 9/100 - Validation Loss: 1.3643
Epoch 10/100 - Validation Loss: 1.3607
Epoch 11/100 - Validation Loss: 1.3573
Epoch 12/100 - Validation Loss: 1.3531
Epoch 13/100 - Validation Loss: 1.3488
Epoch 14/100 - Validation Loss: 1.3464
Epoch 15/100 - Validation Loss: 1.3437
Epoch 16/100 - Validation Loss: 1.3393
Epoch 17/100 - Validation Loss: 1.3362
Epoch 18/100 - Validation Loss: 1.3320
Epoch 19/100 - Validation Loss: 1.3289
Epoch 20/100 - Validation Loss: 1.3247
Epoch 21/100 - Validation Loss: 1.3231
Epoch 22/100 - Validation Loss: 1.3186
Epoch 23/100 - Validation Loss: 1.3152
Epoch 24/100 - Validation Loss: 1.3111
Epoch 25/100 - Validation Loss: 1.3090
Epoch 26/100 - Validation Loss: 1.3046
Epoch 27/100 - Validation Loss: 1.3027
Epoch 28/100 - Validation Loss: 1.3001
Epoch 29/100 - Validation Loss: 1.2955
Epoch 30/100 - Validation Loss: 1.2930
Epoch 31/100 - Validation Loss: 1.2895
Epoch 32/100 - Validation Loss: 1.2872
Epoch 33/100 - Validation Loss: 1.2841
Epoch 34/100 - Validation Loss: 1.2811
Epoch 35/100 - Validation Loss: 1.2786
Epoch 36/100 - Validation Loss: 1.2748
Epoch 37/100 - Validation Loss: 1.2723
Epoch 38/100 - Validation Loss: 1.2688
Epoch 39/100 - Validation Loss: 1.2662
Epoch 40/100 - Validation Loss: 1.2634
Epoch 41/100 - Validation Loss: 1.2609
Epoch 42/100 - Validation Loss: 1.2581
Epoch 43/100 - Validation Loss: 1.2553
Epoch 44/100 - Validation Loss: 1.2523
Epoch 45/100 - Validation Loss: 1.2496
Epoch 46/100 - Validation Loss: 1.2467
Epoch 47/100 - Validation Loss: 1.2441
Epoch 48/100 - Validation Loss: 1.2427
Epoch 49/100 - Validation Loss: 1.2390
Epoch 50/100 - Validation Loss: 1.2360
Epoch 51/100 - Validation Loss: 1.2337
Epoch 52/100 - Validation Loss: 1.2310
Epoch 53/100 - Validation Loss: 1.2290
Epoch 54/100 - Validation Loss: 1.2261
Epoch 55/100 - Validation Loss: 1.2226
Epoch 56/100 - Validation Loss: 1.2226
Epoch 57/100 - Validation Loss: 1.2192
Epoch 58/100 - Validation Loss: 1.2171
Epoch 59/100 - Validation Loss: 1.2144
Epoch 60/100 - Validation Loss: 1.2115
Epoch 61/100 - Validation Loss: 1.2085
Epoch 62/100 - Validation Loss: 1.2082
Epoch 63/100 - Validation Loss: 1.2045
Epoch 64/100 - Validation Loss: 1.2030
Epoch 65/100 - Validation Loss: 1.2013
Epoch 66/100 - Validation Loss: 1.1985
Epoch 67/100 - Validation Loss: 1.1956
Epoch 68/100 - Validation Loss: 1.1933
Epoch 69/100 - Validation Loss: 1.1915
Epoch 70/100 - Validation Loss: 1.1887
Epoch 71/100 - Validation Loss: 1.1869
Epoch 72/100 - Validation Loss: 1.1853
Epoch 73/100 - Validation Loss: 1.1828
Epoch 74/100 - Validation Loss: 1.1810
Epoch 75/100 - Validation Loss: 1.1785
Epoch 76/100 - Validation Loss: 1.1764
Epoch 77/100 - Validation Loss: 1.1746
Epoch 78/100 - Validation Loss: 1.1734
Epoch 79/100 - Validation Loss: 1.1701
Epoch 80/100 - Validation Loss: 1.1675
Epoch 81/100 - Validation Loss: 1.1662
Epoch 82/100 - Validation Loss: 1.1655
Epoch 83/100 - Validation Loss: 1.1621
Epoch 84/100 - Validation Loss: 1.1606
Epoch 85/100 - Validation Loss: 1.1581
Epoch 86/100 - Validation Loss: 1.1571
Epoch 87/100 - Validation Loss: 1.1551
Epoch 88/100 - Validation Loss: 1.1525
Epoch 89/100 - Validation Loss: 1.1508
Epoch 90/100 - Validation Loss: 1.1494
Epoch 91/100 - Validation Loss: 1.1474
Epoch 92/100 - Validation Loss: 1.1449
Epoch 93/100 - Validation Loss: 1.1434
Epoch 94/100 - Validation Loss: 1.1422
Epoch 95/100 - Validation Loss: 1.1397
Epoch 96/100 - Validation Loss: 1.1381
Epoch 97/100 - Validation Loss: 1.1359
Epoch 98/100 - Validation Loss: 1.1341
Epoch 99/100 - Validation Loss: 1.1334
Epoch 100/100 - Validation Loss: 1.1305
Best AUC: 0.8734396244663769

--- Run 2/5 for shift 0.1 ---
Train Shape: (11710, 1028)
Val Shape: (1302, 1028)
Test Shape: (3254, 1028)
Training Early Fusion Model:
The number of parameters of the model are: 1025
Epoch 1/100 - Validation Loss: 1.3613
Epoch 2/100 - Validation Loss: 1.3557
Epoch 3/100 - Validation Loss: 1.3520
Epoch 4/100 - Validation Loss: 1.3477
Epoch 5/100 - Validation Loss: 1.3436
Epoch 6/100 - Validation Loss: 1.3394
Epoch 7/100 - Validation Loss: 1.3357
Epoch 8/100 - Validation Loss: 1.3324
Epoch 9/100 - Validation Loss: 1.3287
Epoch 10/100 - Validation Loss: 1.3253
Epoch 11/100 - Validation Loss: 1.3208
Epoch 12/100 - Validation Loss: 1.3172
Epoch 13/100 - Validation Loss: 1.3138
Epoch 14/100 - Validation Loss: 1.3112
Epoch 15/100 - Validation Loss: 1.3068
Epoch 16/100 - Validation Loss: 1.3037
Epoch 17/100 - Validation Loss: 1.3008
Epoch 18/100 - Validation Loss: 1.2963
Epoch 19/100 - Validation Loss: 1.2934
Epoch 20/100 - Validation Loss: 1.2905
Epoch 21/100 - Validation Loss: 1.2871
Epoch 22/100 - Validation Loss: 1.2845
Epoch 23/100 - Validation Loss: 1.2804
Epoch 24/100 - Validation Loss: 1.2783
Epoch 25/100 - Validation Loss: 1.2746
Epoch 26/100 - Validation Loss: 1.2717
Epoch 27/100 - Validation Loss: 1.2685
Epoch 28/100 - Validation Loss: 1.2654
Epoch 29/100 - Validation Loss: 1.2623
Epoch 30/100 - Validation Loss: 1.2593
Epoch 31/100 - Validation Loss: 1.2562
Epoch 32/100 - Validation Loss: 1.2539
Epoch 33/100 - Validation Loss: 1.2506
Epoch 34/100 - Validation Loss: 1.2486
Epoch 35/100 - Validation Loss: 1.2451
Epoch 36/100 - Validation Loss: 1.2414
Epoch 37/100 - Validation Loss: 1.2401
Epoch 38/100 - Validation Loss: 1.2365
Epoch 39/100 - Validation Loss: 1.2340
Epoch 40/100 - Validation Loss: 1.2313
Epoch 41/100 - Validation Loss: 1.2284
Epoch 42/100 - Validation Loss: 1.2269
Epoch 43/100 - Validation Loss: 1.2230
Epoch 44/100 - Validation Loss: 1.2211
Epoch 45/100 - Validation Loss: 1.2176
Epoch 46/100 - Validation Loss: 1.2156
Epoch 47/100 - Validation Loss: 1.2134
Epoch 48/100 - Validation Loss: 1.2107
Epoch 49/100 - Validation Loss: 1.2082
Epoch 50/100 - Validation Loss: 1.2051
Epoch 51/100 - Validation Loss: 1.2036
Epoch 52/100 - Validation Loss: 1.1993
Epoch 53/100 - Validation Loss: 1.1976
Epoch 54/100 - Validation Loss: 1.1959
Epoch 55/100 - Validation Loss: 1.1937
Epoch 56/100 - Validation Loss: 1.1911
Epoch 57/100 - Validation Loss: 1.1892
Epoch 58/100 - Validation Loss: 1.1862
Epoch 59/100 - Validation Loss: 1.1840
Epoch 60/100 - Validation Loss: 1.1821
Epoch 61/100 - Validation Loss: 1.1803
Epoch 62/100 - Validation Loss: 1.1784
Epoch 63/100 - Validation Loss: 1.1758
Epoch 64/100 - Validation Loss: 1.1724
Epoch 65/100 - Validation Loss: 1.1708
Epoch 66/100 - Validation Loss: 1.1684
Epoch 67/100 - Validation Loss: 1.1670
Epoch 68/100 - Validation Loss: 1.1643
Epoch 69/100 - Validation Loss: 1.1630
Epoch 70/100 - Validation Loss: 1.1605
Epoch 71/100 - Validation Loss: 1.1578
Epoch 72/100 - Validation Loss: 1.1561
Epoch 73/100 - Validation Loss: 1.1540
Epoch 74/100 - Validation Loss: 1.1531
Epoch 75/100 - Validation Loss: 1.1492
Epoch 76/100 - Validation Loss: 1.1483
Epoch 77/100 - Validation Loss: 1.1463
Epoch 78/100 - Validation Loss: 1.1434
Epoch 79/100 - Validation Loss: 1.1423
Epoch 80/100 - Validation Loss: 1.1396
Epoch 81/100 - Validation Loss: 1.1381
Epoch 82/100 - Validation Loss: 1.1369
Epoch 83/100 - Validation Loss: 1.1347
Epoch 84/100 - Validation Loss: 1.1316
Epoch 85/100 - Validation Loss: 1.1307
Epoch 86/100 - Validation Loss: 1.1286
Epoch 87/100 - Validation Loss: 1.1273
Epoch 88/100 - Validation Loss: 1.1245
Epoch 89/100 - Validation Loss: 1.1235
Epoch 90/100 - Validation Loss: 1.1210
Epoch 91/100 - Validation Loss: 1.1190
Epoch 92/100 - Validation Loss: 1.1177
Epoch 93/100 - Validation Loss: 1.1157
Epoch 94/100 - Validation Loss: 1.1144
Epoch 95/100 - Validation Loss: 1.1123
Epoch 96/100 - Validation Loss: 1.1103
Epoch 97/100 - Validation Loss: 1.1086
Epoch 98/100 - Validation Loss: 1.1073
Epoch 99/100 - Validation Loss: 1.1050
Epoch 100/100 - Validation Loss: 1.1036
Best AUC: 0.8740688364095672

--- Run 3/5 for shift 0.1 ---
Train Shape: (11710, 1028)
Val Shape: (1302, 1028)
Test Shape: (3254, 1028)
Training Early Fusion Model:
The number of parameters of the model are: 1025
Epoch 1/100 - Validation Loss: 1.2788
Epoch 2/100 - Validation Loss: 1.2747
Epoch 3/100 - Validation Loss: 1.2706
Epoch 4/100 - Validation Loss: 1.2669
Epoch 5/100 - Validation Loss: 1.2628
Epoch 6/100 - Validation Loss: 1.2589
Epoch 7/100 - Validation Loss: 1.2551
Epoch 8/100 - Validation Loss: 1.2514
Epoch 9/100 - Validation Loss: 1.2478
Epoch 10/100 - Validation Loss: 1.2441
Epoch 11/100 - Validation Loss: 1.2408
Epoch 12/100 - Validation Loss: 1.2368
Epoch 13/100 - Validation Loss: 1.2335
Epoch 14/100 - Validation Loss: 1.2298
Epoch 15/100 - Validation Loss: 1.2266
Epoch 16/100 - Validation Loss: 1.2231
Epoch 17/100 - Validation Loss: 1.2197
Epoch 18/100 - Validation Loss: 1.2164
Epoch 19/100 - Validation Loss: 1.2131
Epoch 20/100 - Validation Loss: 1.2097
Epoch 21/100 - Validation Loss: 1.2068
Epoch 22/100 - Validation Loss: 1.2034
Epoch 23/100 - Validation Loss: 1.2002
Epoch 24/100 - Validation Loss: 1.1970
Epoch 25/100 - Validation Loss: 1.1941
Epoch 26/100 - Validation Loss: 1.1911
Epoch 27/100 - Validation Loss: 1.1879
Epoch 28/100 - Validation Loss: 1.1850
Epoch 29/100 - Validation Loss: 1.1822
Epoch 30/100 - Validation Loss: 1.1791
Epoch 31/100 - Validation Loss: 1.1763
Epoch 32/100 - Validation Loss: 1.1734
Epoch 33/100 - Validation Loss: 1.1705
Epoch 34/100 - Validation Loss: 1.1678
Epoch 35/100 - Validation Loss: 1.1651
Epoch 36/100 - Validation Loss: 1.1622
Epoch 37/100 - Validation Loss: 1.1596
Epoch 38/100 - Validation Loss: 1.1568
Epoch 39/100 - Validation Loss: 1.1542
Epoch 40/100 - Validation Loss: 1.1515
Epoch 41/100 - Validation Loss: 1.1489
Epoch 42/100 - Validation Loss: 1.1464
Epoch 43/100 - Validation Loss: 1.1437
Epoch 44/100 - Validation Loss: 1.1413
Epoch 45/100 - Validation Loss: 1.1388
Epoch 46/100 - Validation Loss: 1.1362
Epoch 47/100 - Validation Loss: 1.1338
Epoch 48/100 - Validation Loss: 1.1313
Epoch 49/100 - Validation Loss: 1.1288
Epoch 50/100 - Validation Loss: 1.1264
Epoch 51/100 - Validation Loss: 1.1240
Epoch 52/100 - Validation Loss: 1.1219
Epoch 53/100 - Validation Loss: 1.1193
Epoch 54/100 - Validation Loss: 1.1170
Epoch 55/100 - Validation Loss: 1.1147
Epoch 56/100 - Validation Loss: 1.1124
Epoch 57/100 - Validation Loss: 1.1102
Epoch 58/100 - Validation Loss: 1.1078
Epoch 59/100 - Validation Loss: 1.1058
Epoch 60/100 - Validation Loss: 1.1034
Epoch 61/100 - Validation Loss: 1.1013
Epoch 62/100 - Validation Loss: 1.0990
Epoch 63/100 - Validation Loss: 1.0970
Epoch 64/100 - Validation Loss: 1.0948
Epoch 65/100 - Validation Loss: 1.0927
Epoch 66/100 - Validation Loss: 1.0905
Epoch 67/100 - Validation Loss: 1.0884
Epoch 68/100 - Validation Loss: 1.0864
Epoch 69/100 - Validation Loss: 1.0843
Epoch 70/100 - Validation Loss: 1.0822
Epoch 71/100 - Validation Loss: 1.0802
Epoch 72/100 - Validation Loss: 1.0782
Epoch 73/100 - Validation Loss: 1.0762
Epoch 74/100 - Validation Loss: 1.0742
Epoch 75/100 - Validation Loss: 1.0723
Epoch 76/100 - Validation Loss: 1.0703
Epoch 77/100 - Validation Loss: 1.0685
Epoch 78/100 - Validation Loss: 1.0665
Epoch 79/100 - Validation Loss: 1.0647
Epoch 80/100 - Validation Loss: 1.0627
Epoch 81/100 - Validation Loss: 1.0608
Epoch 82/100 - Validation Loss: 1.0591
Epoch 83/100 - Validation Loss: 1.0572
Epoch 84/100 - Validation Loss: 1.0553
Epoch 85/100 - Validation Loss: 1.0535
Epoch 86/100 - Validation Loss: 1.0517
Epoch 87/100 - Validation Loss: 1.0500
Epoch 88/100 - Validation Loss: 1.0482
Epoch 89/100 - Validation Loss: 1.0465
Epoch 90/100 - Validation Loss: 1.0447
Epoch 91/100 - Validation Loss: 1.0429
Epoch 92/100 - Validation Loss: 1.0412
Epoch 93/100 - Validation Loss: 1.0395
Epoch 94/100 - Validation Loss: 1.0378
Epoch 95/100 - Validation Loss: 1.0361
Epoch 96/100 - Validation Loss: 1.0345
Epoch 97/100 - Validation Loss: 1.0328
Epoch 98/100 - Validation Loss: 1.0312
Epoch 99/100 - Validation Loss: 1.0295
Epoch 100/100 - Validation Loss: 1.0279
Best AUC: 0.8744130340319559

--- Run 4/5 for shift 0.1 ---
Train Shape: (11710, 1028)
Val Shape: (1302, 1028)
Test Shape: (3254, 1028)
Training Early Fusion Model:
The number of parameters of the model are: 1025
Epoch 1/100 - Validation Loss: 1.4494
Epoch 2/100 - Validation Loss: 1.4468
Epoch 3/100 - Validation Loss: 1.4456
Epoch 4/100 - Validation Loss: 1.4404
Epoch 5/100 - Validation Loss: 1.4360
Epoch 6/100 - Validation Loss: 1.4316
Epoch 7/100 - Validation Loss: 1.4266
Epoch 8/100 - Validation Loss: 1.4223
Epoch 9/100 - Validation Loss: 1.4186
Epoch 10/100 - Validation Loss: 1.4145
Epoch 11/100 - Validation Loss: 1.4091
Epoch 12/100 - Validation Loss: 1.4066
Epoch 13/100 - Validation Loss: 1.3993
Epoch 14/100 - Validation Loss: 1.3983
Epoch 15/100 - Validation Loss: 1.3928
Epoch 16/100 - Validation Loss: 1.3879
Epoch 17/100 - Validation Loss: 1.3849
Epoch 18/100 - Validation Loss: 1.3819
Epoch 19/100 - Validation Loss: 1.3783
Epoch 20/100 - Validation Loss: 1.3734
Epoch 21/100 - Validation Loss: 1.3716
Epoch 22/100 - Validation Loss: 1.3651
Epoch 23/100 - Validation Loss: 1.3627
Epoch 24/100 - Validation Loss: 1.3583
Epoch 25/100 - Validation Loss: 1.3543
Epoch 26/100 - Validation Loss: 1.3518
Epoch 27/100 - Validation Loss: 1.3480
Epoch 28/100 - Validation Loss: 1.3441
Epoch 29/100 - Validation Loss: 1.3420
Epoch 30/100 - Validation Loss: 1.3389
Epoch 31/100 - Validation Loss: 1.3330
Epoch 32/100 - Validation Loss: 1.3310
Epoch 33/100 - Validation Loss: 1.3266
Epoch 34/100 - Validation Loss: 1.3248
Epoch 35/100 - Validation Loss: 1.3220
Epoch 36/100 - Validation Loss: 1.3187
Epoch 37/100 - Validation Loss: 1.3151
Epoch 38/100 - Validation Loss: 1.3119
Epoch 39/100 - Validation Loss: 1.3093
Epoch 40/100 - Validation Loss: 1.3034
Epoch 41/100 - Validation Loss: 1.3045
Epoch 42/100 - Validation Loss: 1.3001
Epoch 43/100 - Validation Loss: 1.2956
Epoch 44/100 - Validation Loss: 1.2925
Epoch 45/100 - Validation Loss: 1.2901
Epoch 46/100 - Validation Loss: 1.2876
Epoch 47/100 - Validation Loss: 1.2842
Epoch 48/100 - Validation Loss: 1.2816
Epoch 49/100 - Validation Loss: 1.2787
Epoch 50/100 - Validation Loss: 1.2754
Epoch 51/100 - Validation Loss: 1.2724
Epoch 52/100 - Validation Loss: 1.2701
Epoch 53/100 - Validation Loss: 1.2684
Epoch 54/100 - Validation Loss: 1.2653
Epoch 55/100 - Validation Loss: 1.2607
Epoch 56/100 - Validation Loss: 1.2586
Epoch 57/100 - Validation Loss: 1.2570
Epoch 58/100 - Validation Loss: 1.2547
Epoch 59/100 - Validation Loss: 1.2511
Epoch 60/100 - Validation Loss: 1.2480
Epoch 61/100 - Validation Loss: 1.2459
Epoch 62/100 - Validation Loss: 1.2440
Epoch 63/100 - Validation Loss: 1.2408
Epoch 64/100 - Validation Loss: 1.2382
Epoch 65/100 - Validation Loss: 1.2365
Epoch 66/100 - Validation Loss: 1.2333
Epoch 67/100 - Validation Loss: 1.2303
Epoch 68/100 - Validation Loss: 1.2276
Epoch 69/100 - Validation Loss: 1.2266
Epoch 70/100 - Validation Loss: 1.2228
Epoch 71/100 - Validation Loss: 1.2211
Epoch 72/100 - Validation Loss: 1.2191
Epoch 73/100 - Validation Loss: 1.2170
Epoch 74/100 - Validation Loss: 1.2128
Epoch 75/100 - Validation Loss: 1.2125
Epoch 76/100 - Validation Loss: 1.2098
Epoch 77/100 - Validation Loss: 1.2064
Epoch 78/100 - Validation Loss: 1.2052
Epoch 79/100 - Validation Loss: 1.2026
Epoch 80/100 - Validation Loss: 1.2004
Epoch 81/100 - Validation Loss: 1.1988
Epoch 82/100 - Validation Loss: 1.1965
Epoch 83/100 - Validation Loss: 1.1946
Epoch 84/100 - Validation Loss: 1.1906
Epoch 85/100 - Validation Loss: 1.1896
Epoch 86/100 - Validation Loss: 1.1879
Epoch 87/100 - Validation Loss: 1.1855
Epoch 88/100 - Validation Loss: 1.1844
Epoch 89/100 - Validation Loss: 1.1810
Epoch 90/100 - Validation Loss: 1.1794
Epoch 91/100 - Validation Loss: 1.1759
Epoch 92/100 - Validation Loss: 1.1752
Epoch 93/100 - Validation Loss: 1.1740
Epoch 94/100 - Validation Loss: 1.1710
Epoch 95/100 - Validation Loss: 1.1694
Epoch 96/100 - Validation Loss: 1.1663
Epoch 97/100 - Validation Loss: 1.1643
Epoch 98/100 - Validation Loss: 1.1628
Epoch 99/100 - Validation Loss: 1.1611
Epoch 100/100 - Validation Loss: 1.1608
Best AUC: 0.875023556511487

--- Run 5/5 for shift 0.1 ---
Train Shape: (11710, 1028)
Val Shape: (1302, 1028)
Test Shape: (3254, 1028)
Training Early Fusion Model:
The number of parameters of the model are: 1025
Epoch 1/100 - Validation Loss: 1.3124
Epoch 2/100 - Validation Loss: 1.3084
Epoch 3/100 - Validation Loss: 1.3042
Epoch 4/100 - Validation Loss: 1.3004
Epoch 5/100 - Validation Loss: 1.2964
Epoch 6/100 - Validation Loss: 1.2927
Epoch 7/100 - Validation Loss: 1.2890
Epoch 8/100 - Validation Loss: 1.2853
Epoch 9/100 - Validation Loss: 1.2814
Epoch 10/100 - Validation Loss: 1.2780
Epoch 11/100 - Validation Loss: 1.2743
Epoch 12/100 - Validation Loss: 1.2706
Epoch 13/100 - Validation Loss: 1.2671
Epoch 14/100 - Validation Loss: 1.2638
Epoch 15/100 - Validation Loss: 1.2608
Epoch 16/100 - Validation Loss: 1.2570
Epoch 17/100 - Validation Loss: 1.2536
Epoch 18/100 - Validation Loss: 1.2505
Epoch 19/100 - Validation Loss: 1.2473
Epoch 20/100 - Validation Loss: 1.2438
Epoch 21/100 - Validation Loss: 1.2411
Epoch 22/100 - Validation Loss: 1.2378
Epoch 23/100 - Validation Loss: 1.2346
Epoch 24/100 - Validation Loss: 1.2319
Epoch 25/100 - Validation Loss: 1.2288
Epoch 26/100 - Validation Loss: 1.2257
Epoch 27/100 - Validation Loss: 1.2228
Epoch 28/100 - Validation Loss: 1.2197
Epoch 29/100 - Validation Loss: 1.2170
Epoch 30/100 - Validation Loss: 1.2143
Epoch 31/100 - Validation Loss: 1.2114
Epoch 32/100 - Validation Loss: 1.2083
Epoch 33/100 - Validation Loss: 1.2055
Epoch 34/100 - Validation Loss: 1.2028
Epoch 35/100 - Validation Loss: 1.2001
Epoch 36/100 - Validation Loss: 1.1976
Epoch 37/100 - Validation Loss: 1.1948
Epoch 38/100 - Validation Loss: 1.1919
Epoch 39/100 - Validation Loss: 1.1894
Epoch 40/100 - Validation Loss: 1.1868
Epoch 41/100 - Validation Loss: 1.1844
Epoch 42/100 - Validation Loss: 1.1818
Epoch 43/100 - Validation Loss: 1.1791
Epoch 44/100 - Validation Loss: 1.1765
Epoch 45/100 - Validation Loss: 1.1743
Epoch 46/100 - Validation Loss: 1.1720
Epoch 47/100 - Validation Loss: 1.1694
Epoch 48/100 - Validation Loss: 1.1669
Epoch 49/100 - Validation Loss: 1.1645
Epoch 50/100 - Validation Loss: 1.1626
Epoch 51/100 - Validation Loss: 1.1598
Epoch 52/100 - Validation Loss: 1.1576
Epoch 53/100 - Validation Loss: 1.1556
Epoch 54/100 - Validation Loss: 1.1533
Epoch 55/100 - Validation Loss: 1.1509
Epoch 56/100 - Validation Loss: 1.1487
Epoch 57/100 - Validation Loss: 1.1471
Epoch 58/100 - Validation Loss: 1.1445
Epoch 59/100 - Validation Loss: 1.1423
Epoch 60/100 - Validation Loss: 1.1401
Epoch 61/100 - Validation Loss: 1.1383
Epoch 62/100 - Validation Loss: 1.1368
Epoch 63/100 - Validation Loss: 1.1341
Epoch 64/100 - Validation Loss: 1.1318
Epoch 65/100 - Validation Loss: 1.1304
Epoch 66/100 - Validation Loss: 1.1280
Epoch 67/100 - Validation Loss: 1.1262
Epoch 68/100 - Validation Loss: 1.1240
Epoch 69/100 - Validation Loss: 1.1225
Epoch 70/100 - Validation Loss: 1.1203
Epoch 71/100 - Validation Loss: 1.1186
Epoch 72/100 - Validation Loss: 1.1165
Epoch 73/100 - Validation Loss: 1.1146
Epoch 74/100 - Validation Loss: 1.1129
Epoch 75/100 - Validation Loss: 1.1112
Epoch 76/100 - Validation Loss: 1.1092
Epoch 77/100 - Validation Loss: 1.1075
Epoch 78/100 - Validation Loss: 1.1056
Epoch 79/100 - Validation Loss: 1.1043
Epoch 80/100 - Validation Loss: 1.1021
Epoch 81/100 - Validation Loss: 1.1007
Epoch 82/100 - Validation Loss: 1.0987
Epoch 83/100 - Validation Loss: 1.0971
Epoch 84/100 - Validation Loss: 1.0953
Epoch 85/100 - Validation Loss: 1.0936
Epoch 86/100 - Validation Loss: 1.0920
Epoch 87/100 - Validation Loss: 1.0907
Epoch 88/100 - Validation Loss: 1.0887
Epoch 89/100 - Validation Loss: 1.0873
Epoch 90/100 - Validation Loss: 1.0855
Epoch 91/100 - Validation Loss: 1.0840
Epoch 92/100 - Validation Loss: 1.0822
Epoch 93/100 - Validation Loss: 1.0806
Epoch 94/100 - Validation Loss: 1.0794
Epoch 95/100 - Validation Loss: 1.0775
Epoch 96/100 - Validation Loss: 1.0760
Epoch 97/100 - Validation Loss: 1.0747
Epoch 98/100 - Validation Loss: 1.0730
Epoch 99/100 - Validation Loss: 1.0717
Epoch 100/100 - Validation Loss: 1.0701
Best AUC: 0.8748646960703845
##################################################  Shift 0.2  ##################################################
Subsampling 16266 data points to 5000 for cleaner visualization.

--- Run 1/5 for shift 0.2 ---
Train Shape: (11710, 1028)
Val Shape: (1302, 1028)
Test Shape: (3254, 1028)
Training Early Fusion Model:
The number of parameters of the model are: 1025
Epoch 1/100 - Validation Loss: 1.3948
Epoch 2/100 - Validation Loss: 1.3906
Epoch 3/100 - Validation Loss: 1.3861
Epoch 4/100 - Validation Loss: 1.3831
Epoch 5/100 - Validation Loss: 1.3797
Epoch 6/100 - Validation Loss: 1.3747
Epoch 7/100 - Validation Loss: 1.3706
Epoch 8/100 - Validation Loss: 1.3684
Epoch 9/100 - Validation Loss: 1.3631
Epoch 10/100 - Validation Loss: 1.3593
Epoch 11/100 - Validation Loss: 1.3557
Epoch 12/100 - Validation Loss: 1.3514
Epoch 13/100 - Validation Loss: 1.3470
Epoch 14/100 - Validation Loss: 1.3445
Epoch 15/100 - Validation Loss: 1.3417
Epoch 16/100 - Validation Loss: 1.3371
Epoch 17/100 - Validation Loss: 1.3339
Epoch 18/100 - Validation Loss: 1.3296
Epoch 19/100 - Validation Loss: 1.3264
Epoch 20/100 - Validation Loss: 1.3221
Epoch 21/100 - Validation Loss: 1.3204
Epoch 22/100 - Validation Loss: 1.3158
Epoch 23/100 - Validation Loss: 1.3123
Epoch 24/100 - Validation Loss: 1.3081
Epoch 25/100 - Validation Loss: 1.3059
Epoch 26/100 - Validation Loss: 1.3014
Epoch 27/100 - Validation Loss: 1.2994
Epoch 28/100 - Validation Loss: 1.2967
Epoch 29/100 - Validation Loss: 1.2920
Epoch 30/100 - Validation Loss: 1.2895
Epoch 31/100 - Validation Loss: 1.2859
Epoch 32/100 - Validation Loss: 1.2835
Epoch 33/100 - Validation Loss: 1.2803
Epoch 34/100 - Validation Loss: 1.2773
Epoch 35/100 - Validation Loss: 1.2746
Epoch 36/100 - Validation Loss: 1.2708
Epoch 37/100 - Validation Loss: 1.2682
Epoch 38/100 - Validation Loss: 1.2646
Epoch 39/100 - Validation Loss: 1.2619
Epoch 40/100 - Validation Loss: 1.2590
Epoch 41/100 - Validation Loss: 1.2564
Epoch 42/100 - Validation Loss: 1.2536
Epoch 43/100 - Validation Loss: 1.2507
Epoch 44/100 - Validation Loss: 1.2477
Epoch 45/100 - Validation Loss: 1.2449
Epoch 46/100 - Validation Loss: 1.2420
Epoch 47/100 - Validation Loss: 1.2393
Epoch 48/100 - Validation Loss: 1.2378
Epoch 49/100 - Validation Loss: 1.2341
Epoch 50/100 - Validation Loss: 1.2310
Epoch 51/100 - Validation Loss: 1.2287
Epoch 52/100 - Validation Loss: 1.2260
Epoch 53/100 - Validation Loss: 1.2239
Epoch 54/100 - Validation Loss: 1.2209
Epoch 55/100 - Validation Loss: 1.2174
Epoch 56/100 - Validation Loss: 1.2173
Epoch 57/100 - Validation Loss: 1.2139
Epoch 58/100 - Validation Loss: 1.2117
Epoch 59/100 - Validation Loss: 1.2090
Epoch 60/100 - Validation Loss: 1.2060
Epoch 61/100 - Validation Loss: 1.2030
Epoch 62/100 - Validation Loss: 1.2026
Epoch 63/100 - Validation Loss: 1.1989
Epoch 64/100 - Validation Loss: 1.1973
Epoch 65/100 - Validation Loss: 1.1956
Epoch 66/100 - Validation Loss: 1.1927
Epoch 67/100 - Validation Loss: 1.1899
Epoch 68/100 - Validation Loss: 1.1875
Epoch 69/100 - Validation Loss: 1.1857
Epoch 70/100 - Validation Loss: 1.1828
Epoch 71/100 - Validation Loss: 1.1810
Epoch 72/100 - Validation Loss: 1.1794
Epoch 73/100 - Validation Loss: 1.1768
Epoch 74/100 - Validation Loss: 1.1750
Epoch 75/100 - Validation Loss: 1.1725
Epoch 76/100 - Validation Loss: 1.1703
Epoch 77/100 - Validation Loss: 1.1685
Epoch 78/100 - Validation Loss: 1.1672
Epoch 79/100 - Validation Loss: 1.1639
Epoch 80/100 - Validation Loss: 1.1612
Epoch 81/100 - Validation Loss: 1.1600
Epoch 82/100 - Validation Loss: 1.1593
Epoch 83/100 - Validation Loss: 1.1558
Epoch 84/100 - Validation Loss: 1.1543
Epoch 85/100 - Validation Loss: 1.1517
Epoch 86/100 - Validation Loss: 1.1508
Epoch 87/100 - Validation Loss: 1.1487
Epoch 88/100 - Validation Loss: 1.1461
Epoch 89/100 - Validation Loss: 1.1443
Epoch 90/100 - Validation Loss: 1.1429
Epoch 91/100 - Validation Loss: 1.1408
Epoch 92/100 - Validation Loss: 1.1384
Epoch 93/100 - Validation Loss: 1.1369
Epoch 94/100 - Validation Loss: 1.1356
Epoch 95/100 - Validation Loss: 1.1331
Epoch 96/100 - Validation Loss: 1.1315
Epoch 97/100 - Validation Loss: 1.1293
Epoch 98/100 - Validation Loss: 1.1275
Epoch 99/100 - Validation Loss: 1.1268
Epoch 100/100 - Validation Loss: 1.1238
Best AUC: 0.8746123883109864

--- Run 2/5 for shift 0.2 ---
Train Shape: (11710, 1028)
Val Shape: (1302, 1028)
Test Shape: (3254, 1028)
Training Early Fusion Model:
The number of parameters of the model are: 1025
Epoch 1/100 - Validation Loss: 1.3611
Epoch 2/100 - Validation Loss: 1.3553
Epoch 3/100 - Validation Loss: 1.3514
Epoch 4/100 - Validation Loss: 1.3470
Epoch 5/100 - Validation Loss: 1.3428
Epoch 6/100 - Validation Loss: 1.3385
Epoch 7/100 - Validation Loss: 1.3345
Epoch 8/100 - Validation Loss: 1.3311
Epoch 9/100 - Validation Loss: 1.3273
Epoch 10/100 - Validation Loss: 1.3238
Epoch 11/100 - Validation Loss: 1.3191
Epoch 12/100 - Validation Loss: 1.3154
Epoch 13/100 - Validation Loss: 1.3119
Epoch 14/100 - Validation Loss: 1.3091
Epoch 15/100 - Validation Loss: 1.3046
Epoch 16/100 - Validation Loss: 1.3015
Epoch 17/100 - Validation Loss: 1.2984
Epoch 18/100 - Validation Loss: 1.2938
Epoch 19/100 - Validation Loss: 1.2908
Epoch 20/100 - Validation Loss: 1.2878
Epoch 21/100 - Validation Loss: 1.2843
Epoch 22/100 - Validation Loss: 1.2816
Epoch 23/100 - Validation Loss: 1.2774
Epoch 24/100 - Validation Loss: 1.2752
Epoch 25/100 - Validation Loss: 1.2714
Epoch 26/100 - Validation Loss: 1.2684
Epoch 27/100 - Validation Loss: 1.2651
Epoch 28/100 - Validation Loss: 1.2619
Epoch 29/100 - Validation Loss: 1.2588
Epoch 30/100 - Validation Loss: 1.2557
Epoch 31/100 - Validation Loss: 1.2525
Epoch 32/100 - Validation Loss: 1.2501
Epoch 33/100 - Validation Loss: 1.2467
Epoch 34/100 - Validation Loss: 1.2446
Epoch 35/100 - Validation Loss: 1.2410
Epoch 36/100 - Validation Loss: 1.2373
Epoch 37/100 - Validation Loss: 1.2359
Epoch 38/100 - Validation Loss: 1.2322
Epoch 39/100 - Validation Loss: 1.2296
Epoch 40/100 - Validation Loss: 1.2269
Epoch 41/100 - Validation Loss: 1.2240
Epoch 42/100 - Validation Loss: 1.2224
Epoch 43/100 - Validation Loss: 1.2183
Epoch 44/100 - Validation Loss: 1.2165
Epoch 45/100 - Validation Loss: 1.2129
Epoch 46/100 - Validation Loss: 1.2108
Epoch 47/100 - Validation Loss: 1.2085
Epoch 48/100 - Validation Loss: 1.2057
Epoch 49/100 - Validation Loss: 1.2032
Epoch 50/100 - Validation Loss: 1.2001
Epoch 51/100 - Validation Loss: 1.1985
Epoch 52/100 - Validation Loss: 1.1941
Epoch 53/100 - Validation Loss: 1.1924
Epoch 54/100 - Validation Loss: 1.1906
Epoch 55/100 - Validation Loss: 1.1884
Epoch 56/100 - Validation Loss: 1.1857
Epoch 57/100 - Validation Loss: 1.1838
Epoch 58/100 - Validation Loss: 1.1807
Epoch 59/100 - Validation Loss: 1.1785
Epoch 60/100 - Validation Loss: 1.1765
Epoch 61/100 - Validation Loss: 1.1747
Epoch 62/100 - Validation Loss: 1.1727
Epoch 63/100 - Validation Loss: 1.1701
Epoch 64/100 - Validation Loss: 1.1667
Epoch 65/100 - Validation Loss: 1.1650
Epoch 66/100 - Validation Loss: 1.1626
Epoch 67/100 - Validation Loss: 1.1612
Epoch 68/100 - Validation Loss: 1.1584
Epoch 69/100 - Validation Loss: 1.1570
Epoch 70/100 - Validation Loss: 1.1545
Epoch 71/100 - Validation Loss: 1.1518
Epoch 72/100 - Validation Loss: 1.1501
Epoch 73/100 - Validation Loss: 1.1479
Epoch 74/100 - Validation Loss: 1.1470
Epoch 75/100 - Validation Loss: 1.1430
Epoch 76/100 - Validation Loss: 1.1421
Epoch 77/100 - Validation Loss: 1.1401
Epoch 78/100 - Validation Loss: 1.1371
Epoch 79/100 - Validation Loss: 1.1360
Epoch 80/100 - Validation Loss: 1.1333
Epoch 81/100 - Validation Loss: 1.1317
Epoch 82/100 - Validation Loss: 1.1305
Epoch 83/100 - Validation Loss: 1.1283
Epoch 84/100 - Validation Loss: 1.1251
Epoch 85/100 - Validation Loss: 1.1242
Epoch 86/100 - Validation Loss: 1.1221
Epoch 87/100 - Validation Loss: 1.1208
Epoch 88/100 - Validation Loss: 1.1179
Epoch 89/100 - Validation Loss: 1.1169
Epoch 90/100 - Validation Loss: 1.1144
Epoch 91/100 - Validation Loss: 1.1123
Epoch 92/100 - Validation Loss: 1.1110
Epoch 93/100 - Validation Loss: 1.1090
Epoch 94/100 - Validation Loss: 1.1076
Epoch 95/100 - Validation Loss: 1.1055
Epoch 96/100 - Validation Loss: 1.1035
Epoch 97/100 - Validation Loss: 1.1018
Epoch 98/100 - Validation Loss: 1.1005
Epoch 99/100 - Validation Loss: 1.0982
Epoch 100/100 - Validation Loss: 1.0967
Best AUC: 0.8753303752065574

--- Run 3/5 for shift 0.2 ---
Train Shape: (11710, 1028)
Val Shape: (1302, 1028)
Test Shape: (3254, 1028)
Training Early Fusion Model:
The number of parameters of the model are: 1025
Epoch 1/100 - Validation Loss: 1.2786
Epoch 2/100 - Validation Loss: 1.2744
Epoch 3/100 - Validation Loss: 1.2701
Epoch 4/100 - Validation Loss: 1.2662
Epoch 5/100 - Validation Loss: 1.2620
Epoch 6/100 - Validation Loss: 1.2580
Epoch 7/100 - Validation Loss: 1.2540
Epoch 8/100 - Validation Loss: 1.2502
Epoch 9/100 - Validation Loss: 1.2464
Epoch 10/100 - Validation Loss: 1.2426
Epoch 11/100 - Validation Loss: 1.2392
Epoch 12/100 - Validation Loss: 1.2351
Epoch 13/100 - Validation Loss: 1.2317
Epoch 14/100 - Validation Loss: 1.2278
Epoch 15/100 - Validation Loss: 1.2245
Epoch 16/100 - Validation Loss: 1.2209
Epoch 17/100 - Validation Loss: 1.2174
Epoch 18/100 - Validation Loss: 1.2140
Epoch 19/100 - Validation Loss: 1.2106
Epoch 20/100 - Validation Loss: 1.2071
Epoch 21/100 - Validation Loss: 1.2041
Epoch 22/100 - Validation Loss: 1.2006
Epoch 23/100 - Validation Loss: 1.1973
Epoch 24/100 - Validation Loss: 1.1940
Epoch 25/100 - Validation Loss: 1.1910
Epoch 26/100 - Validation Loss: 1.1879
Epoch 27/100 - Validation Loss: 1.1847
Epoch 28/100 - Validation Loss: 1.1817
Epoch 29/100 - Validation Loss: 1.1788
Epoch 30/100 - Validation Loss: 1.1756
Epoch 31/100 - Validation Loss: 1.1727
Epoch 32/100 - Validation Loss: 1.1697
Epoch 33/100 - Validation Loss: 1.1668
Epoch 34/100 - Validation Loss: 1.1640
Epoch 35/100 - Validation Loss: 1.1612
Epoch 36/100 - Validation Loss: 1.1583
Epoch 37/100 - Validation Loss: 1.1556
Epoch 38/100 - Validation Loss: 1.1527
Epoch 39/100 - Validation Loss: 1.1501
Epoch 40/100 - Validation Loss: 1.1473
Epoch 41/100 - Validation Loss: 1.1446
Epoch 42/100 - Validation Loss: 1.1421
Epoch 43/100 - Validation Loss: 1.1393
Epoch 44/100 - Validation Loss: 1.1368
Epoch 45/100 - Validation Loss: 1.1343
Epoch 46/100 - Validation Loss: 1.1316
Epoch 47/100 - Validation Loss: 1.1292
Epoch 48/100 - Validation Loss: 1.1266
Epoch 49/100 - Validation Loss: 1.1241
Epoch 50/100 - Validation Loss: 1.1216
Epoch 51/100 - Validation Loss: 1.1192
Epoch 52/100 - Validation Loss: 1.1170
Epoch 53/100 - Validation Loss: 1.1144
Epoch 54/100 - Validation Loss: 1.1120
Epoch 55/100 - Validation Loss: 1.1096
Epoch 56/100 - Validation Loss: 1.1073
Epoch 57/100 - Validation Loss: 1.1051
Epoch 58/100 - Validation Loss: 1.1027
Epoch 59/100 - Validation Loss: 1.1006
Epoch 60/100 - Validation Loss: 1.0982
Epoch 61/100 - Validation Loss: 1.0960
Epoch 62/100 - Validation Loss: 1.0937
Epoch 63/100 - Validation Loss: 1.0917
Epoch 64/100 - Validation Loss: 1.0893
Epoch 65/100 - Validation Loss: 1.0872
Epoch 66/100 - Validation Loss: 1.0850
Epoch 67/100 - Validation Loss: 1.0829
Epoch 68/100 - Validation Loss: 1.0808
Epoch 69/100 - Validation Loss: 1.0787
Epoch 70/100 - Validation Loss: 1.0765
Epoch 71/100 - Validation Loss: 1.0745
Epoch 72/100 - Validation Loss: 1.0725
Epoch 73/100 - Validation Loss: 1.0704
Epoch 74/100 - Validation Loss: 1.0685
Epoch 75/100 - Validation Loss: 1.0665
Epoch 76/100 - Validation Loss: 1.0645
Epoch 77/100 - Validation Loss: 1.0627
Epoch 78/100 - Validation Loss: 1.0606
Epoch 79/100 - Validation Loss: 1.0588
Epoch 80/100 - Validation Loss: 1.0568
Epoch 81/100 - Validation Loss: 1.0548
Epoch 82/100 - Validation Loss: 1.0531
Epoch 83/100 - Validation Loss: 1.0512
Epoch 84/100 - Validation Loss: 1.0492
Epoch 85/100 - Validation Loss: 1.0474
Epoch 86/100 - Validation Loss: 1.0456
Epoch 87/100 - Validation Loss: 1.0438
Epoch 88/100 - Validation Loss: 1.0421
Epoch 89/100 - Validation Loss: 1.0404
Epoch 90/100 - Validation Loss: 1.0385
Epoch 91/100 - Validation Loss: 1.0367
Epoch 92/100 - Validation Loss: 1.0350
Epoch 93/100 - Validation Loss: 1.0333
Epoch 94/100 - Validation Loss: 1.0315
Epoch 95/100 - Validation Loss: 1.0299
Epoch 96/100 - Validation Loss: 1.0282
Epoch 97/100 - Validation Loss: 1.0265
Epoch 98/100 - Validation Loss: 1.0248
Epoch 99/100 - Validation Loss: 1.0232
Epoch 100/100 - Validation Loss: 1.0216
Best AUC: 0.8754689887286959

--- Run 4/5 for shift 0.2 ---
Train Shape: (11710, 1028)
Val Shape: (1302, 1028)
Test Shape: (3254, 1028)
Training Early Fusion Model:
The number of parameters of the model are: 1025
Epoch 1/100 - Validation Loss: 1.4493
Epoch 2/100 - Validation Loss: 1.4465
Epoch 3/100 - Validation Loss: 1.4451
Epoch 4/100 - Validation Loss: 1.4397
Epoch 5/100 - Validation Loss: 1.4352
Epoch 6/100 - Validation Loss: 1.4307
Epoch 7/100 - Validation Loss: 1.4254
Epoch 8/100 - Validation Loss: 1.4209
Epoch 9/100 - Validation Loss: 1.4172
Epoch 10/100 - Validation Loss: 1.4129
Epoch 11/100 - Validation Loss: 1.4073
Epoch 12/100 - Validation Loss: 1.4047
Epoch 13/100 - Validation Loss: 1.3972
Epoch 14/100 - Validation Loss: 1.3961
Epoch 15/100 - Validation Loss: 1.3905
Epoch 16/100 - Validation Loss: 1.3854
Epoch 17/100 - Validation Loss: 1.3823
Epoch 18/100 - Validation Loss: 1.3792
Epoch 19/100 - Validation Loss: 1.3755
Epoch 20/100 - Validation Loss: 1.3704
Epoch 21/100 - Validation Loss: 1.3685
Epoch 22/100 - Validation Loss: 1.3619
Epoch 23/100 - Validation Loss: 1.3594
Epoch 24/100 - Validation Loss: 1.3549
Epoch 25/100 - Validation Loss: 1.3508
Epoch 26/100 - Validation Loss: 1.3482
Epoch 27/100 - Validation Loss: 1.3443
Epoch 28/100 - Validation Loss: 1.3403
Epoch 29/100 - Validation Loss: 1.3381
Epoch 30/100 - Validation Loss: 1.3349
Epoch 31/100 - Validation Loss: 1.3289
Epoch 32/100 - Validation Loss: 1.3268
Epoch 33/100 - Validation Loss: 1.3224
Epoch 34/100 - Validation Loss: 1.3204
Epoch 35/100 - Validation Loss: 1.3175
Epoch 36/100 - Validation Loss: 1.3142
Epoch 37/100 - Validation Loss: 1.3105
Epoch 38/100 - Validation Loss: 1.3072
Epoch 39/100 - Validation Loss: 1.3045
Epoch 40/100 - Validation Loss: 1.2986
Epoch 41/100 - Validation Loss: 1.2996
Epoch 42/100 - Validation Loss: 1.2951
Epoch 43/100 - Validation Loss: 1.2905
Epoch 44/100 - Validation Loss: 1.2874
Epoch 45/100 - Validation Loss: 1.2849
Epoch 46/100 - Validation Loss: 1.2824
Epoch 47/100 - Validation Loss: 1.2789
Epoch 48/100 - Validation Loss: 1.2762
Epoch 49/100 - Validation Loss: 1.2733
Epoch 50/100 - Validation Loss: 1.2699
Epoch 51/100 - Validation Loss: 1.2668
Epoch 52/100 - Validation Loss: 1.2644
Epoch 53/100 - Validation Loss: 1.2628
Epoch 54/100 - Validation Loss: 1.2596
Epoch 55/100 - Validation Loss: 1.2549
Epoch 56/100 - Validation Loss: 1.2528
Epoch 57/100 - Validation Loss: 1.2511
Epoch 58/100 - Validation Loss: 1.2488
Epoch 59/100 - Validation Loss: 1.2452
Epoch 60/100 - Validation Loss: 1.2420
Epoch 61/100 - Validation Loss: 1.2398
Epoch 62/100 - Validation Loss: 1.2379
Epoch 63/100 - Validation Loss: 1.2347
Epoch 64/100 - Validation Loss: 1.2320
Epoch 65/100 - Validation Loss: 1.2302
Epoch 66/100 - Validation Loss: 1.2271
Epoch 67/100 - Validation Loss: 1.2240
Epoch 68/100 - Validation Loss: 1.2212
Epoch 69/100 - Validation Loss: 1.2202
Epoch 70/100 - Validation Loss: 1.2163
Epoch 71/100 - Validation Loss: 1.2146
Epoch 72/100 - Validation Loss: 1.2126
Epoch 73/100 - Validation Loss: 1.2104
Epoch 74/100 - Validation Loss: 1.2063
Epoch 75/100 - Validation Loss: 1.2059
Epoch 76/100 - Validation Loss: 1.2032
Epoch 77/100 - Validation Loss: 1.1997
Epoch 78/100 - Validation Loss: 1.1985
Epoch 79/100 - Validation Loss: 1.1959
Epoch 80/100 - Validation Loss: 1.1936
Epoch 81/100 - Validation Loss: 1.1920
Epoch 82/100 - Validation Loss: 1.1897
Epoch 83/100 - Validation Loss: 1.1877
Epoch 84/100 - Validation Loss: 1.1837
Epoch 85/100 - Validation Loss: 1.1826
Epoch 86/100 - Validation Loss: 1.1810
Epoch 87/100 - Validation Loss: 1.1785
Epoch 88/100 - Validation Loss: 1.1774
Epoch 89/100 - Validation Loss: 1.1740
Epoch 90/100 - Validation Loss: 1.1724
Epoch 91/100 - Validation Loss: 1.1689
Epoch 92/100 - Validation Loss: 1.1680
Epoch 93/100 - Validation Loss: 1.1669
Epoch 94/100 - Validation Loss: 1.1639
Epoch 95/100 - Validation Loss: 1.1622
Epoch 96/100 - Validation Loss: 1.1591
Epoch 97/100 - Validation Loss: 1.1571
Epoch 98/100 - Validation Loss: 1.1555
Epoch 99/100 - Validation Loss: 1.1539
Epoch 100/100 - Validation Loss: 1.1535
Best AUC: 0.8761091028590208

--- Run 5/5 for shift 0.2 ---
Train Shape: (11710, 1028)
Val Shape: (1302, 1028)
Test Shape: (3254, 1028)
Training Early Fusion Model:
The number of parameters of the model are: 1025
Epoch 1/100 - Validation Loss: 1.3123
Epoch 2/100 - Validation Loss: 1.3081
Epoch 3/100 - Validation Loss: 1.3037
Epoch 4/100 - Validation Loss: 1.2998
Epoch 5/100 - Validation Loss: 1.2956
Epoch 6/100 - Validation Loss: 1.2918
Epoch 7/100 - Validation Loss: 1.2879
Epoch 8/100 - Validation Loss: 1.2841
Epoch 9/100 - Validation Loss: 1.2801
Epoch 10/100 - Validation Loss: 1.2765
Epoch 11/100 - Validation Loss: 1.2727
Epoch 12/100 - Validation Loss: 1.2689
Epoch 13/100 - Validation Loss: 1.2652
Epoch 14/100 - Validation Loss: 1.2618
Epoch 15/100 - Validation Loss: 1.2588
Epoch 16/100 - Validation Loss: 1.2548
Epoch 17/100 - Validation Loss: 1.2513
Epoch 18/100 - Validation Loss: 1.2481
Epoch 19/100 - Validation Loss: 1.2448
Epoch 20/100 - Validation Loss: 1.2412
Epoch 21/100 - Validation Loss: 1.2384
Epoch 22/100 - Validation Loss: 1.2350
Epoch 23/100 - Validation Loss: 1.2317
Epoch 24/100 - Validation Loss: 1.2289
Epoch 25/100 - Validation Loss: 1.2257
Epoch 26/100 - Validation Loss: 1.2225
Epoch 27/100 - Validation Loss: 1.2196
Epoch 28/100 - Validation Loss: 1.2164
Epoch 29/100 - Validation Loss: 1.2136
Epoch 30/100 - Validation Loss: 1.2108
Epoch 31/100 - Validation Loss: 1.2079
Epoch 32/100 - Validation Loss: 1.2047
Epoch 33/100 - Validation Loss: 1.2018
Epoch 34/100 - Validation Loss: 1.1991
Epoch 35/100 - Validation Loss: 1.1963
Epoch 36/100 - Validation Loss: 1.1937
Epoch 37/100 - Validation Loss: 1.1909
Epoch 38/100 - Validation Loss: 1.1879
Epoch 39/100 - Validation Loss: 1.1853
Epoch 40/100 - Validation Loss: 1.1827
Epoch 41/100 - Validation Loss: 1.1802
Epoch 42/100 - Validation Loss: 1.1775
Epoch 43/100 - Validation Loss: 1.1748
Epoch 44/100 - Validation Loss: 1.1721
Epoch 45/100 - Validation Loss: 1.1699
Epoch 46/100 - Validation Loss: 1.1676
Epoch 47/100 - Validation Loss: 1.1649
Epoch 48/100 - Validation Loss: 1.1624
Epoch 49/100 - Validation Loss: 1.1599
Epoch 50/100 - Validation Loss: 1.1580
Epoch 51/100 - Validation Loss: 1.1551
Epoch 52/100 - Validation Loss: 1.1529
Epoch 53/100 - Validation Loss: 1.1508
Epoch 54/100 - Validation Loss: 1.1484
Epoch 55/100 - Validation Loss: 1.1460
Epoch 56/100 - Validation Loss: 1.1438
Epoch 57/100 - Validation Loss: 1.1422
Epoch 58/100 - Validation Loss: 1.1395
Epoch 59/100 - Validation Loss: 1.1373
Epoch 60/100 - Validation Loss: 1.1350
Epoch 61/100 - Validation Loss: 1.1332
Epoch 62/100 - Validation Loss: 1.1317
Epoch 63/100 - Validation Loss: 1.1290
Epoch 64/100 - Validation Loss: 1.1266
Epoch 65/100 - Validation Loss: 1.1252
Epoch 66/100 - Validation Loss: 1.1228
Epoch 67/100 - Validation Loss: 1.1210
Epoch 68/100 - Validation Loss: 1.1187
Epoch 69/100 - Validation Loss: 1.1172
Epoch 70/100 - Validation Loss: 1.1150
Epoch 71/100 - Validation Loss: 1.1132
Epoch 72/100 - Validation Loss: 1.1111
Epoch 73/100 - Validation Loss: 1.1091
Epoch 74/100 - Validation Loss: 1.1074
Epoch 75/100 - Validation Loss: 1.1057
Epoch 76/100 - Validation Loss: 1.1037
Epoch 77/100 - Validation Loss: 1.1020
Epoch 78/100 - Validation Loss: 1.1000
Epoch 79/100 - Validation Loss: 1.0988
Epoch 80/100 - Validation Loss: 1.0965
Epoch 81/100 - Validation Loss: 1.0951
Epoch 82/100 - Validation Loss: 1.0930
Epoch 83/100 - Validation Loss: 1.0914
Epoch 84/100 - Validation Loss: 1.0896
Epoch 85/100 - Validation Loss: 1.0879
Epoch 86/100 - Validation Loss: 1.0863
Epoch 87/100 - Validation Loss: 1.0849
Epoch 88/100 - Validation Loss: 1.0829
Epoch 89/100 - Validation Loss: 1.0815
Epoch 90/100 - Validation Loss: 1.0797
Epoch 91/100 - Validation Loss: 1.0782
Epoch 92/100 - Validation Loss: 1.0764
Epoch 93/100 - Validation Loss: 1.0748
Epoch 94/100 - Validation Loss: 1.0735
Epoch 95/100 - Validation Loss: 1.0717
Epoch 96/100 - Validation Loss: 1.0702
Epoch 97/100 - Validation Loss: 1.0688
Epoch 98/100 - Validation Loss: 1.0670
Epoch 99/100 - Validation Loss: 1.0657
Epoch 100/100 - Validation Loss: 1.0642
Best AUC: 0.8760250002725546
##################################################  Shift 0.3  ##################################################
Subsampling 16266 data points to 5000 for cleaner visualization.

--- Run 1/5 for shift 0.3 ---
Train Shape: (11710, 1028)
Val Shape: (1302, 1028)
Test Shape: (3254, 1028)
Training Early Fusion Model:
The number of parameters of the model are: 1025
Epoch 1/100 - Validation Loss: 1.3947
Epoch 2/100 - Validation Loss: 1.3903
Epoch 3/100 - Validation Loss: 1.3857
Epoch 4/100 - Validation Loss: 1.3825
Epoch 5/100 - Validation Loss: 1.3790
Epoch 6/100 - Validation Loss: 1.3739
Epoch 7/100 - Validation Loss: 1.3696
Epoch 8/100 - Validation Loss: 1.3673
Epoch 9/100 - Validation Loss: 1.3618
Epoch 10/100 - Validation Loss: 1.3579
Epoch 11/100 - Validation Loss: 1.3543
Epoch 12/100 - Validation Loss: 1.3498
Epoch 13/100 - Validation Loss: 1.3453
Epoch 14/100 - Validation Loss: 1.3426
Epoch 15/100 - Validation Loss: 1.3397
Epoch 16/100 - Validation Loss: 1.3351
Epoch 17/100 - Validation Loss: 1.3317
Epoch 18/100 - Validation Loss: 1.3273
Epoch 19/100 - Validation Loss: 1.3240
Epoch 20/100 - Validation Loss: 1.3196
Epoch 21/100 - Validation Loss: 1.3178
Epoch 22/100 - Validation Loss: 1.3131
Epoch 23/100 - Validation Loss: 1.3095
Epoch 24/100 - Validation Loss: 1.3052
Epoch 25/100 - Validation Loss: 1.3029
Epoch 26/100 - Validation Loss: 1.2984
Epoch 27/100 - Validation Loss: 1.2963
Epoch 28/100 - Validation Loss: 1.2935
Epoch 29/100 - Validation Loss: 1.2887
Epoch 30/100 - Validation Loss: 1.2861
Epoch 31/100 - Validation Loss: 1.2824
Epoch 32/100 - Validation Loss: 1.2800
Epoch 33/100 - Validation Loss: 1.2766
Epoch 34/100 - Validation Loss: 1.2736
Epoch 35/100 - Validation Loss: 1.2708
Epoch 36/100 - Validation Loss: 1.2669
Epoch 37/100 - Validation Loss: 1.2643
Epoch 38/100 - Validation Loss: 1.2607
Epoch 39/100 - Validation Loss: 1.2579
Epoch 40/100 - Validation Loss: 1.2549
Epoch 41/100 - Validation Loss: 1.2523
Epoch 42/100 - Validation Loss: 1.2494
Epoch 43/100 - Validation Loss: 1.2464
Epoch 44/100 - Validation Loss: 1.2434
Epoch 45/100 - Validation Loss: 1.2405
Epoch 46/100 - Validation Loss: 1.2375
Epoch 47/100 - Validation Loss: 1.2348
Epoch 48/100 - Validation Loss: 1.2332
Epoch 49/100 - Validation Loss: 1.2295
Epoch 50/100 - Validation Loss: 1.2264
Epoch 51/100 - Validation Loss: 1.2239
Epoch 52/100 - Validation Loss: 1.2212
Epoch 53/100 - Validation Loss: 1.2190
Epoch 54/100 - Validation Loss: 1.2160
Epoch 55/100 - Validation Loss: 1.2125
Epoch 56/100 - Validation Loss: 1.2123
Epoch 57/100 - Validation Loss: 1.2089
Epoch 58/100 - Validation Loss: 1.2067
Epoch 59/100 - Validation Loss: 1.2039
Epoch 60/100 - Validation Loss: 1.2009
Epoch 61/100 - Validation Loss: 1.1978
Epoch 62/100 - Validation Loss: 1.1974
Epoch 63/100 - Validation Loss: 1.1936
Epoch 64/100 - Validation Loss: 1.1920
Epoch 65/100 - Validation Loss: 1.1902
Epoch 66/100 - Validation Loss: 1.1874
Epoch 67/100 - Validation Loss: 1.1844
Epoch 68/100 - Validation Loss: 1.1820
Epoch 69/100 - Validation Loss: 1.1802
Epoch 70/100 - Validation Loss: 1.1772
Epoch 71/100 - Validation Loss: 1.1754
Epoch 72/100 - Validation Loss: 1.1738
Epoch 73/100 - Validation Loss: 1.1712
Epoch 74/100 - Validation Loss: 1.1693
Epoch 75/100 - Validation Loss: 1.1668
Epoch 76/100 - Validation Loss: 1.1646
Epoch 77/100 - Validation Loss: 1.1628
Epoch 78/100 - Validation Loss: 1.1615
Epoch 79/100 - Validation Loss: 1.1581
Epoch 80/100 - Validation Loss: 1.1554
Epoch 81/100 - Validation Loss: 1.1541
Epoch 82/100 - Validation Loss: 1.1534
Epoch 83/100 - Validation Loss: 1.1499
Epoch 84/100 - Validation Loss: 1.1484
Epoch 85/100 - Validation Loss: 1.1458
Epoch 86/100 - Validation Loss: 1.1448
Epoch 87/100 - Validation Loss: 1.1427
Epoch 88/100 - Validation Loss: 1.1400
Epoch 89/100 - Validation Loss: 1.1383
Epoch 90/100 - Validation Loss: 1.1368
Epoch 91/100 - Validation Loss: 1.1348
Epoch 92/100 - Validation Loss: 1.1323
Epoch 93/100 - Validation Loss: 1.1307
Epoch 94/100 - Validation Loss: 1.1295
Epoch 95/100 - Validation Loss: 1.1269
Epoch 96/100 - Validation Loss: 1.1253
Epoch 97/100 - Validation Loss: 1.1231
Epoch 98/100 - Validation Loss: 1.1213
Epoch 99/100 - Validation Loss: 1.1205
Epoch 100/100 - Validation Loss: 1.1176
Best AUC: 0.8756963772032152

--- Run 2/5 for shift 0.3 ---
Train Shape: (11710, 1028)
Val Shape: (1302, 1028)
Test Shape: (3254, 1028)
Training Early Fusion Model:
The number of parameters of the model are: 1025
Epoch 1/100 - Validation Loss: 1.3609
Epoch 2/100 - Validation Loss: 1.3549
Epoch 3/100 - Validation Loss: 1.3509
Epoch 4/100 - Validation Loss: 1.3464
Epoch 5/100 - Validation Loss: 1.3420
Epoch 6/100 - Validation Loss: 1.3375
Epoch 7/100 - Validation Loss: 1.3334
Epoch 8/100 - Validation Loss: 1.3299
Epoch 9/100 - Validation Loss: 1.3259
Epoch 10/100 - Validation Loss: 1.3223
Epoch 11/100 - Validation Loss: 1.3175
Epoch 12/100 - Validation Loss: 1.3136
Epoch 13/100 - Validation Loss: 1.3100
Epoch 14/100 - Validation Loss: 1.3072
Epoch 15/100 - Validation Loss: 1.3025
Epoch 16/100 - Validation Loss: 1.2993
Epoch 17/100 - Validation Loss: 1.2961
Epoch 18/100 - Validation Loss: 1.2914
Epoch 19/100 - Validation Loss: 1.2883
Epoch 20/100 - Validation Loss: 1.2852
Epoch 21/100 - Validation Loss: 1.2815
Epoch 22/100 - Validation Loss: 1.2788
Epoch 23/100 - Validation Loss: 1.2745
Epoch 24/100 - Validation Loss: 1.2722
Epoch 25/100 - Validation Loss: 1.2683
Epoch 26/100 - Validation Loss: 1.2652
Epoch 27/100 - Validation Loss: 1.2618
Epoch 28/100 - Validation Loss: 1.2586
Epoch 29/100 - Validation Loss: 1.2553
Epoch 30/100 - Validation Loss: 1.2522
Epoch 31/100 - Validation Loss: 1.2489
Epoch 32/100 - Validation Loss: 1.2464
Epoch 33/100 - Validation Loss: 1.2430
Epoch 34/100 - Validation Loss: 1.2408
Epoch 35/100 - Validation Loss: 1.2371
Epoch 36/100 - Validation Loss: 1.2333
Epoch 37/100 - Validation Loss: 1.2318
Epoch 38/100 - Validation Loss: 1.2281
Epoch 39/100 - Validation Loss: 1.2254
Epoch 40/100 - Validation Loss: 1.2226
Epoch 41/100 - Validation Loss: 1.2197
Epoch 42/100 - Validation Loss: 1.2180
Epoch 43/100 - Validation Loss: 1.2139
Epoch 44/100 - Validation Loss: 1.2120
Epoch 45/100 - Validation Loss: 1.2083
Epoch 46/100 - Validation Loss: 1.2062
Epoch 47/100 - Validation Loss: 1.2039
Epoch 48/100 - Validation Loss: 1.2010
Epoch 49/100 - Validation Loss: 1.1984
Epoch 50/100 - Validation Loss: 1.1953
Epoch 51/100 - Validation Loss: 1.1936
Epoch 52/100 - Validation Loss: 1.1892
Epoch 53/100 - Validation Loss: 1.1875
Epoch 54/100 - Validation Loss: 1.1856
Epoch 55/100 - Validation Loss: 1.1833
Epoch 56/100 - Validation Loss: 1.1806
Epoch 57/100 - Validation Loss: 1.1786
Epoch 58/100 - Validation Loss: 1.1755
Epoch 59/100 - Validation Loss: 1.1733
Epoch 60/100 - Validation Loss: 1.1713
Epoch 61/100 - Validation Loss: 1.1694
Epoch 62/100 - Validation Loss: 1.1673
Epoch 63/100 - Validation Loss: 1.1647
Epoch 64/100 - Validation Loss: 1.1612
Epoch 65/100 - Validation Loss: 1.1595
Epoch 66/100 - Validation Loss: 1.1571
Epoch 67/100 - Validation Loss: 1.1556
Epoch 68/100 - Validation Loss: 1.1528
Epoch 69/100 - Validation Loss: 1.1514
Epoch 70/100 - Validation Loss: 1.1488
Epoch 71/100 - Validation Loss: 1.1461
Epoch 72/100 - Validation Loss: 1.1443
Epoch 73/100 - Validation Loss: 1.1421
Epoch 74/100 - Validation Loss: 1.1412
Epoch 75/100 - Validation Loss: 1.1372
Epoch 76/100 - Validation Loss: 1.1362
Epoch 77/100 - Validation Loss: 1.1342
Epoch 78/100 - Validation Loss: 1.1312
Epoch 79/100 - Validation Loss: 1.1300
Epoch 80/100 - Validation Loss: 1.1272
Epoch 81/100 - Validation Loss: 1.1257
Epoch 82/100 - Validation Loss: 1.1244
Epoch 83/100 - Validation Loss: 1.1222
Epoch 84/100 - Validation Loss: 1.1190
Epoch 85/100 - Validation Loss: 1.1181
Epoch 86/100 - Validation Loss: 1.1159
Epoch 87/100 - Validation Loss: 1.1146
Epoch 88/100 - Validation Loss: 1.1117
Epoch 89/100 - Validation Loss: 1.1106
Epoch 90/100 - Validation Loss: 1.1081
Epoch 91/100 - Validation Loss: 1.1060
Epoch 92/100 - Validation Loss: 1.1046
Epoch 93/100 - Validation Loss: 1.1026
Epoch 94/100 - Validation Loss: 1.1012
Epoch 95/100 - Validation Loss: 1.0991
Epoch 96/100 - Validation Loss: 1.0971
Epoch 97/100 - Validation Loss: 1.0953
Epoch 98/100 - Validation Loss: 1.0940
Epoch 99/100 - Validation Loss: 1.0916
Epoch 100/100 - Validation Loss: 1.0902
Best AUC: 0.8764252662859208

--- Run 3/5 for shift 0.3 ---
Train Shape: (11710, 1028)
Val Shape: (1302, 1028)
Test Shape: (3254, 1028)
Training Early Fusion Model:
The number of parameters of the model are: 1025
Epoch 1/100 - Validation Loss: 1.2785
Epoch 2/100 - Validation Loss: 1.2741
Epoch 3/100 - Validation Loss: 1.2696
Epoch 4/100 - Validation Loss: 1.2656
Epoch 5/100 - Validation Loss: 1.2613
Epoch 6/100 - Validation Loss: 1.2571
Epoch 7/100 - Validation Loss: 1.2530
Epoch 8/100 - Validation Loss: 1.2490
Epoch 9/100 - Validation Loss: 1.2452
Epoch 10/100 - Validation Loss: 1.2412
Epoch 11/100 - Validation Loss: 1.2377
Epoch 12/100 - Validation Loss: 1.2335
Epoch 13/100 - Validation Loss: 1.2299
Epoch 14/100 - Validation Loss: 1.2260
Epoch 15/100 - Validation Loss: 1.2225
Epoch 16/100 - Validation Loss: 1.2188
Epoch 17/100 - Validation Loss: 1.2152
Epoch 18/100 - Validation Loss: 1.2117
Epoch 19/100 - Validation Loss: 1.2083
Epoch 20/100 - Validation Loss: 1.2046
Epoch 21/100 - Validation Loss: 1.2015
Epoch 22/100 - Validation Loss: 1.1979
Epoch 23/100 - Validation Loss: 1.1945
Epoch 24/100 - Validation Loss: 1.1912
Epoch 25/100 - Validation Loss: 1.1881
Epoch 26/100 - Validation Loss: 1.1849
Epoch 27/100 - Validation Loss: 1.1816
Epoch 28/100 - Validation Loss: 1.1785
Epoch 29/100 - Validation Loss: 1.1756
Epoch 30/100 - Validation Loss: 1.1723
Epoch 31/100 - Validation Loss: 1.1693
Epoch 32/100 - Validation Loss: 1.1663
Epoch 33/100 - Validation Loss: 1.1632
Epoch 34/100 - Validation Loss: 1.1604
Epoch 35/100 - Validation Loss: 1.1575
Epoch 36/100 - Validation Loss: 1.1545
Epoch 37/100 - Validation Loss: 1.1518
Epoch 38/100 - Validation Loss: 1.1488
Epoch 39/100 - Validation Loss: 1.1461
Epoch 40/100 - Validation Loss: 1.1433
Epoch 41/100 - Validation Loss: 1.1406
Epoch 42/100 - Validation Loss: 1.1380
Epoch 43/100 - Validation Loss: 1.1352
Epoch 44/100 - Validation Loss: 1.1326
Epoch 45/100 - Validation Loss: 1.1300
Epoch 46/100 - Validation Loss: 1.1273
Epoch 47/100 - Validation Loss: 1.1248
Epoch 48/100 - Validation Loss: 1.1222
Epoch 49/100 - Validation Loss: 1.1197
Epoch 50/100 - Validation Loss: 1.1171
Epoch 51/100 - Validation Loss: 1.1146
Epoch 52/100 - Validation Loss: 1.1124
Epoch 53/100 - Validation Loss: 1.1098
Epoch 54/100 - Validation Loss: 1.1073
Epoch 55/100 - Validation Loss: 1.1049
Epoch 56/100 - Validation Loss: 1.1025
Epoch 57/100 - Validation Loss: 1.1003
Epoch 58/100 - Validation Loss: 1.0978
Epoch 59/100 - Validation Loss: 1.0957
Epoch 60/100 - Validation Loss: 1.0933
Epoch 61/100 - Validation Loss: 1.0910
Epoch 62/100 - Validation Loss: 1.0887
Epoch 63/100 - Validation Loss: 1.0866
Epoch 64/100 - Validation Loss: 1.0843
Epoch 65/100 - Validation Loss: 1.0821
Epoch 66/100 - Validation Loss: 1.0799
Epoch 67/100 - Validation Loss: 1.0777
Epoch 68/100 - Validation Loss: 1.0756
Epoch 69/100 - Validation Loss: 1.0735
Epoch 70/100 - Validation Loss: 1.0713
Epoch 71/100 - Validation Loss: 1.0692
Epoch 72/100 - Validation Loss: 1.0671
Epoch 73/100 - Validation Loss: 1.0651
Epoch 74/100 - Validation Loss: 1.0631
Epoch 75/100 - Validation Loss: 1.0611
Epoch 76/100 - Validation Loss: 1.0591
Epoch 77/100 - Validation Loss: 1.0572
Epoch 78/100 - Validation Loss: 1.0551
Epoch 79/100 - Validation Loss: 1.0533
Epoch 80/100 - Validation Loss: 1.0512
Epoch 81/100 - Validation Loss: 1.0493
Epoch 82/100 - Validation Loss: 1.0475
Epoch 83/100 - Validation Loss: 1.0456
Epoch 84/100 - Validation Loss: 1.0436
Epoch 85/100 - Validation Loss: 1.0418
Epoch 86/100 - Validation Loss: 1.0399
Epoch 87/100 - Validation Loss: 1.0382
Epoch 88/100 - Validation Loss: 1.0363
Epoch 89/100 - Validation Loss: 1.0346
Epoch 90/100 - Validation Loss: 1.0327
Epoch 91/100 - Validation Loss: 1.0310
Epoch 92/100 - Validation Loss: 1.0292
Epoch 93/100 - Validation Loss: 1.0275
Epoch 94/100 - Validation Loss: 1.0257
Epoch 95/100 - Validation Loss: 1.0240
Epoch 96/100 - Validation Loss: 1.0223
Epoch 97/100 - Validation Loss: 1.0206
Epoch 98/100 - Validation Loss: 1.0189
Epoch 99/100 - Validation Loss: 1.0173
Epoch 100/100 - Validation Loss: 1.0156
Best AUC: 0.8765724458122364

--- Run 4/5 for shift 0.3 ---
Train Shape: (11710, 1028)
Val Shape: (1302, 1028)
Test Shape: (3254, 1028)
Training Early Fusion Model:
The number of parameters of the model are: 1025
Epoch 1/100 - Validation Loss: 1.4493
Epoch 2/100 - Validation Loss: 1.4462
Epoch 3/100 - Validation Loss: 1.4446
Epoch 4/100 - Validation Loss: 1.4391
Epoch 5/100 - Validation Loss: 1.4344
Epoch 6/100 - Validation Loss: 1.4297
Epoch 7/100 - Validation Loss: 1.4243
Epoch 8/100 - Validation Loss: 1.4197
Epoch 9/100 - Validation Loss: 1.4157
Epoch 10/100 - Validation Loss: 1.4113
Epoch 11/100 - Validation Loss: 1.4056
Epoch 12/100 - Validation Loss: 1.4028
Epoch 13/100 - Validation Loss: 1.3953
Epoch 14/100 - Validation Loss: 1.3940
Epoch 15/100 - Validation Loss: 1.3882
Epoch 16/100 - Validation Loss: 1.3831
Epoch 17/100 - Validation Loss: 1.3799
Epoch 18/100 - Validation Loss: 1.3766
Epoch 19/100 - Validation Loss: 1.3728
Epoch 20/100 - Validation Loss: 1.3676
Epoch 21/100 - Validation Loss: 1.3656
Epoch 22/100 - Validation Loss: 1.3589
Epoch 23/100 - Validation Loss: 1.3562
Epoch 24/100 - Validation Loss: 1.3517
Epoch 25/100 - Validation Loss: 1.3474
Epoch 26/100 - Validation Loss: 1.3448
Epoch 27/100 - Validation Loss: 1.3408
Epoch 28/100 - Validation Loss: 1.3366
Epoch 29/100 - Validation Loss: 1.3344
Epoch 30/100 - Validation Loss: 1.3311
Epoch 31/100 - Validation Loss: 1.3251
Epoch 32/100 - Validation Loss: 1.3228
Epoch 33/100 - Validation Loss: 1.3183
Epoch 34/100 - Validation Loss: 1.3163
Epoch 35/100 - Validation Loss: 1.3133
Epoch 36/100 - Validation Loss: 1.3099
Epoch 37/100 - Validation Loss: 1.3061
Epoch 38/100 - Validation Loss: 1.3028
Epoch 39/100 - Validation Loss: 1.3000
Epoch 40/100 - Validation Loss: 1.2940
Epoch 41/100 - Validation Loss: 1.2950
Epoch 42/100 - Validation Loss: 1.2904
Epoch 43/100 - Validation Loss: 1.2858
Epoch 44/100 - Validation Loss: 1.2826
Epoch 45/100 - Validation Loss: 1.2800
Epoch 46/100 - Validation Loss: 1.2775
Epoch 47/100 - Validation Loss: 1.2739
Epoch 48/100 - Validation Loss: 1.2712
Epoch 49/100 - Validation Loss: 1.2681
Epoch 50/100 - Validation Loss: 1.2647
Epoch 51/100 - Validation Loss: 1.2616
Epoch 52/100 - Validation Loss: 1.2592
Epoch 53/100 - Validation Loss: 1.2574
Epoch 54/100 - Validation Loss: 1.2542
Epoch 55/100 - Validation Loss: 1.2495
Epoch 56/100 - Validation Loss: 1.2474
Epoch 57/100 - Validation Loss: 1.2456
Epoch 58/100 - Validation Loss: 1.2432
Epoch 59/100 - Validation Loss: 1.2396
Epoch 60/100 - Validation Loss: 1.2364
Epoch 61/100 - Validation Loss: 1.2342
Epoch 62/100 - Validation Loss: 1.2322
Epoch 63/100 - Validation Loss: 1.2289
Epoch 64/100 - Validation Loss: 1.2262
Epoch 65/100 - Validation Loss: 1.2244
Epoch 66/100 - Validation Loss: 1.2212
Epoch 67/100 - Validation Loss: 1.2181
Epoch 68/100 - Validation Loss: 1.2153
Epoch 69/100 - Validation Loss: 1.2142
Epoch 70/100 - Validation Loss: 1.2103
Epoch 71/100 - Validation Loss: 1.2085
Epoch 72/100 - Validation Loss: 1.2065
Epoch 73/100 - Validation Loss: 1.2043
Epoch 74/100 - Validation Loss: 1.2001
Epoch 75/100 - Validation Loss: 1.1997
Epoch 76/100 - Validation Loss: 1.1970
Epoch 77/100 - Validation Loss: 1.1935
Epoch 78/100 - Validation Loss: 1.1923
Epoch 79/100 - Validation Loss: 1.1896
Epoch 80/100 - Validation Loss: 1.1873
Epoch 81/100 - Validation Loss: 1.1857
Epoch 82/100 - Validation Loss: 1.1833
Epoch 83/100 - Validation Loss: 1.1813
Epoch 84/100 - Validation Loss: 1.1773
Epoch 85/100 - Validation Loss: 1.1762
Epoch 86/100 - Validation Loss: 1.1745
Epoch 87/100 - Validation Loss: 1.1720
Epoch 88/100 - Validation Loss: 1.1709
Epoch 89/100 - Validation Loss: 1.1674
Epoch 90/100 - Validation Loss: 1.1658
Epoch 91/100 - Validation Loss: 1.1623
Epoch 92/100 - Validation Loss: 1.1615
Epoch 93/100 - Validation Loss: 1.1603
Epoch 94/100 - Validation Loss: 1.1572
Epoch 95/100 - Validation Loss: 1.1556
Epoch 96/100 - Validation Loss: 1.1525
Epoch 97/100 - Validation Loss: 1.1504
Epoch 98/100 - Validation Loss: 1.1488
Epoch 99/100 - Validation Loss: 1.1472
Epoch 100/100 - Validation Loss: 1.1468
Best AUC: 0.8769423414471563

--- Run 5/5 for shift 0.3 ---
Train Shape: (11710, 1028)
Val Shape: (1302, 1028)
Test Shape: (3254, 1028)
Training Early Fusion Model:
The number of parameters of the model are: 1025
Epoch 1/100 - Validation Loss: 1.3121
Epoch 2/100 - Validation Loss: 1.3078
Epoch 3/100 - Validation Loss: 1.3032
Epoch 4/100 - Validation Loss: 1.2992
Epoch 5/100 - Validation Loss: 1.2949
Epoch 6/100 - Validation Loss: 1.2909
Epoch 7/100 - Validation Loss: 1.2869
Epoch 8/100 - Validation Loss: 1.2829
Epoch 9/100 - Validation Loss: 1.2788
Epoch 10/100 - Validation Loss: 1.2751
Epoch 11/100 - Validation Loss: 1.2712
Epoch 12/100 - Validation Loss: 1.2672
Epoch 13/100 - Validation Loss: 1.2634
Epoch 14/100 - Validation Loss: 1.2599
Epoch 15/100 - Validation Loss: 1.2568
Epoch 16/100 - Validation Loss: 1.2527
Epoch 17/100 - Validation Loss: 1.2490
Epoch 18/100 - Validation Loss: 1.2458
Epoch 19/100 - Validation Loss: 1.2424
Epoch 20/100 - Validation Loss: 1.2387
Epoch 21/100 - Validation Loss: 1.2358
Epoch 22/100 - Validation Loss: 1.2323
Epoch 23/100 - Validation Loss: 1.2290
Epoch 24/100 - Validation Loss: 1.2260
Epoch 25/100 - Validation Loss: 1.2228
Epoch 26/100 - Validation Loss: 1.2195
Epoch 27/100 - Validation Loss: 1.2165
Epoch 28/100 - Validation Loss: 1.2132
Epoch 29/100 - Validation Loss: 1.2103
Epoch 30/100 - Validation Loss: 1.2075
Epoch 31/100 - Validation Loss: 1.2045
Epoch 32/100 - Validation Loss: 1.2013
Epoch 33/100 - Validation Loss: 1.1983
Epoch 34/100 - Validation Loss: 1.1955
Epoch 35/100 - Validation Loss: 1.1926
Epoch 36/100 - Validation Loss: 1.1900
Epoch 37/100 - Validation Loss: 1.1871
Epoch 38/100 - Validation Loss: 1.1841
Epoch 39/100 - Validation Loss: 1.1814
Epoch 40/100 - Validation Loss: 1.1787
Epoch 41/100 - Validation Loss: 1.1762
Epoch 42/100 - Validation Loss: 1.1734
Epoch 43/100 - Validation Loss: 1.1707
Epoch 44/100 - Validation Loss: 1.1680
Epoch 45/100 - Validation Loss: 1.1657
Epoch 46/100 - Validation Loss: 1.1633
Epoch 47/100 - Validation Loss: 1.1606
Epoch 48/100 - Validation Loss: 1.1580
Epoch 49/100 - Validation Loss: 1.1555
Epoch 50/100 - Validation Loss: 1.1536
Epoch 51/100 - Validation Loss: 1.1506
Epoch 52/100 - Validation Loss: 1.1483
Epoch 53/100 - Validation Loss: 1.1463
Epoch 54/100 - Validation Loss: 1.1438
Epoch 55/100 - Validation Loss: 1.1414
Epoch 56/100 - Validation Loss: 1.1392
Epoch 57/100 - Validation Loss: 1.1375
Epoch 58/100 - Validation Loss: 1.1348
Epoch 59/100 - Validation Loss: 1.1326
Epoch 60/100 - Validation Loss: 1.1302
Epoch 61/100 - Validation Loss: 1.1284
Epoch 62/100 - Validation Loss: 1.1268
Epoch 63/100 - Validation Loss: 1.1241
Epoch 64/100 - Validation Loss: 1.1217
Epoch 65/100 - Validation Loss: 1.1202
Epoch 66/100 - Validation Loss: 1.1178
Epoch 67/100 - Validation Loss: 1.1160
Epoch 68/100 - Validation Loss: 1.1137
Epoch 69/100 - Validation Loss: 1.1121
Epoch 70/100 - Validation Loss: 1.1099
Epoch 71/100 - Validation Loss: 1.1081
Epoch 72/100 - Validation Loss: 1.1059
Epoch 73/100 - Validation Loss: 1.1040
Epoch 74/100 - Validation Loss: 1.1022
Epoch 75/100 - Validation Loss: 1.1005
Epoch 76/100 - Validation Loss: 1.0985
Epoch 77/100 - Validation Loss: 1.0967
Epoch 78/100 - Validation Loss: 1.0947
Epoch 79/100 - Validation Loss: 1.0935
Epoch 80/100 - Validation Loss: 1.0912
Epoch 81/100 - Validation Loss: 1.0898
Epoch 82/100 - Validation Loss: 1.0877
Epoch 83/100 - Validation Loss: 1.0861
Epoch 84/100 - Validation Loss: 1.0842
Epoch 85/100 - Validation Loss: 1.0826
Epoch 86/100 - Validation Loss: 1.0809
Epoch 87/100 - Validation Loss: 1.0795
Epoch 88/100 - Validation Loss: 1.0775
Epoch 89/100 - Validation Loss: 1.0760
Epoch 90/100 - Validation Loss: 1.0743
Epoch 91/100 - Validation Loss: 1.0727
Epoch 92/100 - Validation Loss: 1.0709
Epoch 93/100 - Validation Loss: 1.0693
Epoch 94/100 - Validation Loss: 1.0680
Epoch 95/100 - Validation Loss: 1.0661
Epoch 96/100 - Validation Loss: 1.0646
Epoch 97/100 - Validation Loss: 1.0632
Epoch 98/100 - Validation Loss: 1.0615
Epoch 99/100 - Validation Loss: 1.0602
Epoch 100/100 - Validation Loss: 1.0586
Best AUC: 0.8768878305114839
##################################################  Shift 0.4  ##################################################
Subsampling 16266 data points to 5000 for cleaner visualization.

--- Run 1/5 for shift 0.4 ---
Train Shape: (11710, 1028)
Val Shape: (1302, 1028)
Test Shape: (3254, 1028)
Training Early Fusion Model:
The number of parameters of the model are: 1025
Epoch 1/100 - Validation Loss: 1.3946
Epoch 2/100 - Validation Loss: 1.3901
Epoch 3/100 - Validation Loss: 1.3853
Epoch 4/100 - Validation Loss: 1.3820
Epoch 5/100 - Validation Loss: 1.3783
Epoch 6/100 - Validation Loss: 1.3731
Epoch 7/100 - Validation Loss: 1.3687
Epoch 8/100 - Validation Loss: 1.3663
Epoch 9/100 - Validation Loss: 1.3607
Epoch 10/100 - Validation Loss: 1.3567
Epoch 11/100 - Validation Loss: 1.3529
Epoch 12/100 - Validation Loss: 1.3483
Epoch 13/100 - Validation Loss: 1.3436
Epoch 14/100 - Validation Loss: 1.3409
Epoch 15/100 - Validation Loss: 1.3379
Epoch 16/100 - Validation Loss: 1.3331
Epoch 17/100 - Validation Loss: 1.3297
Epoch 18/100 - Validation Loss: 1.3252
Epoch 19/100 - Validation Loss: 1.3218
Epoch 20/100 - Validation Loss: 1.3173
Epoch 21/100 - Validation Loss: 1.3154
Epoch 22/100 - Validation Loss: 1.3106
Epoch 23/100 - Validation Loss: 1.3069
Epoch 24/100 - Validation Loss: 1.3025
Epoch 25/100 - Validation Loss: 1.3002
Epoch 26/100 - Validation Loss: 1.2956
Epoch 27/100 - Validation Loss: 1.2934
Epoch 28/100 - Validation Loss: 1.2905
Epoch 29/100 - Validation Loss: 1.2857
Epoch 30/100 - Validation Loss: 1.2830
Epoch 31/100 - Validation Loss: 1.2792
Epoch 32/100 - Validation Loss: 1.2767
Epoch 33/100 - Validation Loss: 1.2733
Epoch 34/100 - Validation Loss: 1.2702
Epoch 35/100 - Validation Loss: 1.2674
Epoch 36/100 - Validation Loss: 1.2634
Epoch 37/100 - Validation Loss: 1.2607
Epoch 38/100 - Validation Loss: 1.2570
Epoch 39/100 - Validation Loss: 1.2542
Epoch 40/100 - Validation Loss: 1.2511
Epoch 41/100 - Validation Loss: 1.2485
Epoch 42/100 - Validation Loss: 1.2455
Epoch 43/100 - Validation Loss: 1.2425
Epoch 44/100 - Validation Loss: 1.2394
Epoch 45/100 - Validation Loss: 1.2365
Epoch 46/100 - Validation Loss: 1.2334
Epoch 47/100 - Validation Loss: 1.2307
Epoch 48/100 - Validation Loss: 1.2291
Epoch 49/100 - Validation Loss: 1.2252
Epoch 50/100 - Validation Loss: 1.2221
Epoch 51/100 - Validation Loss: 1.2196
Epoch 52/100 - Validation Loss: 1.2168
Epoch 53/100 - Validation Loss: 1.2146
Epoch 54/100 - Validation Loss: 1.2116
Epoch 55/100 - Validation Loss: 1.2080
Epoch 56/100 - Validation Loss: 1.2078
Epoch 57/100 - Validation Loss: 1.2043
Epoch 58/100 - Validation Loss: 1.2021
Epoch 59/100 - Validation Loss: 1.1993
Epoch 60/100 - Validation Loss: 1.1962
Epoch 61/100 - Validation Loss: 1.1931
Epoch 62/100 - Validation Loss: 1.1926
Epoch 63/100 - Validation Loss: 1.1888
Epoch 64/100 - Validation Loss: 1.1872
Epoch 65/100 - Validation Loss: 1.1854
Epoch 66/100 - Validation Loss: 1.1825
Epoch 67/100 - Validation Loss: 1.1795
Epoch 68/100 - Validation Loss: 1.1771
Epoch 69/100 - Validation Loss: 1.1752
Epoch 70/100 - Validation Loss: 1.1722
Epoch 71/100 - Validation Loss: 1.1704
Epoch 72/100 - Validation Loss: 1.1688
Epoch 73/100 - Validation Loss: 1.1661
Epoch 74/100 - Validation Loss: 1.1642
Epoch 75/100 - Validation Loss: 1.1617
Epoch 76/100 - Validation Loss: 1.1595
Epoch 77/100 - Validation Loss: 1.1576
Epoch 78/100 - Validation Loss: 1.1562
Epoch 79/100 - Validation Loss: 1.1529
Epoch 80/100 - Validation Loss: 1.1502
Epoch 81/100 - Validation Loss: 1.1489
Epoch 82/100 - Validation Loss: 1.1481
Epoch 83/100 - Validation Loss: 1.1446
Epoch 84/100 - Validation Loss: 1.1431
Epoch 85/100 - Validation Loss: 1.1404
Epoch 86/100 - Validation Loss: 1.1394
Epoch 87/100 - Validation Loss: 1.1373
Epoch 88/100 - Validation Loss: 1.1346
Epoch 89/100 - Validation Loss: 1.1329
Epoch 90/100 - Validation Loss: 1.1314
Epoch 91/100 - Validation Loss: 1.1293
Epoch 92/100 - Validation Loss: 1.1268
Epoch 93/100 - Validation Loss: 1.1253
Epoch 94/100 - Validation Loss: 1.1239
Epoch 95/100 - Validation Loss: 1.1214
Epoch 96/100 - Validation Loss: 1.1198
Epoch 97/100 - Validation Loss: 1.1175
Epoch 98/100 - Validation Loss: 1.1157
Epoch 99/100 - Validation Loss: 1.1149
Epoch 100/100 - Validation Loss: 1.1120
Best AUC: 0.8764891219534227

--- Run 2/5 for shift 0.4 ---
Train Shape: (11710, 1028)
Val Shape: (1302, 1028)
Test Shape: (3254, 1028)
Training Early Fusion Model:
The number of parameters of the model are: 1025
Epoch 1/100 - Validation Loss: 1.3607
Epoch 2/100 - Validation Loss: 1.3546
Epoch 3/100 - Validation Loss: 1.3504
Epoch 4/100 - Validation Loss: 1.3457
Epoch 5/100 - Validation Loss: 1.3412
Epoch 6/100 - Validation Loss: 1.3366
Epoch 7/100 - Validation Loss: 1.3324
Epoch 8/100 - Validation Loss: 1.3287
Epoch 9/100 - Validation Loss: 1.3246
Epoch 10/100 - Validation Loss: 1.3209
Epoch 11/100 - Validation Loss: 1.3160
Epoch 12/100 - Validation Loss: 1.3120
Epoch 13/100 - Validation Loss: 1.3083
Epoch 14/100 - Validation Loss: 1.3053
Epoch 15/100 - Validation Loss: 1.3005
Epoch 16/100 - Validation Loss: 1.2972
Epoch 17/100 - Validation Loss: 1.2940
Epoch 18/100 - Validation Loss: 1.2891
Epoch 19/100 - Validation Loss: 1.2859
Epoch 20/100 - Validation Loss: 1.2827
Epoch 21/100 - Validation Loss: 1.2790
Epoch 22/100 - Validation Loss: 1.2762
Epoch 23/100 - Validation Loss: 1.2718
Epoch 24/100 - Validation Loss: 1.2694
Epoch 25/100 - Validation Loss: 1.2654
Epoch 26/100 - Validation Loss: 1.2622
Epoch 27/100 - Validation Loss: 1.2587
Epoch 28/100 - Validation Loss: 1.2555
Epoch 29/100 - Validation Loss: 1.2521
Epoch 30/100 - Validation Loss: 1.2489
Epoch 31/100 - Validation Loss: 1.2455
Epoch 32/100 - Validation Loss: 1.2430
Epoch 33/100 - Validation Loss: 1.2395
Epoch 34/100 - Validation Loss: 1.2372
Epoch 35/100 - Validation Loss: 1.2335
Epoch 36/100 - Validation Loss: 1.2297
Epoch 37/100 - Validation Loss: 1.2281
Epoch 38/100 - Validation Loss: 1.2243
Epoch 39/100 - Validation Loss: 1.2216
Epoch 40/100 - Validation Loss: 1.2187
Epoch 41/100 - Validation Loss: 1.2157
Epoch 42/100 - Validation Loss: 1.2140
Epoch 43/100 - Validation Loss: 1.2098
Epoch 44/100 - Validation Loss: 1.2079
Epoch 45/100 - Validation Loss: 1.2041
Epoch 46/100 - Validation Loss: 1.2020
Epoch 47/100 - Validation Loss: 1.1996
Epoch 48/100 - Validation Loss: 1.1967
Epoch 49/100 - Validation Loss: 1.1940
Epoch 50/100 - Validation Loss: 1.1909
Epoch 51/100 - Validation Loss: 1.1891
Epoch 52/100 - Validation Loss: 1.1847
Epoch 53/100 - Validation Loss: 1.1829
Epoch 54/100 - Validation Loss: 1.1810
Epoch 55/100 - Validation Loss: 1.1786
Epoch 56/100 - Validation Loss: 1.1759
Epoch 57/100 - Validation Loss: 1.1739
Epoch 58/100 - Validation Loss: 1.1707
Epoch 59/100 - Validation Loss: 1.1685
Epoch 60/100 - Validation Loss: 1.1664
Epoch 61/100 - Validation Loss: 1.1645
Epoch 62/100 - Validation Loss: 1.1624
Epoch 63/100 - Validation Loss: 1.1597
Epoch 64/100 - Validation Loss: 1.1562
Epoch 65/100 - Validation Loss: 1.1545
Epoch 66/100 - Validation Loss: 1.1520
Epoch 67/100 - Validation Loss: 1.1505
Epoch 68/100 - Validation Loss: 1.1477
Epoch 69/100 - Validation Loss: 1.1462
Epoch 70/100 - Validation Loss: 1.1436
Epoch 71/100 - Validation Loss: 1.1409
Epoch 72/100 - Validation Loss: 1.1390
Epoch 73/100 - Validation Loss: 1.1368
Epoch 74/100 - Validation Loss: 1.1358
Epoch 75/100 - Validation Loss: 1.1318
Epoch 76/100 - Validation Loss: 1.1308
Epoch 77/100 - Validation Loss: 1.1288
Epoch 78/100 - Validation Loss: 1.1257
Epoch 79/100 - Validation Loss: 1.1246
Epoch 80/100 - Validation Loss: 1.1218
Epoch 81/100 - Validation Loss: 1.1202
Epoch 82/100 - Validation Loss: 1.1189
Epoch 83/100 - Validation Loss: 1.1166
Epoch 84/100 - Validation Loss: 1.1134
Epoch 85/100 - Validation Loss: 1.1124
Epoch 86/100 - Validation Loss: 1.1102
Epoch 87/100 - Validation Loss: 1.1089
Epoch 88/100 - Validation Loss: 1.1060
Epoch 89/100 - Validation Loss: 1.1049
Epoch 90/100 - Validation Loss: 1.1023
Epoch 91/100 - Validation Loss: 1.1002
Epoch 92/100 - Validation Loss: 1.0988
Epoch 93/100 - Validation Loss: 1.0968
Epoch 94/100 - Validation Loss: 1.0954
Epoch 95/100 - Validation Loss: 1.0933
Epoch 96/100 - Validation Loss: 1.0913
Epoch 97/100 - Validation Loss: 1.0894
Epoch 98/100 - Validation Loss: 1.0881
Epoch 99/100 - Validation Loss: 1.0857
Epoch 100/100 - Validation Loss: 1.0843
Best AUC: 0.8772133386702136

--- Run 3/5 for shift 0.4 ---
Train Shape: (11710, 1028)
Val Shape: (1302, 1028)
Test Shape: (3254, 1028)
Training Early Fusion Model:
The number of parameters of the model are: 1025
Epoch 1/100 - Validation Loss: 1.2783
Epoch 2/100 - Validation Loss: 1.2738
Epoch 3/100 - Validation Loss: 1.2692
Epoch 4/100 - Validation Loss: 1.2650
Epoch 5/100 - Validation Loss: 1.2606
Epoch 6/100 - Validation Loss: 1.2563
Epoch 7/100 - Validation Loss: 1.2520
Epoch 8/100 - Validation Loss: 1.2480
Epoch 9/100 - Validation Loss: 1.2440
Epoch 10/100 - Validation Loss: 1.2399
Epoch 11/100 - Validation Loss: 1.2362
Epoch 12/100 - Validation Loss: 1.2320
Epoch 13/100 - Validation Loss: 1.2283
Epoch 14/100 - Validation Loss: 1.2242
Epoch 15/100 - Validation Loss: 1.2207
Epoch 16/100 - Validation Loss: 1.2169
Epoch 17/100 - Validation Loss: 1.2132
Epoch 18/100 - Validation Loss: 1.2096
Epoch 19/100 - Validation Loss: 1.2061
Epoch 20/100 - Validation Loss: 1.2023
Epoch 21/100 - Validation Loss: 1.1991
Epoch 22/100 - Validation Loss: 1.1954
Epoch 23/100 - Validation Loss: 1.1920
Epoch 24/100 - Validation Loss: 1.1886
Epoch 25/100 - Validation Loss: 1.1854
Epoch 26/100 - Validation Loss: 1.1822
Epoch 27/100 - Validation Loss: 1.1787
Epoch 28/100 - Validation Loss: 1.1756
Epoch 29/100 - Validation Loss: 1.1726
Epoch 30/100 - Validation Loss: 1.1692
Epoch 31/100 - Validation Loss: 1.1662
Epoch 32/100 - Validation Loss: 1.1631
Epoch 33/100 - Validation Loss: 1.1600
Epoch 34/100 - Validation Loss: 1.1571
Epoch 35/100 - Validation Loss: 1.1541
Epoch 36/100 - Validation Loss: 1.1511
Epoch 37/100 - Validation Loss: 1.1484
Epoch 38/100 - Validation Loss: 1.1453
Epoch 39/100 - Validation Loss: 1.1426
Epoch 40/100 - Validation Loss: 1.1397
Epoch 41/100 - Validation Loss: 1.1369
Epoch 42/100 - Validation Loss: 1.1343
Epoch 43/100 - Validation Loss: 1.1314
Epoch 44/100 - Validation Loss: 1.1288
Epoch 45/100 - Validation Loss: 1.1261
Epoch 46/100 - Validation Loss: 1.1234
Epoch 47/100 - Validation Loss: 1.1208
Epoch 48/100 - Validation Loss: 1.1181
Epoch 49/100 - Validation Loss: 1.1156
Epoch 50/100 - Validation Loss: 1.1130
Epoch 51/100 - Validation Loss: 1.1105
Epoch 52/100 - Validation Loss: 1.1082
Epoch 53/100 - Validation Loss: 1.1055
Epoch 54/100 - Validation Loss: 1.1031
Epoch 55/100 - Validation Loss: 1.1006
Epoch 56/100 - Validation Loss: 1.0982
Epoch 57/100 - Validation Loss: 1.0959
Epoch 58/100 - Validation Loss: 1.0934
Epoch 59/100 - Validation Loss: 1.0913
Epoch 60/100 - Validation Loss: 1.0888
Epoch 61/100 - Validation Loss: 1.0865
Epoch 62/100 - Validation Loss: 1.0842
Epoch 63/100 - Validation Loss: 1.0821
Epoch 64/100 - Validation Loss: 1.0797
Epoch 65/100 - Validation Loss: 1.0775
Epoch 66/100 - Validation Loss: 1.0752
Epoch 67/100 - Validation Loss: 1.0731
Epoch 68/100 - Validation Loss: 1.0709
Epoch 69/100 - Validation Loss: 1.0688
Epoch 70/100 - Validation Loss: 1.0665
Epoch 71/100 - Validation Loss: 1.0644
Epoch 72/100 - Validation Loss: 1.0623
Epoch 73/100 - Validation Loss: 1.0603
Epoch 74/100 - Validation Loss: 1.0583
Epoch 75/100 - Validation Loss: 1.0562
Epoch 76/100 - Validation Loss: 1.0541
Epoch 77/100 - Validation Loss: 1.0523
Epoch 78/100 - Validation Loss: 1.0502
Epoch 79/100 - Validation Loss: 1.0483
Epoch 80/100 - Validation Loss: 1.0463
Epoch 81/100 - Validation Loss: 1.0443
Epoch 82/100 - Validation Loss: 1.0425
Epoch 83/100 - Validation Loss: 1.0405
Epoch 84/100 - Validation Loss: 1.0385
Epoch 85/100 - Validation Loss: 1.0367
Epoch 86/100 - Validation Loss: 1.0348
Epoch 87/100 - Validation Loss: 1.0330
Epoch 88/100 - Validation Loss: 1.0312
Epoch 89/100 - Validation Loss: 1.0295
Epoch 90/100 - Validation Loss: 1.0276
Epoch 91/100 - Validation Loss: 1.0258
Epoch 92/100 - Validation Loss: 1.0240
Epoch 93/100 - Validation Loss: 1.0223
Epoch 94/100 - Validation Loss: 1.0205
Epoch 95/100 - Validation Loss: 1.0188
Epoch 96/100 - Validation Loss: 1.0171
Epoch 97/100 - Validation Loss: 1.0153
Epoch 98/100 - Validation Loss: 1.0136
Epoch 99/100 - Validation Loss: 1.0120
Epoch 100/100 - Validation Loss: 1.0103
Best AUC: 0.8772398154103972

--- Run 4/5 for shift 0.4 ---
Train Shape: (11710, 1028)
Val Shape: (1302, 1028)
Test Shape: (3254, 1028)
Training Early Fusion Model:
The number of parameters of the model are: 1025
Epoch 1/100 - Validation Loss: 1.4493
Epoch 2/100 - Validation Loss: 1.4460
Epoch 3/100 - Validation Loss: 1.4442
Epoch 4/100 - Validation Loss: 1.4385
Epoch 5/100 - Validation Loss: 1.4337
Epoch 6/100 - Validation Loss: 1.4288
Epoch 7/100 - Validation Loss: 1.4232
Epoch 8/100 - Validation Loss: 1.4185
Epoch 9/100 - Validation Loss: 1.4144
Epoch 10/100 - Validation Loss: 1.4098
Epoch 11/100 - Validation Loss: 1.4040
Epoch 12/100 - Validation Loss: 1.4011
Epoch 13/100 - Validation Loss: 1.3934
Epoch 14/100 - Validation Loss: 1.3920
Epoch 15/100 - Validation Loss: 1.3861
Epoch 16/100 - Validation Loss: 1.3809
Epoch 17/100 - Validation Loss: 1.3775
Epoch 18/100 - Validation Loss: 1.3741
Epoch 19/100 - Validation Loss: 1.3702
Epoch 20/100 - Validation Loss: 1.3650
Epoch 21/100 - Validation Loss: 1.3628
Epoch 22/100 - Validation Loss: 1.3560
Epoch 23/100 - Validation Loss: 1.3533
Epoch 24/100 - Validation Loss: 1.3486
Epoch 25/100 - Validation Loss: 1.3443
Epoch 26/100 - Validation Loss: 1.3416
Epoch 27/100 - Validation Loss: 1.3375
Epoch 28/100 - Validation Loss: 1.3333
Epoch 29/100 - Validation Loss: 1.3309
Epoch 30/100 - Validation Loss: 1.3276
Epoch 31/100 - Validation Loss: 1.3215
Epoch 32/100 - Validation Loss: 1.3191
Epoch 33/100 - Validation Loss: 1.3146
Epoch 34/100 - Validation Loss: 1.3125
Epoch 35/100 - Validation Loss: 1.3094
Epoch 36/100 - Validation Loss: 1.3059
Epoch 37/100 - Validation Loss: 1.3021
Epoch 38/100 - Validation Loss: 1.2987
Epoch 39/100 - Validation Loss: 1.2959
Epoch 40/100 - Validation Loss: 1.2898
Epoch 41/100 - Validation Loss: 1.2907
Epoch 42/100 - Validation Loss: 1.2861
Epoch 43/100 - Validation Loss: 1.2814
Epoch 44/100 - Validation Loss: 1.2782
Epoch 45/100 - Validation Loss: 1.2756
Epoch 46/100 - Validation Loss: 1.2729
Epoch 47/100 - Validation Loss: 1.2693
Epoch 48/100 - Validation Loss: 1.2665
Epoch 49/100 - Validation Loss: 1.2635
Epoch 50/100 - Validation Loss: 1.2600
Epoch 51/100 - Validation Loss: 1.2568
Epoch 52/100 - Validation Loss: 1.2544
Epoch 53/100 - Validation Loss: 1.2526
Epoch 54/100 - Validation Loss: 1.2493
Epoch 55/100 - Validation Loss: 1.2445
Epoch 56/100 - Validation Loss: 1.2424
Epoch 57/100 - Validation Loss: 1.2406
Epoch 58/100 - Validation Loss: 1.2381
Epoch 59/100 - Validation Loss: 1.2345
Epoch 60/100 - Validation Loss: 1.2312
Epoch 61/100 - Validation Loss: 1.2290
Epoch 62/100 - Validation Loss: 1.2270
Epoch 63/100 - Validation Loss: 1.2237
Epoch 64/100 - Validation Loss: 1.2210
Epoch 65/100 - Validation Loss: 1.2191
Epoch 66/100 - Validation Loss: 1.2159
Epoch 67/100 - Validation Loss: 1.2128
Epoch 68/100 - Validation Loss: 1.2099
Epoch 69/100 - Validation Loss: 1.2088
Epoch 70/100 - Validation Loss: 1.2049
Epoch 71/100 - Validation Loss: 1.2031
Epoch 72/100 - Validation Loss: 1.2010
Epoch 73/100 - Validation Loss: 1.1988
Epoch 74/100 - Validation Loss: 1.1946
Epoch 75/100 - Validation Loss: 1.1942
Epoch 76/100 - Validation Loss: 1.1914
Epoch 77/100 - Validation Loss: 1.1879
Epoch 78/100 - Validation Loss: 1.1866
Epoch 79/100 - Validation Loss: 1.1839
Epoch 80/100 - Validation Loss: 1.1816
Epoch 81/100 - Validation Loss: 1.1800
Epoch 82/100 - Validation Loss: 1.1776
Epoch 83/100 - Validation Loss: 1.1756
Epoch 84/100 - Validation Loss: 1.1716
Epoch 85/100 - Validation Loss: 1.1704
Epoch 86/100 - Validation Loss: 1.1687
Epoch 87/100 - Validation Loss: 1.1662
Epoch 88/100 - Validation Loss: 1.1650
Epoch 89/100 - Validation Loss: 1.1616
Epoch 90/100 - Validation Loss: 1.1600
Epoch 91/100 - Validation Loss: 1.1564
Epoch 92/100 - Validation Loss: 1.1556
Epoch 93/100 - Validation Loss: 1.1544
Epoch 94/100 - Validation Loss: 1.1513
Epoch 95/100 - Validation Loss: 1.1496
Epoch 96/100 - Validation Loss: 1.1465
Epoch 97/100 - Validation Loss: 1.1445
Epoch 98/100 - Validation Loss: 1.1428
Epoch 99/100 - Validation Loss: 1.1412
Epoch 100/100 - Validation Loss: 1.1408
Best AUC: 0.8776556559768126

--- Run 5/5 for shift 0.4 ---
Train Shape: (11710, 1028)
Val Shape: (1302, 1028)
Test Shape: (3254, 1028)
Training Early Fusion Model:
The number of parameters of the model are: 1025
Epoch 1/100 - Validation Loss: 1.3119
Epoch 2/100 - Validation Loss: 1.3075
Epoch 3/100 - Validation Loss: 1.3028
Epoch 4/100 - Validation Loss: 1.2986
Epoch 5/100 - Validation Loss: 1.2941
Epoch 6/100 - Validation Loss: 1.2900
Epoch 7/100 - Validation Loss: 1.2859
Epoch 8/100 - Validation Loss: 1.2818
Epoch 9/100 - Validation Loss: 1.2775
Epoch 10/100 - Validation Loss: 1.2737
Epoch 11/100 - Validation Loss: 1.2697
Epoch 12/100 - Validation Loss: 1.2656
Epoch 13/100 - Validation Loss: 1.2617
Epoch 14/100 - Validation Loss: 1.2581
Epoch 15/100 - Validation Loss: 1.2548
Epoch 16/100 - Validation Loss: 1.2507
Epoch 17/100 - Validation Loss: 1.2469
Epoch 18/100 - Validation Loss: 1.2436
Epoch 19/100 - Validation Loss: 1.2401
Epoch 20/100 - Validation Loss: 1.2363
Epoch 21/100 - Validation Loss: 1.2333
Epoch 22/100 - Validation Loss: 1.2297
Epoch 23/100 - Validation Loss: 1.2263
Epoch 24/100 - Validation Loss: 1.2233
Epoch 25/100 - Validation Loss: 1.2200
Epoch 26/100 - Validation Loss: 1.2166
Epoch 27/100 - Validation Loss: 1.2136
Epoch 28/100 - Validation Loss: 1.2103
Epoch 29/100 - Validation Loss: 1.2073
Epoch 30/100 - Validation Loss: 1.2044
Epoch 31/100 - Validation Loss: 1.2013
Epoch 32/100 - Validation Loss: 1.1980
Epoch 33/100 - Validation Loss: 1.1950
Epoch 34/100 - Validation Loss: 1.1921
Epoch 35/100 - Validation Loss: 1.1892
Epoch 36/100 - Validation Loss: 1.1865
Epoch 37/100 - Validation Loss: 1.1835
Epoch 38/100 - Validation Loss: 1.1805
Epoch 39/100 - Validation Loss: 1.1778
Epoch 40/100 - Validation Loss: 1.1750
Epoch 41/100 - Validation Loss: 1.1724
Epoch 42/100 - Validation Loss: 1.1697
Epoch 43/100 - Validation Loss: 1.1669
Epoch 44/100 - Validation Loss: 1.1641
Epoch 45/100 - Validation Loss: 1.1618
Epoch 46/100 - Validation Loss: 1.1594
Epoch 47/100 - Validation Loss: 1.1566
Epoch 48/100 - Validation Loss: 1.1540
Epoch 49/100 - Validation Loss: 1.1514
Epoch 50/100 - Validation Loss: 1.1495
Epoch 51/100 - Validation Loss: 1.1465
Epoch 52/100 - Validation Loss: 1.1442
Epoch 53/100 - Validation Loss: 1.1421
Epoch 54/100 - Validation Loss: 1.1396
Epoch 55/100 - Validation Loss: 1.1371
Epoch 56/100 - Validation Loss: 1.1349
Epoch 57/100 - Validation Loss: 1.1332
Epoch 58/100 - Validation Loss: 1.1304
Epoch 59/100 - Validation Loss: 1.1282
Epoch 60/100 - Validation Loss: 1.1258
Epoch 61/100 - Validation Loss: 1.1240
Epoch 62/100 - Validation Loss: 1.1223
Epoch 63/100 - Validation Loss: 1.1196
Epoch 64/100 - Validation Loss: 1.1172
Epoch 65/100 - Validation Loss: 1.1157
Epoch 66/100 - Validation Loss: 1.1132
Epoch 67/100 - Validation Loss: 1.1114
Epoch 68/100 - Validation Loss: 1.1090
Epoch 69/100 - Validation Loss: 1.1075
Epoch 70/100 - Validation Loss: 1.1052
Epoch 71/100 - Validation Loss: 1.1035
Epoch 72/100 - Validation Loss: 1.1012
Epoch 73/100 - Validation Loss: 1.0993
Epoch 74/100 - Validation Loss: 1.0975
Epoch 75/100 - Validation Loss: 1.0957
Epoch 76/100 - Validation Loss: 1.0937
Epoch 77/100 - Validation Loss: 1.0920
Epoch 78/100 - Validation Loss: 1.0899
Epoch 79/100 - Validation Loss: 1.0887
Epoch 80/100 - Validation Loss: 1.0864
Epoch 81/100 - Validation Loss: 1.0849
Epoch 82/100 - Validation Loss: 1.0828
Epoch 83/100 - Validation Loss: 1.0812
Epoch 84/100 - Validation Loss: 1.0793
Epoch 85/100 - Validation Loss: 1.0776
Epoch 86/100 - Validation Loss: 1.0759
Epoch 87/100 - Validation Loss: 1.0746
Epoch 88/100 - Validation Loss: 1.0725
Epoch 89/100 - Validation Loss: 1.0711
Epoch 90/100 - Validation Loss: 1.0693
Epoch 91/100 - Validation Loss: 1.0677
Epoch 92/100 - Validation Loss: 1.0659
Epoch 93/100 - Validation Loss: 1.0643
Epoch 94/100 - Validation Loss: 1.0630
Epoch 95/100 - Validation Loss: 1.0611
Epoch 96/100 - Validation Loss: 1.0596
Epoch 97/100 - Validation Loss: 1.0582
Epoch 98/100 - Validation Loss: 1.0564
Epoch 99/100 - Validation Loss: 1.0551
Epoch 100/100 - Validation Loss: 1.0535
Best AUC: 0.877560651203212
##################################################  Shift 0.5  ##################################################
Subsampling 16266 data points to 5000 for cleaner visualization.

--- Run 1/5 for shift 0.5 ---
Train Shape: (11710, 1028)
Val Shape: (1302, 1028)
Test Shape: (3254, 1028)
Training Early Fusion Model:
The number of parameters of the model are: 1025
Epoch 1/100 - Validation Loss: 1.3946
Epoch 2/100 - Validation Loss: 1.3899
Epoch 3/100 - Validation Loss: 1.3849
Epoch 4/100 - Validation Loss: 1.3816
Epoch 5/100 - Validation Loss: 1.3777
Epoch 6/100 - Validation Loss: 1.3724
Epoch 7/100 - Validation Loss: 1.3679
Epoch 8/100 - Validation Loss: 1.3654
Epoch 9/100 - Validation Loss: 1.3596
Epoch 10/100 - Validation Loss: 1.3555
Epoch 11/100 - Validation Loss: 1.3516
Epoch 12/100 - Validation Loss: 1.3469
Epoch 13/100 - Validation Loss: 1.3422
Epoch 14/100 - Validation Loss: 1.3394
Epoch 15/100 - Validation Loss: 1.3363
Epoch 16/100 - Validation Loss: 1.3314
Epoch 17/100 - Validation Loss: 1.3279
Epoch 18/100 - Validation Loss: 1.3233
Epoch 19/100 - Validation Loss: 1.3198
Epoch 20/100 - Validation Loss: 1.3152
Epoch 21/100 - Validation Loss: 1.3133
Epoch 22/100 - Validation Loss: 1.3084
Epoch 23/100 - Validation Loss: 1.3046
Epoch 24/100 - Validation Loss: 1.3001
Epoch 25/100 - Validation Loss: 1.2977
Epoch 26/100 - Validation Loss: 1.2930
Epoch 27/100 - Validation Loss: 1.2908
Epoch 28/100 - Validation Loss: 1.2879
Epoch 29/100 - Validation Loss: 1.2829
Epoch 30/100 - Validation Loss: 1.2801
Epoch 31/100 - Validation Loss: 1.2764
Epoch 32/100 - Validation Loss: 1.2738
Epoch 33/100 - Validation Loss: 1.2703
Epoch 34/100 - Validation Loss: 1.2671
Epoch 35/100 - Validation Loss: 1.2643
Epoch 36/100 - Validation Loss: 1.2602
Epoch 37/100 - Validation Loss: 1.2575
Epoch 38/100 - Validation Loss: 1.2537
Epoch 39/100 - Validation Loss: 1.2509
Epoch 40/100 - Validation Loss: 1.2478
Epoch 41/100 - Validation Loss: 1.2450
Epoch 42/100 - Validation Loss: 1.2420
Epoch 43/100 - Validation Loss: 1.2390
Epoch 44/100 - Validation Loss: 1.2358
Epoch 45/100 - Validation Loss: 1.2329
Epoch 46/100 - Validation Loss: 1.2297
Epoch 47/100 - Validation Loss: 1.2270
Epoch 48/100 - Validation Loss: 1.2253
Epoch 49/100 - Validation Loss: 1.2215
Epoch 50/100 - Validation Loss: 1.2183
Epoch 51/100 - Validation Loss: 1.2158
Epoch 52/100 - Validation Loss: 1.2129
Epoch 53/100 - Validation Loss: 1.2107
Epoch 54/100 - Validation Loss: 1.2076
Epoch 55/100 - Validation Loss: 1.2040
Epoch 56/100 - Validation Loss: 1.2038
Epoch 57/100 - Validation Loss: 1.2002
Epoch 58/100 - Validation Loss: 1.1980
Epoch 59/100 - Validation Loss: 1.1952
Epoch 60/100 - Validation Loss: 1.1921
Epoch 61/100 - Validation Loss: 1.1889
Epoch 62/100 - Validation Loss: 1.1884
Epoch 63/100 - Validation Loss: 1.1846
Epoch 64/100 - Validation Loss: 1.1829
Epoch 65/100 - Validation Loss: 1.1811
Epoch 66/100 - Validation Loss: 1.1782
Epoch 67/100 - Validation Loss: 1.1752
Epoch 68/100 - Validation Loss: 1.1727
Epoch 69/100 - Validation Loss: 1.1708
Epoch 70/100 - Validation Loss: 1.1678
Epoch 71/100 - Validation Loss: 1.1660
Epoch 72/100 - Validation Loss: 1.1643
Epoch 73/100 - Validation Loss: 1.1616
Epoch 74/100 - Validation Loss: 1.1597
Epoch 75/100 - Validation Loss: 1.1571
Epoch 76/100 - Validation Loss: 1.1549
Epoch 77/100 - Validation Loss: 1.1530
Epoch 78/100 - Validation Loss: 1.1516
Epoch 79/100 - Validation Loss: 1.1483
Epoch 80/100 - Validation Loss: 1.1455
Epoch 81/100 - Validation Loss: 1.1442
Epoch 82/100 - Validation Loss: 1.1434
Epoch 83/100 - Validation Loss: 1.1399
Epoch 84/100 - Validation Loss: 1.1384
Epoch 85/100 - Validation Loss: 1.1357
Epoch 86/100 - Validation Loss: 1.1347
Epoch 87/100 - Validation Loss: 1.1325
Epoch 88/100 - Validation Loss: 1.1299
Epoch 89/100 - Validation Loss: 1.1281
Epoch 90/100 - Validation Loss: 1.1266
Epoch 91/100 - Validation Loss: 1.1245
Epoch 92/100 - Validation Loss: 1.1220
Epoch 93/100 - Validation Loss: 1.1204
Epoch 94/100 - Validation Loss: 1.1191
Epoch 95/100 - Validation Loss: 1.1166
Epoch 96/100 - Validation Loss: 1.1149
Epoch 97/100 - Validation Loss: 1.1126
Epoch 98/100 - Validation Loss: 1.1108
Epoch 99/100 - Validation Loss: 1.1100
Epoch 100/100 - Validation Loss: 1.1070
Best AUC: 0.8770170993017927

--- Run 2/5 for shift 0.5 ---
Train Shape: (11710, 1028)
Val Shape: (1302, 1028)
Test Shape: (3254, 1028)
Training Early Fusion Model:
The number of parameters of the model are: 1025
Epoch 1/100 - Validation Loss: 1.3605
Epoch 2/100 - Validation Loss: 1.3543
Epoch 3/100 - Validation Loss: 1.3500
Epoch 4/100 - Validation Loss: 1.3451
Epoch 5/100 - Validation Loss: 1.3405
Epoch 6/100 - Validation Loss: 1.3357
Epoch 7/100 - Validation Loss: 1.3314
Epoch 8/100 - Validation Loss: 1.3277
Epoch 9/100 - Validation Loss: 1.3235
Epoch 10/100 - Validation Loss: 1.3196
Epoch 11/100 - Validation Loss: 1.3146
Epoch 12/100 - Validation Loss: 1.3105
Epoch 13/100 - Validation Loss: 1.3066
Epoch 14/100 - Validation Loss: 1.3036
Epoch 15/100 - Validation Loss: 1.2987
Epoch 16/100 - Validation Loss: 1.2953
Epoch 17/100 - Validation Loss: 1.2920
Epoch 18/100 - Validation Loss: 1.2870
Epoch 19/100 - Validation Loss: 1.2838
Epoch 20/100 - Validation Loss: 1.2805
Epoch 21/100 - Validation Loss: 1.2767
Epoch 22/100 - Validation Loss: 1.2737
Epoch 23/100 - Validation Loss: 1.2693
Epoch 24/100 - Validation Loss: 1.2668
Epoch 25/100 - Validation Loss: 1.2628
Epoch 26/100 - Validation Loss: 1.2595
Epoch 27/100 - Validation Loss: 1.2559
Epoch 28/100 - Validation Loss: 1.2526
Epoch 29/100 - Validation Loss: 1.2492
Epoch 30/100 - Validation Loss: 1.2459
Epoch 31/100 - Validation Loss: 1.2425
Epoch 32/100 - Validation Loss: 1.2399
Epoch 33/100 - Validation Loss: 1.2363
Epoch 34/100 - Validation Loss: 1.2340
Epoch 35/100 - Validation Loss: 1.2302
Epoch 36/100 - Validation Loss: 1.2263
Epoch 37/100 - Validation Loss: 1.2247
Epoch 38/100 - Validation Loss: 1.2209
Epoch 39/100 - Validation Loss: 1.2181
Epoch 40/100 - Validation Loss: 1.2152
Epoch 41/100 - Validation Loss: 1.2121
Epoch 42/100 - Validation Loss: 1.2103
Epoch 43/100 - Validation Loss: 1.2061
Epoch 44/100 - Validation Loss: 1.2041
Epoch 45/100 - Validation Loss: 1.2003
Epoch 46/100 - Validation Loss: 1.1981
Epoch 47/100 - Validation Loss: 1.1957
Epoch 48/100 - Validation Loss: 1.1928
Epoch 49/100 - Validation Loss: 1.1901
Epoch 50/100 - Validation Loss: 1.1869
Epoch 51/100 - Validation Loss: 1.1851
Epoch 52/100 - Validation Loss: 1.1806
Epoch 53/100 - Validation Loss: 1.1788
Epoch 54/100 - Validation Loss: 1.1768
Epoch 55/100 - Validation Loss: 1.1744
Epoch 56/100 - Validation Loss: 1.1717
Epoch 57/100 - Validation Loss: 1.1696
Epoch 58/100 - Validation Loss: 1.1664
Epoch 59/100 - Validation Loss: 1.1641
Epoch 60/100 - Validation Loss: 1.1620
Epoch 61/100 - Validation Loss: 1.1601
Epoch 62/100 - Validation Loss: 1.1580
Epoch 63/100 - Validation Loss: 1.1553
Epoch 64/100 - Validation Loss: 1.1517
Epoch 65/100 - Validation Loss: 1.1500
Epoch 66/100 - Validation Loss: 1.1475
Epoch 67/100 - Validation Loss: 1.1459
Epoch 68/100 - Validation Loss: 1.1431
Epoch 69/100 - Validation Loss: 1.1416
Epoch 70/100 - Validation Loss: 1.1389
Epoch 71/100 - Validation Loss: 1.1362
Epoch 72/100 - Validation Loss: 1.1343
Epoch 73/100 - Validation Loss: 1.1321
Epoch 74/100 - Validation Loss: 1.1311
Epoch 75/100 - Validation Loss: 1.1270
Epoch 76/100 - Validation Loss: 1.1260
Epoch 77/100 - Validation Loss: 1.1239
Epoch 78/100 - Validation Loss: 1.1209
Epoch 79/100 - Validation Loss: 1.1197
Epoch 80/100 - Validation Loss: 1.1169
Epoch 81/100 - Validation Loss: 1.1153
Epoch 82/100 - Validation Loss: 1.1140
Epoch 83/100 - Validation Loss: 1.1117
Epoch 84/100 - Validation Loss: 1.1084
Epoch 85/100 - Validation Loss: 1.1075
Epoch 86/100 - Validation Loss: 1.1052
Epoch 87/100 - Validation Loss: 1.1039
Epoch 88/100 - Validation Loss: 1.1010
Epoch 89/100 - Validation Loss: 1.0999
Epoch 90/100 - Validation Loss: 1.0973
Epoch 91/100 - Validation Loss: 1.0951
Epoch 92/100 - Validation Loss: 1.0937
Epoch 93/100 - Validation Loss: 1.0917
Epoch 94/100 - Validation Loss: 1.0903
Epoch 95/100 - Validation Loss: 1.0881
Epoch 96/100 - Validation Loss: 1.0861
Epoch 97/100 - Validation Loss: 1.0842
Epoch 98/100 - Validation Loss: 1.0829
Epoch 99/100 - Validation Loss: 1.0805
Epoch 100/100 - Validation Loss: 1.0790
Best AUC: 0.877710166912485

--- Run 3/5 for shift 0.5 ---
Train Shape: (11710, 1028)
Val Shape: (1302, 1028)
Test Shape: (3254, 1028)
Training Early Fusion Model:
The number of parameters of the model are: 1025
Epoch 1/100 - Validation Loss: 1.2782
Epoch 2/100 - Validation Loss: 1.2735
Epoch 3/100 - Validation Loss: 1.2688
Epoch 4/100 - Validation Loss: 1.2645
Epoch 5/100 - Validation Loss: 1.2599
Epoch 6/100 - Validation Loss: 1.2555
Epoch 7/100 - Validation Loss: 1.2512
Epoch 8/100 - Validation Loss: 1.2470
Epoch 9/100 - Validation Loss: 1.2429
Epoch 10/100 - Validation Loss: 1.2387
Epoch 11/100 - Validation Loss: 1.2350
Epoch 12/100 - Validation Loss: 1.2306
Epoch 13/100 - Validation Loss: 1.2268
Epoch 14/100 - Validation Loss: 1.2227
Epoch 15/100 - Validation Loss: 1.2190
Epoch 16/100 - Validation Loss: 1.2151
Epoch 17/100 - Validation Loss: 1.2114
Epoch 18/100 - Validation Loss: 1.2077
Epoch 19/100 - Validation Loss: 1.2041
Epoch 20/100 - Validation Loss: 1.2003
Epoch 21/100 - Validation Loss: 1.1970
Epoch 22/100 - Validation Loss: 1.1932
Epoch 23/100 - Validation Loss: 1.1897
Epoch 24/100 - Validation Loss: 1.1863
Epoch 25/100 - Validation Loss: 1.1830
Epoch 26/100 - Validation Loss: 1.1797
Epoch 27/100 - Validation Loss: 1.1762
Epoch 28/100 - Validation Loss: 1.1730
Epoch 29/100 - Validation Loss: 1.1699
Epoch 30/100 - Validation Loss: 1.1665
Epoch 31/100 - Validation Loss: 1.1634
Epoch 32/100 - Validation Loss: 1.1603
Epoch 33/100 - Validation Loss: 1.1571
Epoch 34/100 - Validation Loss: 1.1541
Epoch 35/100 - Validation Loss: 1.1511
Epoch 36/100 - Validation Loss: 1.1481
Epoch 37/100 - Validation Loss: 1.1452
Epoch 38/100 - Validation Loss: 1.1422
Epoch 39/100 - Validation Loss: 1.1393
Epoch 40/100 - Validation Loss: 1.1364
Epoch 41/100 - Validation Loss: 1.1336
Epoch 42/100 - Validation Loss: 1.1309
Epoch 43/100 - Validation Loss: 1.1280
Epoch 44/100 - Validation Loss: 1.1254
Epoch 45/100 - Validation Loss: 1.1227
Epoch 46/100 - Validation Loss: 1.1199
Epoch 47/100 - Validation Loss: 1.1173
Epoch 48/100 - Validation Loss: 1.1146
Epoch 49/100 - Validation Loss: 1.1120
Epoch 50/100 - Validation Loss: 1.1094
Epoch 51/100 - Validation Loss: 1.1068
Epoch 52/100 - Validation Loss: 1.1045
Epoch 53/100 - Validation Loss: 1.1018
Epoch 54/100 - Validation Loss: 1.0993
Epoch 55/100 - Validation Loss: 1.0968
Epoch 56/100 - Validation Loss: 1.0944
Epoch 57/100 - Validation Loss: 1.0920
Epoch 58/100 - Validation Loss: 1.0895
Epoch 59/100 - Validation Loss: 1.0874
Epoch 60/100 - Validation Loss: 1.0848
Epoch 61/100 - Validation Loss: 1.0825
Epoch 62/100 - Validation Loss: 1.0802
Epoch 63/100 - Validation Loss: 1.0780
Epoch 64/100 - Validation Loss: 1.0756
Epoch 65/100 - Validation Loss: 1.0734
Epoch 66/100 - Validation Loss: 1.0711
Epoch 67/100 - Validation Loss: 1.0689
Epoch 68/100 - Validation Loss: 1.0668
Epoch 69/100 - Validation Loss: 1.0646
Epoch 70/100 - Validation Loss: 1.0623
Epoch 71/100 - Validation Loss: 1.0602
Epoch 72/100 - Validation Loss: 1.0581
Epoch 73/100 - Validation Loss: 1.0560
Epoch 74/100 - Validation Loss: 1.0540
Epoch 75/100 - Validation Loss: 1.0519
Epoch 76/100 - Validation Loss: 1.0498
Epoch 77/100 - Validation Loss: 1.0479
Epoch 78/100 - Validation Loss: 1.0458
Epoch 79/100 - Validation Loss: 1.0439
Epoch 80/100 - Validation Loss: 1.0419
Epoch 81/100 - Validation Loss: 1.0399
Epoch 82/100 - Validation Loss: 1.0380
Epoch 83/100 - Validation Loss: 1.0361
Epoch 84/100 - Validation Loss: 1.0341
Epoch 85/100 - Validation Loss: 1.0322
Epoch 86/100 - Validation Loss: 1.0303
Epoch 87/100 - Validation Loss: 1.0285
Epoch 88/100 - Validation Loss: 1.0267
Epoch 89/100 - Validation Loss: 1.0249
Epoch 90/100 - Validation Loss: 1.0230
Epoch 91/100 - Validation Loss: 1.0212
Epoch 92/100 - Validation Loss: 1.0194
Epoch 93/100 - Validation Loss: 1.0177
Epoch 94/100 - Validation Loss: 1.0159
Epoch 95/100 - Validation Loss: 1.0142
Epoch 96/100 - Validation Loss: 1.0125
Epoch 97/100 - Validation Loss: 1.0107
Epoch 98/100 - Validation Loss: 1.0090
Epoch 99/100 - Validation Loss: 1.0073
Epoch 100/100 - Validation Loss: 1.0057
Best AUC: 0.8778581251664531

--- Run 4/5 for shift 0.5 ---
Train Shape: (11710, 1028)
Val Shape: (1302, 1028)
Test Shape: (3254, 1028)
Training Early Fusion Model:
The number of parameters of the model are: 1025
Epoch 1/100 - Validation Loss: 1.4493
Epoch 2/100 - Validation Loss: 1.4457
Epoch 3/100 - Validation Loss: 1.4438
Epoch 4/100 - Validation Loss: 1.4379
Epoch 5/100 - Validation Loss: 1.4330
Epoch 6/100 - Validation Loss: 1.4279
Epoch 7/100 - Validation Loss: 1.4222
Epoch 8/100 - Validation Loss: 1.4174
Epoch 9/100 - Validation Loss: 1.4132
Epoch 10/100 - Validation Loss: 1.4085
Epoch 11/100 - Validation Loss: 1.4025
Epoch 12/100 - Validation Loss: 1.3995
Epoch 13/100 - Validation Loss: 1.3917
Epoch 14/100 - Validation Loss: 1.3902
Epoch 15/100 - Validation Loss: 1.3842
Epoch 16/100 - Validation Loss: 1.3788
Epoch 17/100 - Validation Loss: 1.3754
Epoch 18/100 - Validation Loss: 1.3719
Epoch 19/100 - Validation Loss: 1.3679
Epoch 20/100 - Validation Loss: 1.3626
Epoch 21/100 - Validation Loss: 1.3604
Epoch 22/100 - Validation Loss: 1.3534
Epoch 23/100 - Validation Loss: 1.3506
Epoch 24/100 - Validation Loss: 1.3459
Epoch 25/100 - Validation Loss: 1.3415
Epoch 26/100 - Validation Loss: 1.3387
Epoch 27/100 - Validation Loss: 1.3345
Epoch 28/100 - Validation Loss: 1.3302
Epoch 29/100 - Validation Loss: 1.3278
Epoch 30/100 - Validation Loss: 1.3244
Epoch 31/100 - Validation Loss: 1.3182
Epoch 32/100 - Validation Loss: 1.3158
Epoch 33/100 - Validation Loss: 1.3112
Epoch 34/100 - Validation Loss: 1.3090
Epoch 35/100 - Validation Loss: 1.3059
Epoch 36/100 - Validation Loss: 1.3024
Epoch 37/100 - Validation Loss: 1.2985
Epoch 38/100 - Validation Loss: 1.2950
Epoch 39/100 - Validation Loss: 1.2922
Epoch 40/100 - Validation Loss: 1.2861
Epoch 41/100 - Validation Loss: 1.2869
Epoch 42/100 - Validation Loss: 1.2822
Epoch 43/100 - Validation Loss: 1.2775
Epoch 44/100 - Validation Loss: 1.2742
Epoch 45/100 - Validation Loss: 1.2715
Epoch 46/100 - Validation Loss: 1.2689
Epoch 47/100 - Validation Loss: 1.2652
Epoch 48/100 - Validation Loss: 1.2624
Epoch 49/100 - Validation Loss: 1.2593
Epoch 50/100 - Validation Loss: 1.2558
Epoch 51/100 - Validation Loss: 1.2526
Epoch 52/100 - Validation Loss: 1.2501
Epoch 53/100 - Validation Loss: 1.2483
Epoch 54/100 - Validation Loss: 1.2449
Epoch 55/100 - Validation Loss: 1.2401
Epoch 56/100 - Validation Loss: 1.2379
Epoch 57/100 - Validation Loss: 1.2362
Epoch 58/100 - Validation Loss: 1.2336
Epoch 59/100 - Validation Loss: 1.2300
Epoch 60/100 - Validation Loss: 1.2267
Epoch 61/100 - Validation Loss: 1.2244
Epoch 62/100 - Validation Loss: 1.2224
Epoch 63/100 - Validation Loss: 1.2190
Epoch 64/100 - Validation Loss: 1.2163
Epoch 65/100 - Validation Loss: 1.2144
Epoch 66/100 - Validation Loss: 1.2111
Epoch 67/100 - Validation Loss: 1.2080
Epoch 68/100 - Validation Loss: 1.2051
Epoch 69/100 - Validation Loss: 1.2040
Epoch 70/100 - Validation Loss: 1.2001
Epoch 71/100 - Validation Loss: 1.1982
Epoch 72/100 - Validation Loss: 1.1961
Epoch 73/100 - Validation Loss: 1.1940
Epoch 74/100 - Validation Loss: 1.1897
Epoch 75/100 - Validation Loss: 1.1892
Epoch 76/100 - Validation Loss: 1.1865
Epoch 77/100 - Validation Loss: 1.1830
Epoch 78/100 - Validation Loss: 1.1817
Epoch 79/100 - Validation Loss: 1.1789
Epoch 80/100 - Validation Loss: 1.1766
Epoch 81/100 - Validation Loss: 1.1749
Epoch 82/100 - Validation Loss: 1.1726
Epoch 83/100 - Validation Loss: 1.1705
Epoch 84/100 - Validation Loss: 1.1665
Epoch 85/100 - Validation Loss: 1.1653
Epoch 86/100 - Validation Loss: 1.1636
Epoch 87/100 - Validation Loss: 1.1611
Epoch 88/100 - Validation Loss: 1.1599
Epoch 89/100 - Validation Loss: 1.1564
Epoch 90/100 - Validation Loss: 1.1548
Epoch 91/100 - Validation Loss: 1.1513
Epoch 92/100 - Validation Loss: 1.1504
Epoch 93/100 - Validation Loss: 1.1492
Epoch 94/100 - Validation Loss: 1.1461
Epoch 95/100 - Validation Loss: 1.1444
Epoch 96/100 - Validation Loss: 1.1413
Epoch 97/100 - Validation Loss: 1.1392
Epoch 98/100 - Validation Loss: 1.1376
Epoch 99/100 - Validation Loss: 1.1359
Epoch 100/100 - Validation Loss: 1.1355
Best AUC: 0.8782443740820748

--- Run 5/5 for shift 0.5 ---
Train Shape: (11710, 1028)
Val Shape: (1302, 1028)
Test Shape: (3254, 1028)
Training Early Fusion Model:
The number of parameters of the model are: 1025
Epoch 1/100 - Validation Loss: 1.3118
Epoch 2/100 - Validation Loss: 1.3072
Epoch 3/100 - Validation Loss: 1.3024
Epoch 4/100 - Validation Loss: 1.2980
Epoch 5/100 - Validation Loss: 1.2935
Epoch 6/100 - Validation Loss: 1.2892
Epoch 7/100 - Validation Loss: 1.2850
Epoch 8/100 - Validation Loss: 1.2808
Epoch 9/100 - Validation Loss: 1.2764
Epoch 10/100 - Validation Loss: 1.2724
Epoch 11/100 - Validation Loss: 1.2683
Epoch 12/100 - Validation Loss: 1.2641
Epoch 13/100 - Validation Loss: 1.2602
Epoch 14/100 - Validation Loss: 1.2565
Epoch 15/100 - Validation Loss: 1.2531
Epoch 16/100 - Validation Loss: 1.2488
Epoch 17/100 - Validation Loss: 1.2450
Epoch 18/100 - Validation Loss: 1.2416
Epoch 19/100 - Validation Loss: 1.2380
Epoch 20/100 - Validation Loss: 1.2341
Epoch 21/100 - Validation Loss: 1.2310
Epoch 22/100 - Validation Loss: 1.2274
Epoch 23/100 - Validation Loss: 1.2239
Epoch 24/100 - Validation Loss: 1.2209
Epoch 25/100 - Validation Loss: 1.2175
Epoch 26/100 - Validation Loss: 1.2140
Epoch 27/100 - Validation Loss: 1.2109
Epoch 28/100 - Validation Loss: 1.2075
Epoch 29/100 - Validation Loss: 1.2045
Epoch 30/100 - Validation Loss: 1.2015
Epoch 31/100 - Validation Loss: 1.1984
Epoch 32/100 - Validation Loss: 1.1951
Epoch 33/100 - Validation Loss: 1.1920
Epoch 34/100 - Validation Loss: 1.1890
Epoch 35/100 - Validation Loss: 1.1861
Epoch 36/100 - Validation Loss: 1.1834
Epoch 37/100 - Validation Loss: 1.1803
Epoch 38/100 - Validation Loss: 1.1772
Epoch 39/100 - Validation Loss: 1.1745
Epoch 40/100 - Validation Loss: 1.1717
Epoch 41/100 - Validation Loss: 1.1691
Epoch 42/100 - Validation Loss: 1.1662
Epoch 43/100 - Validation Loss: 1.1634
Epoch 44/100 - Validation Loss: 1.1606
Epoch 45/100 - Validation Loss: 1.1582
Epoch 46/100 - Validation Loss: 1.1558
Epoch 47/100 - Validation Loss: 1.1530
Epoch 48/100 - Validation Loss: 1.1503
Epoch 49/100 - Validation Loss: 1.1478
Epoch 50/100 - Validation Loss: 1.1458
Epoch 51/100 - Validation Loss: 1.1427
Epoch 52/100 - Validation Loss: 1.1404
Epoch 53/100 - Validation Loss: 1.1383
Epoch 54/100 - Validation Loss: 1.1358
Epoch 55/100 - Validation Loss: 1.1333
Epoch 56/100 - Validation Loss: 1.1310
Epoch 57/100 - Validation Loss: 1.1293
Epoch 58/100 - Validation Loss: 1.1265
Epoch 59/100 - Validation Loss: 1.1242
Epoch 60/100 - Validation Loss: 1.1218
Epoch 61/100 - Validation Loss: 1.1200
Epoch 62/100 - Validation Loss: 1.1183
Epoch 63/100 - Validation Loss: 1.1155
Epoch 64/100 - Validation Loss: 1.1132
Epoch 65/100 - Validation Loss: 1.1116
Epoch 66/100 - Validation Loss: 1.1091
Epoch 67/100 - Validation Loss: 1.1073
Epoch 68/100 - Validation Loss: 1.1049
Epoch 69/100 - Validation Loss: 1.1033
Epoch 70/100 - Validation Loss: 1.1011
Epoch 71/100 - Validation Loss: 1.0993
Epoch 72/100 - Validation Loss: 1.0971
Epoch 73/100 - Validation Loss: 1.0950
Epoch 74/100 - Validation Loss: 1.0933
Epoch 75/100 - Validation Loss: 1.0915
Epoch 76/100 - Validation Loss: 1.0895
Epoch 77/100 - Validation Loss: 1.0877
Epoch 78/100 - Validation Loss: 1.0856
Epoch 79/100 - Validation Loss: 1.0844
Epoch 80/100 - Validation Loss: 1.0821
Epoch 81/100 - Validation Loss: 1.0806
Epoch 82/100 - Validation Loss: 1.0785
Epoch 83/100 - Validation Loss: 1.0768
Epoch 84/100 - Validation Loss: 1.0749
Epoch 85/100 - Validation Loss: 1.0733
Epoch 86/100 - Validation Loss: 1.0716
Epoch 87/100 - Validation Loss: 1.0702
Epoch 88/100 - Validation Loss: 1.0681
Epoch 89/100 - Validation Loss: 1.0666
Epoch 90/100 - Validation Loss: 1.0649
Epoch 91/100 - Validation Loss: 1.0633
Epoch 92/100 - Validation Loss: 1.0614
Epoch 93/100 - Validation Loss: 1.0598
Epoch 94/100 - Validation Loss: 1.0585
Epoch 95/100 - Validation Loss: 1.0566
Epoch 96/100 - Validation Loss: 1.0551
Epoch 97/100 - Validation Loss: 1.0537
Epoch 98/100 - Validation Loss: 1.0519
Epoch 99/100 - Validation Loss: 1.0506
Epoch 100/100 - Validation Loss: 1.0490
Best AUC: 0.8780777263644477
##################################################  Shift 0.6  ##################################################
Subsampling 16266 data points to 5000 for cleaner visualization.

--- Run 1/5 for shift 0.6 ---
Train Shape: (11710, 1028)
Val Shape: (1302, 1028)
Test Shape: (3254, 1028)
Training Early Fusion Model:
The number of parameters of the model are: 1025
Epoch 1/100 - Validation Loss: 1.3945
Epoch 2/100 - Validation Loss: 1.3897
Epoch 3/100 - Validation Loss: 1.3846
Epoch 4/100 - Validation Loss: 1.3811
Epoch 5/100 - Validation Loss: 1.3772
Epoch 6/100 - Validation Loss: 1.3718
Epoch 7/100 - Validation Loss: 1.3671
Epoch 8/100 - Validation Loss: 1.3645
Epoch 9/100 - Validation Loss: 1.3587
Epoch 10/100 - Validation Loss: 1.3545
Epoch 11/100 - Validation Loss: 1.3505
Epoch 12/100 - Validation Loss: 1.3457
Epoch 13/100 - Validation Loss: 1.3409
Epoch 14/100 - Validation Loss: 1.3380
Epoch 15/100 - Validation Loss: 1.3348
Epoch 16/100 - Validation Loss: 1.3299
Epoch 17/100 - Validation Loss: 1.3263
Epoch 18/100 - Validation Loss: 1.3216
Epoch 19/100 - Validation Loss: 1.3180
Epoch 20/100 - Validation Loss: 1.3134
Epoch 21/100 - Validation Loss: 1.3114
Epoch 22/100 - Validation Loss: 1.3064
Epoch 23/100 - Validation Loss: 1.3026
Epoch 24/100 - Validation Loss: 1.2980
Epoch 25/100 - Validation Loss: 1.2956
Epoch 26/100 - Validation Loss: 1.2908
Epoch 27/100 - Validation Loss: 1.2885
Epoch 28/100 - Validation Loss: 1.2855
Epoch 29/100 - Validation Loss: 1.2805
Epoch 30/100 - Validation Loss: 1.2777
Epoch 31/100 - Validation Loss: 1.2738
Epoch 32/100 - Validation Loss: 1.2712
Epoch 33/100 - Validation Loss: 1.2677
Epoch 34/100 - Validation Loss: 1.2644
Epoch 35/100 - Validation Loss: 1.2615
Epoch 36/100 - Validation Loss: 1.2575
Epoch 37/100 - Validation Loss: 1.2547
Epoch 38/100 - Validation Loss: 1.2509
Epoch 39/100 - Validation Loss: 1.2479
Epoch 40/100 - Validation Loss: 1.2448
Epoch 41/100 - Validation Loss: 1.2420
Epoch 42/100 - Validation Loss: 1.2390
Epoch 43/100 - Validation Loss: 1.2359
Epoch 44/100 - Validation Loss: 1.2327
Epoch 45/100 - Validation Loss: 1.2297
Epoch 46/100 - Validation Loss: 1.2265
Epoch 47/100 - Validation Loss: 1.2237
Epoch 48/100 - Validation Loss: 1.2220
Epoch 49/100 - Validation Loss: 1.2181
Epoch 50/100 - Validation Loss: 1.2149
Epoch 51/100 - Validation Loss: 1.2124
Epoch 52/100 - Validation Loss: 1.2095
Epoch 53/100 - Validation Loss: 1.2073
Epoch 54/100 - Validation Loss: 1.2041
Epoch 55/100 - Validation Loss: 1.2005
Epoch 56/100 - Validation Loss: 1.2002
Epoch 57/100 - Validation Loss: 1.1967
Epoch 58/100 - Validation Loss: 1.1944
Epoch 59/100 - Validation Loss: 1.1915
Epoch 60/100 - Validation Loss: 1.1884
Epoch 61/100 - Validation Loss: 1.1853
Epoch 62/100 - Validation Loss: 1.1847
Epoch 63/100 - Validation Loss: 1.1809
Epoch 64/100 - Validation Loss: 1.1792
Epoch 65/100 - Validation Loss: 1.1773
Epoch 66/100 - Validation Loss: 1.1744
Epoch 67/100 - Validation Loss: 1.1714
Epoch 68/100 - Validation Loss: 1.1689
Epoch 69/100 - Validation Loss: 1.1670
Epoch 70/100 - Validation Loss: 1.1640
Epoch 71/100 - Validation Loss: 1.1621
Epoch 72/100 - Validation Loss: 1.1604
Epoch 73/100 - Validation Loss: 1.1577
Epoch 74/100 - Validation Loss: 1.1558
Epoch 75/100 - Validation Loss: 1.1532
Epoch 76/100 - Validation Loss: 1.1509
Epoch 77/100 - Validation Loss: 1.1490
Epoch 78/100 - Validation Loss: 1.1476
Epoch 79/100 - Validation Loss: 1.1442
Epoch 80/100 - Validation Loss: 1.1415
Epoch 81/100 - Validation Loss: 1.1402
Epoch 82/100 - Validation Loss: 1.1394
Epoch 83/100 - Validation Loss: 1.1358
Epoch 84/100 - Validation Loss: 1.1343
Epoch 85/100 - Validation Loss: 1.1316
Epoch 86/100 - Validation Loss: 1.1306
Epoch 87/100 - Validation Loss: 1.1284
Epoch 88/100 - Validation Loss: 1.1257
Epoch 89/100 - Validation Loss: 1.1239
Epoch 90/100 - Validation Loss: 1.1224
Epoch 91/100 - Validation Loss: 1.1203
Epoch 92/100 - Validation Loss: 1.1178
Epoch 93/100 - Validation Loss: 1.1162
Epoch 94/100 - Validation Loss: 1.1149
Epoch 95/100 - Validation Loss: 1.1123
Epoch 96/100 - Validation Loss: 1.1107
Epoch 97/100 - Validation Loss: 1.1084
Epoch 98/100 - Validation Loss: 1.1066
Epoch 99/100 - Validation Loss: 1.1058
Epoch 100/100 - Validation Loss: 1.1028
Best AUC: 0.8774563016977821

--- Run 2/5 for shift 0.6 ---
Train Shape: (11710, 1028)
Val Shape: (1302, 1028)
Test Shape: (3254, 1028)
Training Early Fusion Model:
The number of parameters of the model are: 1025
Epoch 1/100 - Validation Loss: 1.3604
Epoch 2/100 - Validation Loss: 1.3540
Epoch 3/100 - Validation Loss: 1.3495
Epoch 4/100 - Validation Loss: 1.3446
Epoch 5/100 - Validation Loss: 1.3398
Epoch 6/100 - Validation Loss: 1.3350
Epoch 7/100 - Validation Loss: 1.3306
Epoch 8/100 - Validation Loss: 1.3267
Epoch 9/100 - Validation Loss: 1.3224
Epoch 10/100 - Validation Loss: 1.3184
Epoch 11/100 - Validation Loss: 1.3133
Epoch 12/100 - Validation Loss: 1.3091
Epoch 13/100 - Validation Loss: 1.3052
Epoch 14/100 - Validation Loss: 1.3021
Epoch 15/100 - Validation Loss: 1.2971
Epoch 16/100 - Validation Loss: 1.2936
Epoch 17/100 - Validation Loss: 1.2902
Epoch 18/100 - Validation Loss: 1.2851
Epoch 19/100 - Validation Loss: 1.2819
Epoch 20/100 - Validation Loss: 1.2785
Epoch 21/100 - Validation Loss: 1.2746
Epoch 22/100 - Validation Loss: 1.2716
Epoch 23/100 - Validation Loss: 1.2671
Epoch 24/100 - Validation Loss: 1.2645
Epoch 25/100 - Validation Loss: 1.2604
Epoch 26/100 - Validation Loss: 1.2571
Epoch 27/100 - Validation Loss: 1.2535
Epoch 28/100 - Validation Loss: 1.2501
Epoch 29/100 - Validation Loss: 1.2466
Epoch 30/100 - Validation Loss: 1.2433
Epoch 31/100 - Validation Loss: 1.2398
Epoch 32/100 - Validation Loss: 1.2372
Epoch 33/100 - Validation Loss: 1.2335
Epoch 34/100 - Validation Loss: 1.2311
Epoch 35/100 - Validation Loss: 1.2273
Epoch 36/100 - Validation Loss: 1.2234
Epoch 37/100 - Validation Loss: 1.2217
Epoch 38/100 - Validation Loss: 1.2179
Epoch 39/100 - Validation Loss: 1.2150
Epoch 40/100 - Validation Loss: 1.2120
Epoch 41/100 - Validation Loss: 1.2089
Epoch 42/100 - Validation Loss: 1.2071
Epoch 43/100 - Validation Loss: 1.2029
Epoch 44/100 - Validation Loss: 1.2008
Epoch 45/100 - Validation Loss: 1.1970
Epoch 46/100 - Validation Loss: 1.1948
Epoch 47/100 - Validation Loss: 1.1923
Epoch 48/100 - Validation Loss: 1.1893
Epoch 49/100 - Validation Loss: 1.1866
Epoch 50/100 - Validation Loss: 1.1833
Epoch 51/100 - Validation Loss: 1.1815
Epoch 52/100 - Validation Loss: 1.1770
Epoch 53/100 - Validation Loss: 1.1752
Epoch 54/100 - Validation Loss: 1.1732
Epoch 55/100 - Validation Loss: 1.1708
Epoch 56/100 - Validation Loss: 1.1680
Epoch 57/100 - Validation Loss: 1.1659
Epoch 58/100 - Validation Loss: 1.1627
Epoch 59/100 - Validation Loss: 1.1604
Epoch 60/100 - Validation Loss: 1.1582
Epoch 61/100 - Validation Loss: 1.1563
Epoch 62/100 - Validation Loss: 1.1541
Epoch 63/100 - Validation Loss: 1.1514
Epoch 64/100 - Validation Loss: 1.1478
Epoch 65/100 - Validation Loss: 1.1460
Epoch 66/100 - Validation Loss: 1.1435
Epoch 67/100 - Validation Loss: 1.1419
Epoch 68/100 - Validation Loss: 1.1390
Epoch 69/100 - Validation Loss: 1.1375
Epoch 70/100 - Validation Loss: 1.1349
Epoch 71/100 - Validation Loss: 1.1321
Epoch 72/100 - Validation Loss: 1.1302
Epoch 73/100 - Validation Loss: 1.1280
Epoch 74/100 - Validation Loss: 1.1269
Epoch 75/100 - Validation Loss: 1.1229
Epoch 76/100 - Validation Loss: 1.1219
Epoch 77/100 - Validation Loss: 1.1197
Epoch 78/100 - Validation Loss: 1.1167
Epoch 79/100 - Validation Loss: 1.1155
Epoch 80/100 - Validation Loss: 1.1126
Epoch 81/100 - Validation Loss: 1.1110
Epoch 82/100 - Validation Loss: 1.1097
Epoch 83/100 - Validation Loss: 1.1073
Epoch 84/100 - Validation Loss: 1.1041
Epoch 85/100 - Validation Loss: 1.1031
Epoch 86/100 - Validation Loss: 1.1009
Epoch 87/100 - Validation Loss: 1.0995
Epoch 88/100 - Validation Loss: 1.0966
Epoch 89/100 - Validation Loss: 1.0955
Epoch 90/100 - Validation Loss: 1.0928
Epoch 91/100 - Validation Loss: 1.0907
Epoch 92/100 - Validation Loss: 1.0893
Epoch 93/100 - Validation Loss: 1.0872
Epoch 94/100 - Validation Loss: 1.0858
Epoch 95/100 - Validation Loss: 1.0836
Epoch 96/100 - Validation Loss: 1.0816
Epoch 97/100 - Validation Loss: 1.0797
Epoch 98/100 - Validation Loss: 1.0784
Epoch 99/100 - Validation Loss: 1.0760
Epoch 100/100 - Validation Loss: 1.0745
Best AUC: 0.8781213351129856

--- Run 3/5 for shift 0.6 ---
Train Shape: (11710, 1028)
Val Shape: (1302, 1028)
Test Shape: (3254, 1028)
Training Early Fusion Model:
The number of parameters of the model are: 1025
Epoch 1/100 - Validation Loss: 1.2781
Epoch 2/100 - Validation Loss: 1.2732
Epoch 3/100 - Validation Loss: 1.2684
Epoch 4/100 - Validation Loss: 1.2641
Epoch 5/100 - Validation Loss: 1.2594
Epoch 6/100 - Validation Loss: 1.2549
Epoch 7/100 - Validation Loss: 1.2504
Epoch 8/100 - Validation Loss: 1.2461
Epoch 9/100 - Validation Loss: 1.2419
Epoch 10/100 - Validation Loss: 1.2377
Epoch 11/100 - Validation Loss: 1.2338
Epoch 12/100 - Validation Loss: 1.2294
Epoch 13/100 - Validation Loss: 1.2255
Epoch 14/100 - Validation Loss: 1.2213
Epoch 15/100 - Validation Loss: 1.2176
Epoch 16/100 - Validation Loss: 1.2136
Epoch 17/100 - Validation Loss: 1.2098
Epoch 18/100 - Validation Loss: 1.2060
Epoch 19/100 - Validation Loss: 1.2023
Epoch 20/100 - Validation Loss: 1.1984
Epoch 21/100 - Validation Loss: 1.1951
Epoch 22/100 - Validation Loss: 1.1913
Epoch 23/100 - Validation Loss: 1.1877
Epoch 24/100 - Validation Loss: 1.1842
Epoch 25/100 - Validation Loss: 1.1809
Epoch 26/100 - Validation Loss: 1.1775
Epoch 27/100 - Validation Loss: 1.1740
Epoch 28/100 - Validation Loss: 1.1707
Epoch 29/100 - Validation Loss: 1.1675
Epoch 30/100 - Validation Loss: 1.1641
Epoch 31/100 - Validation Loss: 1.1609
Epoch 32/100 - Validation Loss: 1.1578
Epoch 33/100 - Validation Loss: 1.1545
Epoch 34/100 - Validation Loss: 1.1515
Epoch 35/100 - Validation Loss: 1.1485
Epoch 36/100 - Validation Loss: 1.1454
Epoch 37/100 - Validation Loss: 1.1425
Epoch 38/100 - Validation Loss: 1.1394
Epoch 39/100 - Validation Loss: 1.1365
Epoch 40/100 - Validation Loss: 1.1336
Epoch 41/100 - Validation Loss: 1.1307
Epoch 42/100 - Validation Loss: 1.1280
Epoch 43/100 - Validation Loss: 1.1250
Epoch 44/100 - Validation Loss: 1.1224
Epoch 45/100 - Validation Loss: 1.1196
Epoch 46/100 - Validation Loss: 1.1168
Epoch 47/100 - Validation Loss: 1.1142
Epoch 48/100 - Validation Loss: 1.1114
Epoch 49/100 - Validation Loss: 1.1088
Epoch 50/100 - Validation Loss: 1.1062
Epoch 51/100 - Validation Loss: 1.1036
Epoch 52/100 - Validation Loss: 1.1012
Epoch 53/100 - Validation Loss: 1.0985
Epoch 54/100 - Validation Loss: 1.0960
Epoch 55/100 - Validation Loss: 1.0935
Epoch 56/100 - Validation Loss: 1.0910
Epoch 57/100 - Validation Loss: 1.0886
Epoch 58/100 - Validation Loss: 1.0861
Epoch 59/100 - Validation Loss: 1.0839
Epoch 60/100 - Validation Loss: 1.0814
Epoch 61/100 - Validation Loss: 1.0790
Epoch 62/100 - Validation Loss: 1.0767
Epoch 63/100 - Validation Loss: 1.0745
Epoch 64/100 - Validation Loss: 1.0721
Epoch 65/100 - Validation Loss: 1.0698
Epoch 66/100 - Validation Loss: 1.0675
Epoch 67/100 - Validation Loss: 1.0653
Epoch 68/100 - Validation Loss: 1.0631
Epoch 69/100 - Validation Loss: 1.0609
Epoch 70/100 - Validation Loss: 1.0587
Epoch 71/100 - Validation Loss: 1.0565
Epoch 72/100 - Validation Loss: 1.0544
Epoch 73/100 - Validation Loss: 1.0523
Epoch 74/100 - Validation Loss: 1.0502
Epoch 75/100 - Validation Loss: 1.0482
Epoch 76/100 - Validation Loss: 1.0461
Epoch 77/100 - Validation Loss: 1.0442
Epoch 78/100 - Validation Loss: 1.0420
Epoch 79/100 - Validation Loss: 1.0401
Epoch 80/100 - Validation Loss: 1.0380
Epoch 81/100 - Validation Loss: 1.0360
Epoch 82/100 - Validation Loss: 1.0342
Epoch 83/100 - Validation Loss: 1.0322
Epoch 84/100 - Validation Loss: 1.0302
Epoch 85/100 - Validation Loss: 1.0284
Epoch 86/100 - Validation Loss: 1.0264
Epoch 87/100 - Validation Loss: 1.0246
Epoch 88/100 - Validation Loss: 1.0228
Epoch 89/100 - Validation Loss: 1.0210
Epoch 90/100 - Validation Loss: 1.0191
Epoch 91/100 - Validation Loss: 1.0173
Epoch 92/100 - Validation Loss: 1.0155
Epoch 93/100 - Validation Loss: 1.0137
Epoch 94/100 - Validation Loss: 1.0119
Epoch 95/100 - Validation Loss: 1.0102
Epoch 96/100 - Validation Loss: 1.0084
Epoch 97/100 - Validation Loss: 1.0067
Epoch 98/100 - Validation Loss: 1.0050
Epoch 99/100 - Validation Loss: 1.0033
Epoch 100/100 - Validation Loss: 1.0016
Best AUC: 0.8782661784563438

--- Run 4/5 for shift 0.6 ---
Train Shape: (11710, 1028)
Val Shape: (1302, 1028)
Test Shape: (3254, 1028)
Training Early Fusion Model:
The number of parameters of the model are: 1025
